ledger_id,year,record_type,primary_theme,professional_relevance,accounting_status,public_detail_status
recovered-0001,2022,video,care-memory-and-relationships,contextual,recovered,aggregate-only
recovered-0002,2022,photo,everyday-life-and-observation,contextual,recovered,aggregate-only
recovered-0003,2020,video,civic-and-public-interest-work,practice-related,recovered,aggregate-only
recovered-0004,2020,media-or-text-unavailable,media-only-or-text-unavailable,contextual,recovered,aggregate-only
recovered-0005,2020,shared-story,care-memory-and-relationships,contextual,recovered,aggregate-only
recovered-0006,2020,media-or-text-unavailable,media-only-or-text-unavailable,contextual,recovered,aggregate-only
recovered-0007,2020,photo,civic-and-public-interest-work,practice-related,recovered,aggregate-only
recovered-0008,2020,shared-story,care-memory-and-relationships,contextual,recovered,aggregate-only
recovered-0009,2020,shared-story,everyday-life-and-observation,contextual,recovered,aggregate-only
recovered-0010,2020,video,culture-art-and-performance,contextual,recovered,aggregate-only
recovered-0011,2020,shared-story,culture-art-and-performance,contextual,recovered,aggregate-only
recovered-0012,2020,shared-story,everyday-life-and-observation,contextual,recovered,aggregate-only
recovered-0013,2020,external-link,everyday-life-and-observation,contextual,recovered,aggregate-only
recovered-0014,2020,shared-story,community-and-hospitality,project-specific,recovered,aggregate-only
recovered-0015,2020,photo,culture-art-and-performance,contextual,recovered,aggregate-only
recovered-0016,2020,text,everyday-life-and-observation,contextual,recovered,aggregate-only
recovered-0017,2020,media-or-text-unavailable,media-only-or-text-unavailable,contextual,recovered,aggregate-only
recovered-0018,2020,video,everyday-life-and-observation,contextual,recovered,aggregate-only
recovered-0019,2020,shared-story,care-memory-and-relationships,contextual,recovered,aggregate-only
recovered-0020,2020,text,care-memory-and-relationships,contextual,recovered,aggregate-only
recovered-0021,2020,shared-story,care-memory-and-relationships,contextual,recovered,aggregate-only
recovered-0022,2019,text,everyday-life-and-observation,contextual,recovered,aggregate-only
recovered-0023,2019,photo,everyday-life-and-observation,contextual,recovered,aggregate-only
recovered-0024,2019,text,care-memory-and-relationships,contextual,recovered,aggregate-only
recovered-0025,2019,photo,everyday-life-and-observation,contextual,recovered,aggregate-only
recovered-0026,2019,text,everyday-life-and-observation,contextual,recovered,aggregate-only
recovered-0027,2019,shared-story,media-only-or-text-unavailable,contextual,recovered,aggregate-only
recovered-0028,2019,photo,community-and-hospitality,project-specific,recovered,aggregate-only
recovered-0029,2019,shared-story,care-memory-and-relationships,contextual,recovered,aggregate-only
recovered-0030,2019,shared-story,culture-art-and-performance,contextual,recovered,aggregate-only
recovered-0031,2019,shared-story,everyday-life-and-observation,contextual,recovered,aggregate-only
recovered-0032,2019,text,everyday-life-and-observation,contextual,recovered,aggregate-only
recovered-0033,2019,shared-story,care-memory-and-relationships,contextual,recovered,aggregate-only
recovered-0034,2019,shared-story,civic-and-public-interest-work,project-specific,recovered,aggregate-only
recovered-0035,2019,shared-story,media-only-or-text-unavailable,contextual,recovered,aggregate-only
recovered-0036,2019,shared-story,waterways-place-and-ecology,practice-related,recovered,aggregate-only
recovered-0037,2019,photo-album,care-memory-and-relationships,contextual,recovered,aggregate-only
recovered-0038,2019,photo,everyday-life-and-observation,contextual,recovered,aggregate-only
recovered-0039,2019,shared-story,everyday-life-and-observation,contextual,recovered,aggregate-only
recovered-0040,2019,shared-story,everyday-life-and-observation,contextual,recovered,aggregate-only
recovered-0041,2019,video,community-and-hospitality,practice-related,recovered,aggregate-only
recovered-0042,2019,photo,civic-and-public-interest-work,project-specific,recovered,aggregate-only
recovered-0043,2019,photo,civic-and-public-interest-work,project-specific,recovered,aggregate-only
recovered-0044,2019,external-link,culture-art-and-performance,contextual,recovered,aggregate-only
recovered-0045,2019,event,everyday-life-and-observation,contextual,recovered,aggregate-only
recovered-0046,2019,video,media-only-or-text-unavailable,contextual,recovered,aggregate-only
recovered-0047,2019,video,media-only-or-text-unavailable,contextual,recovered,aggregate-only
recovered-0048,2019,photo,media-only-or-text-unavailable,contextual,recovered,aggregate-only
recovered-0049,2019,event,everyday-life-and-observation,contextual,recovered,aggregate-only
recovered-0050,2019,event,civic-and-public-interest-work,project-specific,recovered,aggregate-only
recovered-0051,2019,video,media-only-or-text-unavailable,contextual,recovered,aggregate-only
recovered-0052,2019,video,media-only-or-text-unavailable,contextual,recovered,aggregate-only
recovered-0053,2019,photo,media-only-or-text-unavailable,contextual,recovered,aggregate-only
recovered-0054,2019,shared-story,civic-and-public-interest-work,project-specific,recovered,aggregate-only
recovered-0055,2019,event,everyday-life-and-observation,contextual,recovered,aggregate-only
recovered-0056,2019,event,civic-and-public-interest-work,project-specific,recovered,aggregate-only
recovered-0057,2019,video,civic-and-public-interest-work,practice-related,recovered,aggregate-only
recovered-0058,2019,event,civic-and-public-interest-work,project-specific,recovered,aggregate-only
recovered-0059,2019,event,civic-and-public-interest-work,project-specific,recovered,aggregate-only
recovered-0060,2019,text,care-memory-and-relationships,contextual,recovered,aggregate-only
recovered-0061,2019,shared-story,everyday-life-and-observation,contextual,recovered,aggregate-only
recovered-0062,2019,shared-story,culture-art-and-performance,contextual,recovered,aggregate-only
recovered-0063,2019,shared-story,culture-art-and-performance,contextual,recovered,aggregate-only
recovered-0064,2018,photo,culture-art-and-performance,contextual,recovered,aggregate-only
recovered-0065,2018,shared-story,civic-and-public-interest-work,practice-related,recovered,aggregate-only
recovered-0066,2018,shared-story,civic-and-public-interest-work,practice-related,recovered,aggregate-only
recovered-0067,2018,event,civic-and-public-interest-work,project-specific,recovered,aggregate-only
recovered-0068,2018,video,everyday-life-and-observation,contextual,recovered,aggregate-only
recovered-0069,2018,external-link,civic-and-public-interest-work,project-specific,recovered,aggregate-only
recovered-0070,2018,video,civic-and-public-interest-work,project-specific,recovered,aggregate-only
recovered-0071,2018,shared-story,community-and-hospitality,project-specific,recovered,aggregate-only
recovered-0072,2018,shared-story,culture-art-and-performance,contextual,recovered,aggregate-only
recovered-0073,2018,media-or-text-unavailable,media-only-or-text-unavailable,contextual,recovered,aggregate-only
recovered-0074,2018,event,civic-and-public-interest-work,project-specific,recovered,aggregate-only
recovered-0075,2018,video,care-memory-and-relationships,contextual,recovered,aggregate-only
recovered-0076,2018,event,everyday-life-and-observation,contextual,recovered,aggregate-only
recovered-0077,2018,event,civic-and-public-interest-work,project-specific,recovered,aggregate-only
recovered-0078,2018,event,media-only-or-text-unavailable,contextual,recovered,aggregate-only
recovered-0079,2018,event,civic-and-public-interest-work,project-specific,recovered,aggregate-only
recovered-0080,2018,event,civic-and-public-interest-work,project-specific,recovered,aggregate-only
recovered-0081,2018,event,everyday-life-and-observation,contextual,recovered,aggregate-only
recovered-0082,2018,shared-story,everyday-life-and-observation,contextual,recovered,aggregate-only
recovered-0083,2018,shared-story,everyday-life-and-observation,contextual,recovered,aggregate-only
recovered-0084,2018,photo-album,care-memory-and-relationships,contextual,recovered,aggregate-only
recovered-0085,2018,event,media-only-or-text-unavailable,contextual,recovered,aggregate-only
recovered-0086,2018,photo,culture-art-and-performance,contextual,recovered,aggregate-only
recovered-0087,2018,video,civic-and-public-interest-work,practice-related,recovered,aggregate-only
recovered-0088,2018,photo,civic-and-public-interest-work,practice-related,recovered,aggregate-only
recovered-0089,2018,event,community-and-hospitality,practice-related,recovered,aggregate-only
recovered-0090,2018,text,everyday-life-and-observation,contextual,recovered,aggregate-only
recovered-0091,2017,shared-story,civic-and-public-interest-work,practice-related,recovered,aggregate-only
recovered-0092,2017,photo-album,civic-and-public-interest-work,project-specific,recovered,aggregate-only
recovered-0093,2017,video,civic-and-public-interest-work,project-specific,recovered,aggregate-only
recovered-0094,2017,photo,community-and-hospitality,project-specific,recovered,aggregate-only
recovered-0095,2017,shared-story,culture-art-and-performance,contextual,recovered,aggregate-only
recovered-0096,2017,shared-story,culture-art-and-performance,contextual,recovered,aggregate-only
recovered-0097,2017,external-link,culture-art-and-performance,contextual,recovered,aggregate-only
recovered-0098,2017,shared-story,culture-art-and-performance,project-specific,recovered,aggregate-only
recovered-0099,2017,shared-story,care-memory-and-relationships,contextual,recovered,aggregate-only
recovered-0100,2017,photo,everyday-life-and-observation,contextual,recovered,aggregate-only
recovered-0101,2017,photo-album,civic-and-public-interest-work,project-specific,recovered,aggregate-only
recovered-0102,2017,shared-story,everyday-life-and-observation,contextual,recovered,aggregate-only
recovered-0103,2017,shared-story,civic-and-public-interest-work,project-specific,recovered,aggregate-only
recovered-0104,2017,event,civic-and-public-interest-work,project-specific,recovered,aggregate-only
recovered-0105,2017,shared-story,everyday-life-and-observation,contextual,recovered,aggregate-only
recovered-0106,2017,photo,care-memory-and-relationships,contextual,recovered,aggregate-only
recovered-0107,2017,shared-story,civic-and-public-interest-work,project-specific,recovered,aggregate-only
recovered-0108,2017,photo,culture-art-and-performance,contextual,recovered,aggregate-only
recovered-0109,2017,event,civic-and-public-interest-work,project-specific,recovered,aggregate-only
recovered-0110,2017,photo,civic-and-public-interest-work,practice-related,recovered,aggregate-only
recovered-0111,2017,shared-story,culture-art-and-performance,contextual,recovered,aggregate-only
recovered-0112,2017,photo,civic-and-public-interest-work,project-specific,recovered,aggregate-only
recovered-0113,2017,photo-album,everyday-life-and-observation,contextual,recovered,aggregate-only
recovered-0114,2017,shared-story,media-only-or-text-unavailable,contextual,recovered,aggregate-only
recovered-0115,2017,text,everyday-life-and-observation,contextual,recovered,aggregate-only
recovered-0116,2017,shared-story,civic-and-public-interest-work,project-specific,recovered,aggregate-only
recovered-0117,2017,event,civic-and-public-interest-work,project-specific,recovered,aggregate-only
recovered-0118,2017,photo,everyday-life-and-observation,contextual,recovered,aggregate-only
recovered-0119,2017,shared-story,civic-and-public-interest-work,project-specific,recovered,aggregate-only
recovered-0120,2017,shared-story,civic-and-public-interest-work,project-specific,recovered,aggregate-only
recovered-0121,2017,photo,care-memory-and-relationships,contextual,recovered,aggregate-only
recovered-0122,2017,event,civic-and-public-interest-work,project-specific,recovered,aggregate-only
recovered-0123,2017,external-link,culture-art-and-performance,contextual,recovered,aggregate-only
recovered-0124,2017,event,culture-art-and-performance,contextual,recovered,aggregate-only
recovered-0125,2017,photo-album,civic-and-public-interest-work,project-specific,recovered,aggregate-only
recovered-0126,2017,photo,care-memory-and-relationships,contextual,recovered,aggregate-only
recovered-0127,2017,video,everyday-life-and-observation,contextual,recovered,aggregate-only
recovered-0128,2017,video,civic-and-public-interest-work,practice-related,recovered,aggregate-only
recovered-0129,2017,shared-story,civic-and-public-interest-work,project-specific,recovered,aggregate-only
recovered-0130,2017,shared-story,culture-art-and-performance,contextual,recovered,aggregate-only
recovered-0131,2017,shared-story,everyday-life-and-observation,contextual,recovered,aggregate-only
recovered-0132,2017,shared-story,everyday-life-and-observation,contextual,recovered,aggregate-only
recovered-0133,2017,event,culture-art-and-performance,contextual,recovered,aggregate-only
recovered-0134,2017,photo,everyday-life-and-observation,contextual,recovered,aggregate-only
recovered-0135,2017,shared-story,civic-and-public-interest-work,project-specific,recovered,aggregate-only
recovered-0136,2017,video,civic-and-public-interest-work,project-specific,recovered,aggregate-only
recovered-0137,2017,external-link,civic-and-public-interest-work,project-specific,recovered,aggregate-only
recovered-0138,2017,video,civic-and-public-interest-work,project-specific,recovered,aggregate-only
recovered-0139,2017,event,civic-and-public-interest-work,practice-related,recovered,aggregate-only
recovered-0140,2017,shared-story,culture-art-and-performance,contextual,recovered,aggregate-only
recovered-0141,2017,text,everyday-life-and-observation,contextual,recovered,aggregate-only
recovered-0142,2017,photo,everyday-life-and-observation,contextual,recovered,aggregate-only
recovered-0143,2017,shared-story,civic-and-public-interest-work,practice-related,recovered,aggregate-only
recovered-0144,2017,text,everyday-life-and-observation,contextual,recovered,aggregate-only
recovered-0145,2017,event,civic-and-public-interest-work,project-specific,recovered,aggregate-only
recovered-0146,2017,shared-story,civic-and-public-interest-work,project-specific,recovered,aggregate-only
recovered-0147,2017,photo,civic-and-public-interest-work,project-specific,recovered,aggregate-only
recovered-0148,2017,video,community-and-hospitality,project-specific,recovered,aggregate-only
recovered-0149,2017,photo,community-and-hospitality,project-specific,recovered,aggregate-only
recovered-0150,2017,video,culture-art-and-performance,contextual,recovered,aggregate-only
recovered-0151,2017,event,civic-and-public-interest-work,project-specific,recovered,aggregate-only
recovered-0152,2017,shared-story,culture-art-and-performance,contextual,recovered,aggregate-only
recovered-0153,2017,external-link,civic-and-public-interest-work,practice-related,recovered,aggregate-only
recovered-0154,2017,text,everyday-life-and-observation,contextual,recovered,aggregate-only
recovered-0155,2017,text,everyday-life-and-observation,contextual,recovered,aggregate-only
recovered-0156,2017,event,civic-and-public-interest-work,project-specific,recovered,aggregate-only
recovered-0157,2017,event,culture-art-and-performance,contextual,recovered,aggregate-only
recovered-0158,2017,event,everyday-life-and-observation,contextual,recovered,aggregate-only
recovered-0159,2017,event,civic-and-public-interest-work,project-specific,recovered,aggregate-only
recovered-0160,2017,photo,civic-and-public-interest-work,project-specific,recovered,aggregate-only
recovered-0161,2017,shared-story,culture-art-and-performance,contextual,recovered,aggregate-only
recovered-0162,2017,shared-story,civic-and-public-interest-work,project-specific,recovered,aggregate-only
recovered-0163,2017,shared-story,everyday-life-and-observation,project-specific,recovered,aggregate-only
recovered-0164,2017,shared-story,everyday-life-and-observation,contextual,recovered,aggregate-only
recovered-0165,2017,shared-story,media-only-or-text-unavailable,contextual,recovered,aggregate-only
recovered-0166,2017,event,civic-and-public-interest-work,project-specific,recovered,aggregate-only
recovered-0167,2017,shared-story,everyday-life-and-observation,contextual,recovered,aggregate-only
recovered-0168,2017,shared-story,everyday-life-and-observation,contextual,recovered,aggregate-only
recovered-0169,2017,event,civic-and-public-interest-work,project-specific,recovered,aggregate-only
recovered-0170,2017,event,civic-and-public-interest-work,project-specific,recovered,aggregate-only
recovered-0171,2017,shared-story,media-only-or-text-unavailable,contextual,recovered,aggregate-only
recovered-0172,2017,event,culture-art-and-performance,contextual,recovered,aggregate-only
recovered-0173,2017,shared-story,everyday-life-and-observation,contextual,recovered,aggregate-only
recovered-0174,2017,photo,culture-art-and-performance,contextual,recovered,aggregate-only
recovered-0175,2017,shared-story,culture-art-and-performance,contextual,recovered,aggregate-only
recovered-0176,2017,shared-story,civic-and-public-interest-work,project-specific,recovered,aggregate-only
recovered-0177,2017,shared-story,civic-and-public-interest-work,project-specific,recovered,aggregate-only
recovered-0178,2017,shared-story,care-memory-and-relationships,contextual,recovered,aggregate-only
recovered-0179,2017,text,everyday-life-and-observation,contextual,recovered,aggregate-only
recovered-0180,2017,shared-story,civic-and-public-interest-work,project-specific,recovered,aggregate-only
recovered-0181,2017,shared-story,everyday-life-and-observation,contextual,recovered,aggregate-only
recovered-0182,2017,text,care-memory-and-relationships,contextual,recovered,aggregate-only
recovered-0183,2017,photo,everyday-life-and-observation,contextual,recovered,aggregate-only
recovered-0184,2017,shared-story,everyday-life-and-observation,contextual,recovered,aggregate-only
recovered-0185,2017,photo,community-and-hospitality,project-specific,recovered,aggregate-only
recovered-0186,2017,event,everyday-life-and-observation,contextual,recovered,aggregate-only
recovered-0187,2017,shared-story,everyday-life-and-observation,contextual,recovered,aggregate-only
recovered-0188,2017,shared-story,civic-and-public-interest-work,practice-related,recovered,aggregate-only
recovered-0189,2017,external-link,culture-art-and-performance,contextual,recovered,aggregate-only
recovered-0190,2017,media-or-text-unavailable,media-only-or-text-unavailable,contextual,recovered,aggregate-only
recovered-0191,2017,shared-story,everyday-life-and-observation,contextual,recovered,aggregate-only
recovered-0192,2017,shared-story,media-only-or-text-unavailable,contextual,recovered,aggregate-only
recovered-0193,2017,shared-story,media-only-or-text-unavailable,contextual,recovered,aggregate-only
recovered-0194,2017,photo,media-only-or-text-unavailable,contextual,recovered,aggregate-only
recovered-0195,2017,shared-story,everyday-life-and-observation,contextual,recovered,aggregate-only
recovered-0196,2017,video,culture-art-and-performance,contextual,recovered,aggregate-only
recovered-0197,2017,shared-story,community-and-hospitality,project-specific,recovered,aggregate-only
recovered-0198,2017,video,culture-art-and-performance,contextual,recovered,aggregate-only
recovered-0199,2017,video,civic-and-public-interest-work,practice-related,recovered,aggregate-only
recovered-0200,2017,external-link,everyday-life-and-observation,contextual,recovered,aggregate-only
recovered-0201,2017,video,everyday-life-and-observation,contextual,recovered,aggregate-only
recovered-0202,2017,text,everyday-life-and-observation,contextual,recovered,aggregate-only
recovered-0203,2017,video,culture-art-and-performance,contextual,recovered,aggregate-only
recovered-0204,2017,text,everyday-life-and-observation,project-specific,recovered,aggregate-only
recovered-0205,2017,shared-story,community-and-hospitality,project-specific,recovered,aggregate-only
recovered-0206,2017,media-or-text-unavailable,media-only-or-text-unavailable,contextual,recovered,aggregate-only
recovered-0207,2017,shared-story,everyday-life-and-observation,contextual,recovered,aggregate-only
recovered-0208,2017,shared-story,culture-art-and-performance,contextual,recovered,aggregate-only
recovered-0209,2016,event,care-memory-and-relationships,contextual,recovered,aggregate-only
recovered-0210,2016,shared-story,everyday-life-and-observation,contextual,recovered,aggregate-only
recovered-0211,2016,photo,media-only-or-text-unavailable,contextual,recovered,aggregate-only
recovered-0212,2016,text,culture-art-and-performance,contextual,recovered,aggregate-only
recovered-0213,2016,shared-story,culture-art-and-performance,contextual,recovered,aggregate-only
recovered-0214,2016,text,civic-and-public-interest-work,practice-related,recovered,aggregate-only
recovered-0215,2016,photo,community-and-hospitality,project-specific,recovered,aggregate-only
recovered-0216,2016,shared-story,culture-art-and-performance,contextual,recovered,aggregate-only
recovered-0217,2016,text,everyday-life-and-observation,contextual,recovered,aggregate-only
recovered-0218,2016,shared-story,everyday-life-and-observation,contextual,recovered,aggregate-only
recovered-0219,2016,text,everyday-life-and-observation,contextual,recovered,aggregate-only
recovered-0220,2016,shared-story,care-memory-and-relationships,contextual,recovered,aggregate-only
recovered-0221,2016,shared-story,culture-art-and-performance,contextual,recovered,aggregate-only
recovered-0222,2016,shared-story,everyday-life-and-observation,contextual,recovered,aggregate-only
recovered-0223,2016,shared-story,culture-art-and-performance,contextual,recovered,aggregate-only
recovered-0224,2016,photo,culture-art-and-performance,contextual,recovered,aggregate-only
recovered-0225,2016,shared-story,community-and-hospitality,practice-related,recovered,aggregate-only
recovered-0226,2016,media-or-text-unavailable,media-only-or-text-unavailable,contextual,recovered,aggregate-only
recovered-0227,2016,shared-story,media-only-or-text-unavailable,contextual,recovered,aggregate-only
recovered-0228,2016,shared-story,everyday-life-and-observation,contextual,recovered,aggregate-only
recovered-0229,2016,text,waterways-place-and-ecology,practice-related,recovered,aggregate-only
recovered-0230,2016,photo,culture-art-and-performance,contextual,recovered,aggregate-only
recovered-0231,2016,photo,culture-art-and-performance,contextual,recovered,aggregate-only
recovered-0232,2016,shared-story,media-only-or-text-unavailable,contextual,recovered,aggregate-only
recovered-0233,2016,video,culture-art-and-performance,contextual,recovered,aggregate-only
recovered-0234,2016,external-link,culture-art-and-performance,contextual,recovered,aggregate-only
recovered-0235,2016,photo,care-memory-and-relationships,contextual,recovered,aggregate-only
recovered-0236,2016,shared-story,media-only-or-text-unavailable,contextual,recovered,aggregate-only
recovered-0237,2016,photo,everyday-life-and-observation,contextual,recovered,aggregate-only
recovered-0238,2016,shared-story,culture-art-and-performance,contextual,recovered,aggregate-only
recovered-0239,2016,shared-story,everyday-life-and-observation,contextual,recovered,aggregate-only
recovered-0240,2016,text,everyday-life-and-observation,contextual,recovered,aggregate-only
recovered-0241,2016,shared-story,culture-art-and-performance,contextual,recovered,aggregate-only
recovered-0242,2016,shared-story,everyday-life-and-observation,contextual,recovered,aggregate-only
recovered-0243,2016,shared-story,everyday-life-and-observation,contextual,recovered,aggregate-only
recovered-0244,2016,shared-story,community-and-hospitality,project-specific,recovered,aggregate-only
recovered-0245,2016,shared-story,everyday-life-and-observation,contextual,recovered,aggregate-only
recovered-0246,2016,shared-story,care-memory-and-relationships,contextual,recovered,aggregate-only
recovered-0247,2016,shared-story,care-memory-and-relationships,contextual,recovered,aggregate-only
recovered-0248,2016,shared-story,culture-art-and-performance,contextual,recovered,aggregate-only
recovered-0249,2016,shared-story,everyday-life-and-observation,contextual,recovered,aggregate-only
recovered-0250,2016,shared-story,everyday-life-and-observation,contextual,recovered,aggregate-only
recovered-0251,2016,text,culture-art-and-performance,contextual,recovered,aggregate-only
recovered-0252,2016,shared-story,community-and-hospitality,project-specific,recovered,aggregate-only
recovered-0253,2016,shared-story,civic-and-public-interest-work,practice-related,recovered,aggregate-only
recovered-0254,2016,shared-story,community-and-hospitality,project-specific,recovered,aggregate-only
recovered-0255,2016,text,everyday-life-and-observation,contextual,recovered,aggregate-only
recovered-0256,2016,shared-story,everyday-life-and-observation,contextual,recovered,aggregate-only
recovered-0257,2016,text,care-memory-and-relationships,contextual,recovered,aggregate-only
recovered-0258,2016,shared-story,community-and-hospitality,project-specific,recovered,aggregate-only
recovered-0259,2016,text,everyday-life-and-observation,contextual,recovered,aggregate-only
recovered-0260,2016,text,waterways-place-and-ecology,practice-related,recovered,aggregate-only
recovered-0261,2016,shared-story,media-only-or-text-unavailable,contextual,recovered,aggregate-only
recovered-0262,2016,event,culture-art-and-performance,contextual,recovered,aggregate-only
recovered-0263,2016,shared-story,culture-art-and-performance,project-specific,recovered,aggregate-only
recovered-0264,2016,shared-story,culture-art-and-performance,project-specific,recovered,aggregate-only
recovered-0265,2016,photo,community-and-hospitality,project-specific,recovered,aggregate-only
recovered-0266,2016,text,everyday-life-and-observation,contextual,recovered,aggregate-only
recovered-0267,2016,text,culture-art-and-performance,contextual,recovered,aggregate-only
recovered-0268,2016,shared-story,everyday-life-and-observation,contextual,recovered,aggregate-only
recovered-0269,2016,text,care-memory-and-relationships,contextual,recovered,aggregate-only
recovered-0270,2016,shared-story,everyday-life-and-observation,contextual,recovered,aggregate-only
recovered-0271,2016,photo,culture-art-and-performance,contextual,recovered,aggregate-only
recovered-0272,2016,photo,community-and-hospitality,project-specific,recovered,aggregate-only
recovered-0273,2016,photo,everyday-life-and-observation,contextual,recovered,aggregate-only
recovered-0274,2016,shared-story,media-only-or-text-unavailable,contextual,recovered,aggregate-only
recovered-0275,2016,shared-story,everyday-life-and-observation,contextual,recovered,aggregate-only
recovered-0276,2016,shared-story,community-and-hospitality,practice-related,recovered,aggregate-only
recovered-0277,2016,photo,everyday-life-and-observation,contextual,recovered,aggregate-only
recovered-0278,2016,external-link,community-and-hospitality,project-specific,recovered,aggregate-only
recovered-0279,2016,photo,everyday-life-and-observation,contextual,recovered,aggregate-only
recovered-0280,2016,text,care-memory-and-relationships,contextual,recovered,aggregate-only
recovered-0281,2016,photo,everyday-life-and-observation,contextual,recovered,aggregate-only
recovered-0282,2016,shared-story,community-and-hospitality,project-specific,recovered,aggregate-only
recovered-0283,2016,event,everyday-life-and-observation,contextual,recovered,aggregate-only
recovered-0284,2016,text,culture-art-and-performance,contextual,recovered,aggregate-only
recovered-0285,2016,photo,everyday-life-and-observation,contextual,recovered,aggregate-only
recovered-0286,2016,event,culture-art-and-performance,contextual,recovered,aggregate-only
recovered-0287,2016,event,everyday-life-and-observation,contextual,recovered,aggregate-only
recovered-0288,2016,photo,everyday-life-and-observation,contextual,recovered,aggregate-only
recovered-0289,2016,shared-story,everyday-life-and-observation,contextual,recovered,aggregate-only
recovered-0290,2016,media-or-text-unavailable,media-only-or-text-unavailable,contextual,recovered,aggregate-only
recovered-0291,2016,shared-story,media-only-or-text-unavailable,contextual,recovered,aggregate-only
recovered-0292,2016,photo,everyday-life-and-observation,contextual,recovered,aggregate-only
recovered-0293,2016,event,everyday-life-and-observation,contextual,recovered,aggregate-only
recovered-0294,2016,event,everyday-life-and-observation,contextual,recovered,aggregate-only
recovered-0295,2016,shared-story,media-only-or-text-unavailable,contextual,recovered,aggregate-only
recovered-0296,2016,shared-story,culture-art-and-performance,contextual,recovered,aggregate-only
recovered-0297,2016,shared-story,everyday-life-and-observation,contextual,recovered,aggregate-only
recovered-0298,2016,photo,everyday-life-and-observation,contextual,recovered,aggregate-only
recovered-0299,2016,shared-story,community-and-hospitality,practice-related,recovered,aggregate-only
recovered-0300,2016,shared-story,community-and-hospitality,project-specific,recovered,aggregate-only
recovered-0301,2016,video,everyday-life-and-observation,contextual,recovered,aggregate-only
recovered-0302,2016,shared-story,everyday-life-and-observation,contextual,recovered,aggregate-only
recovered-0303,2016,external-link,community-and-hospitality,project-specific,recovered,aggregate-only
recovered-0304,2016,shared-story,media-only-or-text-unavailable,contextual,recovered,aggregate-only
recovered-0305,2016,text,civic-and-public-interest-work,practice-related,recovered,aggregate-only
recovered-0306,2016,photo,everyday-life-and-observation,contextual,recovered,aggregate-only
recovered-0307,2016,shared-story,everyday-life-and-observation,contextual,recovered,aggregate-only
recovered-0308,2016,shared-story,everyday-life-and-observation,contextual,recovered,aggregate-only
recovered-0309,2016,shared-story,everyday-life-and-observation,contextual,recovered,aggregate-only
recovered-0310,2016,photo-album,everyday-life-and-observation,contextual,recovered,aggregate-only
recovered-0311,2016,text,civic-and-public-interest-work,practice-related,recovered,aggregate-only
recovered-0312,2016,shared-story,culture-art-and-performance,project-specific,recovered,aggregate-only
recovered-0313,2016,shared-story,community-and-hospitality,project-specific,recovered,aggregate-only
recovered-0314,2016,video,culture-art-and-performance,contextual,recovered,aggregate-only
recovered-0315,2016,photo-album,community-and-hospitality,project-specific,recovered,aggregate-only
recovered-0316,2016,shared-story,media-only-or-text-unavailable,contextual,recovered,aggregate-only
recovered-0317,2016,shared-story,media-only-or-text-unavailable,contextual,recovered,aggregate-only
recovered-0318,2016,shared-story,culture-art-and-performance,contextual,recovered,aggregate-only
recovered-0319,2016,photo,culture-art-and-performance,contextual,recovered,aggregate-only
recovered-0320,2016,external-link,culture-art-and-performance,contextual,recovered,aggregate-only
recovered-0321,2016,shared-story,culture-art-and-performance,contextual,recovered,aggregate-only
recovered-0322,2016,shared-story,everyday-life-and-observation,contextual,recovered,aggregate-only
recovered-0323,2016,shared-story,everyday-life-and-observation,contextual,recovered,aggregate-only
recovered-0324,2016,shared-story,everyday-life-and-observation,contextual,recovered,aggregate-only
recovered-0325,2016,shared-story,community-and-hospitality,project-specific,recovered,aggregate-only
recovered-0326,2016,shared-story,technical-and-digital-practice,practice-related,recovered,aggregate-only
recovered-0327,2016,photo,community-and-hospitality,project-specific,recovered,aggregate-only
recovered-0328,2016,media-or-text-unavailable,media-only-or-text-unavailable,contextual,recovered,aggregate-only
recovered-0329,2016,shared-story,culture-art-and-performance,contextual,recovered,aggregate-only
recovered-0330,2016,external-link,community-and-hospitality,project-specific,recovered,aggregate-only
recovered-0331,2015,video,community-and-hospitality,project-specific,recovered,aggregate-only
recovered-0332,2015,photo,media-only-or-text-unavailable,contextual,recovered,aggregate-only
recovered-0333,2015,shared-story,community-and-hospitality,project-specific,recovered,aggregate-only
recovered-0334,2015,external-link,community-and-hospitality,project-specific,recovered,aggregate-only
recovered-0335,2015,external-link,community-and-hospitality,project-specific,recovered,aggregate-only
recovered-0336,2015,shared-story,community-and-hospitality,project-specific,recovered,aggregate-only
recovered-0337,2015,shared-story,media-only-or-text-unavailable,contextual,recovered,aggregate-only
recovered-0338,2015,shared-story,everyday-life-and-observation,contextual,recovered,aggregate-only
recovered-0339,2015,shared-story,media-only-or-text-unavailable,contextual,recovered,aggregate-only
recovered-0340,2015,video,everyday-life-and-observation,contextual,recovered,aggregate-only
recovered-0341,2015,shared-story,community-and-hospitality,project-specific,recovered,aggregate-only
recovered-0342,2015,shared-story,everyday-life-and-observation,contextual,recovered,aggregate-only
recovered-0343,2015,shared-story,everyday-life-and-observation,contextual,recovered,aggregate-only
recovered-0344,2015,video,community-and-hospitality,project-specific,recovered,aggregate-only
recovered-0345,2015,shared-story,everyday-life-and-observation,contextual,recovered,aggregate-only
recovered-0346,2015,text,culture-art-and-performance,contextual,recovered,aggregate-only
recovered-0347,2015,shared-story,community-and-hospitality,project-specific,recovered,aggregate-only
recovered-0348,2015,photo,everyday-life-and-observation,contextual,recovered,aggregate-only
recovered-0349,2015,shared-story,community-and-hospitality,project-specific,recovered,aggregate-only
recovered-0350,2015,shared-story,community-and-hospitality,project-specific,recovered,aggregate-only
recovered-0351,2015,shared-story,community-and-hospitality,project-specific,recovered,aggregate-only
recovered-0352,2015,shared-story,community-and-hospitality,project-specific,recovered,aggregate-only
recovered-0353,2015,external-link,community-and-hospitality,project-specific,recovered,aggregate-only
recovered-0354,2015,video,community-and-hospitality,project-specific,recovered,aggregate-only
recovered-0355,2015,shared-story,everyday-life-and-observation,contextual,recovered,aggregate-only
recovered-0356,2015,shared-story,media-only-or-text-unavailable,contextual,recovered,aggregate-only
recovered-0357,2015,photo,community-and-hospitality,project-specific,recovered,aggregate-only
recovered-0358,2015,external-link,community-and-hospitality,project-specific,recovered,aggregate-only
recovered-0359,2015,video,everyday-life-and-observation,contextual,recovered,aggregate-only
recovered-0360,2015,shared-story,community-and-hospitality,project-specific,recovered,aggregate-only
recovered-0361,2015,shared-story,community-and-hospitality,project-specific,recovered,aggregate-only
recovered-0362,2015,photo,culture-art-and-performance,contextual,recovered,aggregate-only
recovered-0363,2015,shared-story,media-only-or-text-unavailable,contextual,recovered,aggregate-only
recovered-0364,2015,shared-story,media-only-or-text-unavailable,contextual,recovered,aggregate-only
recovered-0365,2015,shared-story,culture-art-and-performance,contextual,recovered,aggregate-only
recovered-0366,2015,shared-story,care-memory-and-relationships,contextual,recovered,aggregate-only
recovered-0367,2015,shared-story,everyday-life-and-observation,contextual,recovered,aggregate-only
recovered-0368,2015,shared-story,everyday-life-and-observation,contextual,recovered,aggregate-only
recovered-0369,2015,shared-story,media-only-or-text-unavailable,contextual,recovered,aggregate-only
recovered-0370,2015,photo,community-and-hospitality,project-specific,recovered,aggregate-only
recovered-0371,2015,shared-story,media-only-or-text-unavailable,contextual,recovered,aggregate-only
recovered-0372,2015,shared-story,everyday-life-and-observation,contextual,recovered,aggregate-only
recovered-0373,2015,shared-story,everyday-life-and-observation,contextual,recovered,aggregate-only
recovered-0374,2015,shared-story,media-only-or-text-unavailable,contextual,recovered,aggregate-only
recovered-0375,2015,shared-story,everyday-life-and-observation,contextual,recovered,aggregate-only
recovered-0376,2015,shared-story,community-and-hospitality,project-specific,recovered,aggregate-only
recovered-0377,2015,external-link,everyday-life-and-observation,contextual,recovered,aggregate-only
recovered-0378,2015,shared-story,media-only-or-text-unavailable,contextual,recovered,aggregate-only
recovered-0379,2015,external-link,community-and-hospitality,project-specific,recovered,aggregate-only
recovered-0380,2015,shared-story,everyday-life-and-observation,contextual,recovered,aggregate-only
recovered-0381,2015,shared-story,community-and-hospitality,project-specific,recovered,aggregate-only
recovered-0382,2015,text,culture-art-and-performance,project-specific,recovered,aggregate-only
recovered-0383,2015,shared-story,everyday-life-and-observation,contextual,recovered,aggregate-only
recovered-0384,2015,shared-story,everyday-life-and-observation,contextual,recovered,aggregate-only
recovered-0385,2015,photo-album,community-and-hospitality,practice-related,recovered,aggregate-only
recovered-0386,2015,text,culture-art-and-performance,project-specific,recovered,aggregate-only
recovered-0387,2015,shared-story,community-and-hospitality,project-specific,recovered,aggregate-only
recovered-0388,2015,shared-story,civic-and-public-interest-work,practice-related,recovered,aggregate-only
recovered-0389,2015,text,everyday-life-and-observation,contextual,recovered,aggregate-only
recovered-0390,2015,video,everyday-life-and-observation,contextual,recovered,aggregate-only
recovered-0391,2015,text,everyday-life-and-observation,contextual,recovered,aggregate-only
recovered-0392,2015,shared-story,community-and-hospitality,project-specific,recovered,aggregate-only
recovered-0393,2015,photo,culture-art-and-performance,contextual,recovered,aggregate-only
recovered-0394,2015,shared-story,community-and-hospitality,project-specific,recovered,aggregate-only
recovered-0395,2015,text,culture-art-and-performance,project-specific,recovered,aggregate-only
recovered-0396,2015,media-or-text-unavailable,media-only-or-text-unavailable,contextual,recovered,aggregate-only
recovered-0397,2015,text,civic-and-public-interest-work,practice-related,recovered,aggregate-only
recovered-0398,2015,text,everyday-life-and-observation,contextual,recovered,aggregate-only
recovered-0399,2014,shared-story,culture-art-and-performance,contextual,recovered,aggregate-only
recovered-0400,2014,text,culture-art-and-performance,contextual,recovered,aggregate-only
recovered-0401,2014,shared-story,everyday-life-and-observation,contextual,recovered,aggregate-only
recovered-0402,2014,external-link,everyday-life-and-observation,contextual,recovered,aggregate-only
recovered-0403,2014,shared-story,culture-art-and-performance,contextual,recovered,aggregate-only
recovered-0404,2014,photo-album,media-only-or-text-unavailable,contextual,recovered,aggregate-only
recovered-0405,2014,photo-album,media-only-or-text-unavailable,contextual,recovered,aggregate-only
recovered-0406,2014,photo,everyday-life-and-observation,contextual,recovered,aggregate-only
recovered-0407,2014,photo-album,everyday-life-and-observation,contextual,recovered,aggregate-only
recovered-0408,2014,photo,everyday-life-and-observation,contextual,recovered,aggregate-only
recovered-0409,2014,photo,everyday-life-and-observation,contextual,recovered,aggregate-only
recovered-0410,2014,photo,everyday-life-and-observation,contextual,recovered,aggregate-only
recovered-0411,2014,text,everyday-life-and-observation,contextual,recovered,aggregate-only
recovered-0412,2014,text,everyday-life-and-observation,contextual,recovered,aggregate-only
recovered-0413,2014,photo,civic-and-public-interest-work,project-specific,recovered,aggregate-only
recovered-0414,2014,photo,everyday-life-and-observation,contextual,recovered,aggregate-only
recovered-0415,2014,photo,everyday-life-and-observation,contextual,recovered,aggregate-only
recovered-0416,2014,photo,everyday-life-and-observation,contextual,recovered,aggregate-only
recovered-0417,2014,photo,everyday-life-and-observation,contextual,recovered,aggregate-only
recovered-0418,2014,photo,everyday-life-and-observation,contextual,recovered,aggregate-only
recovered-0419,2014,photo,everyday-life-and-observation,contextual,recovered,aggregate-only
recovered-0420,2014,text,everyday-life-and-observation,contextual,recovered,aggregate-only
recovered-0421,2014,photo,civic-and-public-interest-work,project-specific,recovered,aggregate-only
recovered-0422,2014,photo,everyday-life-and-observation,contextual,recovered,aggregate-only
recovered-0423,2014,photo-album,media-only-or-text-unavailable,contextual,recovered,aggregate-only
recovered-0424,2014,photo-album,everyday-life-and-observation,contextual,recovered,aggregate-only
recovered-0425,2014,photo,everyday-life-and-observation,contextual,recovered,aggregate-only
recovered-0426,2014,photo,everyday-life-and-observation,contextual,recovered,aggregate-only
recovered-0427,2014,text,everyday-life-and-observation,contextual,recovered,aggregate-only
recovered-0428,2014,photo,everyday-life-and-observation,contextual,recovered,aggregate-only
recovered-0429,2014,photo,civic-and-public-interest-work,project-specific,recovered,aggregate-only
recovered-0430,2014,photo-album,media-only-or-text-unavailable,contextual,recovered,aggregate-only
recovered-0431,2014,photo,everyday-life-and-observation,contextual,recovered,aggregate-only
recovered-0432,2014,photo-album,media-only-or-text-unavailable,contextual,recovered,aggregate-only
recovered-0433,2014,photo,community-and-hospitality,project-specific,recovered,aggregate-only
recovered-0434,2014,text,everyday-life-and-observation,contextual,recovered,aggregate-only
recovered-0435,2014,text,everyday-life-and-observation,contextual,recovered,aggregate-only
recovered-0436,2014,text,everyday-life-and-observation,contextual,recovered,aggregate-only
recovered-0437,2014,photo,care-memory-and-relationships,contextual,recovered,aggregate-only
recovered-0438,2014,photo-album,community-and-hospitality,project-specific,recovered,aggregate-only
recovered-0439,2014,photo-album,media-only-or-text-unavailable,contextual,recovered,aggregate-only
recovered-0440,2014,photo,everyday-life-and-observation,contextual,recovered,aggregate-only
recovered-0441,2014,photo,everyday-life-and-observation,contextual,recovered,aggregate-only
recovered-0442,2014,text,everyday-life-and-observation,contextual,recovered,aggregate-only
recovered-0443,2014,text,everyday-life-and-observation,contextual,recovered,aggregate-only
recovered-0444,2014,media-or-text-unavailable,media-only-or-text-unavailable,contextual,recovered,aggregate-only
recovered-0445,2014,text,civic-and-public-interest-work,practice-related,recovered,aggregate-only
recovered-0446,2014,photo-album,everyday-life-and-observation,contextual,recovered,aggregate-only
recovered-0447,2014,photo,everyday-life-and-observation,contextual,recovered,aggregate-only
recovered-0448,2014,photo,everyday-life-and-observation,contextual,recovered,aggregate-only
recovered-0449,2014,photo,everyday-life-and-observation,contextual,recovered,aggregate-only
recovered-0450,2014,photo,everyday-life-and-observation,contextual,recovered,aggregate-only
recovered-0451,2014,text,everyday-life-and-observation,contextual,recovered,aggregate-only
recovered-0452,2014,text,everyday-life-and-observation,contextual,recovered,aggregate-only
recovered-0453,2014,text,everyday-life-and-observation,contextual,recovered,aggregate-only
recovered-0454,2014,text,everyday-life-and-observation,contextual,recovered,aggregate-only
recovered-0455,2014,text,everyday-life-and-observation,contextual,recovered,aggregate-only
recovered-0456,2014,photo,everyday-life-and-observation,contextual,recovered,aggregate-only
recovered-0457,2014,event,community-and-hospitality,project-specific,recovered,aggregate-only
recovered-0458,2014,photo-album,media-only-or-text-unavailable,contextual,recovered,aggregate-only
recovered-0459,2014,photo-album,everyday-life-and-observation,contextual,recovered,aggregate-only
recovered-0460,2014,photo-album,media-only-or-text-unavailable,contextual,recovered,aggregate-only
recovered-0461,2014,photo-album,community-and-hospitality,project-specific,recovered,aggregate-only
recovered-0462,2014,photo,civic-and-public-interest-work,project-specific,recovered,aggregate-only
recovered-0463,2014,text,everyday-life-and-observation,contextual,recovered,aggregate-only
recovered-0464,2014,shared-story,everyday-life-and-observation,contextual,recovered,aggregate-only
recovered-0465,2014,photo,everyday-life-and-observation,contextual,recovered,aggregate-only
recovered-0466,2014,photo-album,community-and-hospitality,project-specific,recovered,aggregate-only
recovered-0467,2014,photo,everyday-life-and-observation,contextual,recovered,aggregate-only
recovered-0468,2014,photo-album,everyday-life-and-observation,contextual,recovered,aggregate-only
recovered-0469,2014,photo-album,media-only-or-text-unavailable,contextual,recovered,aggregate-only
recovered-0470,2014,photo,everyday-life-and-observation,contextual,recovered,aggregate-only
recovered-0471,2014,photo,civic-and-public-interest-work,project-specific,recovered,aggregate-only
recovered-0472,2014,text,everyday-life-and-observation,contextual,recovered,aggregate-only
recovered-0473,2014,photo-album,everyday-life-and-observation,contextual,recovered,aggregate-only
recovered-0474,2014,photo,culture-art-and-performance,contextual,recovered,aggregate-only
recovered-0475,2014,photo-album,media-only-or-text-unavailable,contextual,recovered,aggregate-only
recovered-0476,2014,photo-album,media-only-or-text-unavailable,contextual,recovered,aggregate-only
recovered-0477,2014,photo-album,community-and-hospitality,project-specific,recovered,aggregate-only
recovered-0478,2014,photo,everyday-life-and-observation,contextual,recovered,aggregate-only
recovered-0479,2014,text,everyday-life-and-observation,contextual,recovered,aggregate-only
recovered-0480,2014,text,everyday-life-and-observation,contextual,recovered,aggregate-only
recovered-0481,2014,text,culture-art-and-performance,contextual,recovered,aggregate-only
recovered-0482,2014,photo,everyday-life-and-observation,contextual,recovered,aggregate-only
recovered-0483,2014,photo-album,everyday-life-and-observation,contextual,recovered,aggregate-only
recovered-0484,2014,photo-album,community-and-hospitality,project-specific,recovered,aggregate-only
recovered-0485,2014,photo,civic-and-public-interest-work,project-specific,recovered,aggregate-only
recovered-0486,2014,photo-album,media-only-or-text-unavailable,contextual,recovered,aggregate-only
recovered-0487,2014,photo,culture-art-and-performance,contextual,recovered,aggregate-only
recovered-0488,2014,text,everyday-life-and-observation,contextual,recovered,aggregate-only
recovered-0489,2014,photo,culture-art-and-performance,contextual,recovered,aggregate-only
recovered-0490,2014,shared-story,everyday-life-and-observation,contextual,recovered,aggregate-only
recovered-0491,2014,photo-album,culture-art-and-performance,contextual,recovered,aggregate-only
recovered-0492,2014,shared-story,community-and-hospitality,project-specific,recovered,aggregate-only
recovered-0493,2014,event,community-and-hospitality,project-specific,recovered,aggregate-only
recovered-0494,2014,text,everyday-life-and-observation,contextual,recovered,aggregate-only
recovered-0495,2014,photo,everyday-life-and-observation,contextual,recovered,aggregate-only
recovered-0496,2014,photo-album,civic-and-public-interest-work,project-specific,recovered,aggregate-only
recovered-0497,2014,photo,everyday-life-and-observation,contextual,recovered,aggregate-only
recovered-0498,2014,photo-album,everyday-life-and-observation,contextual,recovered,aggregate-only
recovered-0499,2014,photo-album,community-and-hospitality,project-specific,recovered,aggregate-only
recovered-0500,2014,photo,everyday-life-and-observation,contextual,recovered,aggregate-only
recovered-0501,2014,photo,everyday-life-and-observation,contextual,recovered,aggregate-only
recovered-0502,2014,photo,everyday-life-and-observation,contextual,recovered,aggregate-only
recovered-0503,2014,photo,everyday-life-and-observation,contextual,recovered,aggregate-only
recovered-0504,2014,text,everyday-life-and-observation,contextual,recovered,aggregate-only
recovered-0505,2014,text,everyday-life-and-observation,contextual,recovered,aggregate-only
recovered-0506,2014,text,everyday-life-and-observation,contextual,recovered,aggregate-only
recovered-0507,2014,text,everyday-life-and-observation,contextual,recovered,aggregate-only
recovered-0508,2013,text,community-and-hospitality,project-specific,recovered,aggregate-only
recovered-0509,2013,event,culture-art-and-performance,contextual,recovered,aggregate-only
recovered-0510,2013,shared-story,everyday-life-and-observation,contextual,recovered,aggregate-only
recovered-0511,2013,event,culture-art-and-performance,contextual,recovered,aggregate-only
recovered-0512,2013,photo,everyday-life-and-observation,contextual,recovered,aggregate-only
recovered-0513,2013,media-or-text-unavailable,media-only-or-text-unavailable,contextual,recovered,aggregate-only
recovered-0514,2013,text,everyday-life-and-observation,contextual,recovered,aggregate-only
recovered-0515,2013,photo,culture-art-and-performance,contextual,recovered,aggregate-only
recovered-0516,2013,photo,everyday-life-and-observation,contextual,recovered,aggregate-only
recovered-0517,2013,photo,community-and-hospitality,project-specific,recovered,aggregate-only
recovered-0518,2013,photo-album,everyday-life-and-observation,contextual,recovered,aggregate-only
recovered-0519,2013,text,everyday-life-and-observation,contextual,recovered,aggregate-only
recovered-0520,2013,photo-album,culture-art-and-performance,contextual,recovered,aggregate-only
recovered-0521,2013,photo,care-memory-and-relationships,contextual,recovered,aggregate-only
recovered-0522,2013,photo-album,everyday-life-and-observation,contextual,recovered,aggregate-only
recovered-0523,2013,photo,everyday-life-and-observation,contextual,recovered,aggregate-only
recovered-0524,2013,text,community-and-hospitality,project-specific,recovered,aggregate-only
recovered-0525,2013,text,everyday-life-and-observation,contextual,recovered,aggregate-only
recovered-0526,2013,shared-story,everyday-life-and-observation,contextual,recovered,aggregate-only
recovered-0527,2013,shared-story,everyday-life-and-observation,contextual,recovered,aggregate-only
recovered-0528,2013,text,everyday-life-and-observation,contextual,recovered,aggregate-only
recovered-0529,2013,text,everyday-life-and-observation,contextual,recovered,aggregate-only
recovered-0530,2013,shared-story,everyday-life-and-observation,contextual,recovered,aggregate-only
recovered-0531,2013,photo,everyday-life-and-observation,contextual,recovered,aggregate-only
recovered-0532,2013,photo,everyday-life-and-observation,contextual,recovered,aggregate-only
recovered-0533,2013,photo,everyday-life-and-observation,contextual,recovered,aggregate-only
recovered-0534,2013,photo,community-and-hospitality,project-specific,recovered,aggregate-only
recovered-0535,2013,photo,everyday-life-and-observation,contextual,recovered,aggregate-only
recovered-0536,2013,photo-album,everyday-life-and-observation,contextual,recovered,aggregate-only
recovered-0537,2013,photo,everyday-life-and-observation,contextual,recovered,aggregate-only
recovered-0538,2013,text,everyday-life-and-observation,contextual,recovered,aggregate-only
recovered-0539,2013,text,everyday-life-and-observation,contextual,recovered,aggregate-only
recovered-0540,2013,text,everyday-life-and-observation,contextual,recovered,aggregate-only
recovered-0541,2013,text,everyday-life-and-observation,contextual,recovered,aggregate-only
recovered-0542,2013,text,everyday-life-and-observation,contextual,recovered,aggregate-only
recovered-0543,2013,text,everyday-life-and-observation,contextual,recovered,aggregate-only
recovered-0544,2013,photo-album,care-memory-and-relationships,contextual,recovered,aggregate-only
recovered-0545,2013,photo-album,media-only-or-text-unavailable,contextual,recovered,aggregate-only
recovered-0546,2013,photo-album,everyday-life-and-observation,contextual,recovered,aggregate-only
recovered-0547,2013,photo,everyday-life-and-observation,contextual,recovered,aggregate-only
recovered-0548,2013,photo-album,culture-art-and-performance,contextual,recovered,aggregate-only
recovered-0549,2013,text,everyday-life-and-observation,contextual,recovered,aggregate-only
recovered-0550,2013,photo,everyday-life-and-observation,contextual,recovered,aggregate-only
recovered-0551,2013,photo,everyday-life-and-observation,contextual,recovered,aggregate-only
recovered-0552,2013,photo-album,community-and-hospitality,project-specific,recovered,aggregate-only
recovered-0553,2013,photo-album,media-only-or-text-unavailable,contextual,recovered,aggregate-only
recovered-0554,2013,photo-album,everyday-life-and-observation,contextual,recovered,aggregate-only
recovered-0555,2013,photo,everyday-life-and-observation,contextual,recovered,aggregate-only
recovered-0556,2013,text,everyday-life-and-observation,contextual,recovered,aggregate-only
recovered-0557,2013,photo,everyday-life-and-observation,contextual,recovered,aggregate-only
recovered-0558,2013,photo,everyday-life-and-observation,contextual,recovered,aggregate-only
recovered-0559,2013,photo,everyday-life-and-observation,contextual,recovered,aggregate-only
recovered-0560,2013,text,everyday-life-and-observation,contextual,recovered,aggregate-only
recovered-0561,2013,photo-album,care-memory-and-relationships,contextual,recovered,aggregate-only
recovered-0562,2013,photo-album,media-only-or-text-unavailable,contextual,recovered,aggregate-only
recovered-0563,2013,photo,everyday-life-and-observation,contextual,recovered,aggregate-only
recovered-0564,2013,photo-album,everyday-life-and-observation,contextual,recovered,aggregate-only
recovered-0565,2013,photo-album,everyday-life-and-observation,contextual,recovered,aggregate-only
recovered-0566,2013,photo,everyday-life-and-observation,contextual,recovered,aggregate-only
recovered-0567,2013,photo,everyday-life-and-observation,contextual,recovered,aggregate-only
recovered-0568,2013,text,everyday-life-and-observation,contextual,recovered,aggregate-only
recovered-0569,2013,text,everyday-life-and-observation,contextual,recovered,aggregate-only
recovered-0570,2013,shared-story,everyday-life-and-observation,contextual,recovered,aggregate-only
recovered-0571,2013,photo,everyday-life-and-observation,contextual,recovered,aggregate-only
recovered-0572,2013,photo,community-and-hospitality,project-specific,recovered,aggregate-only
recovered-0573,2013,photo-album,media-only-or-text-unavailable,contextual,recovered,aggregate-only
recovered-0574,2013,photo,everyday-life-and-observation,contextual,recovered,aggregate-only
recovered-0575,2013,photo-album,everyday-life-and-observation,contextual,recovered,aggregate-only
recovered-0576,2013,photo-album,everyday-life-and-observation,contextual,recovered,aggregate-only
recovered-0577,2013,photo-album,everyday-life-and-observation,contextual,recovered,aggregate-only
recovered-0578,2013,photo-album,culture-art-and-performance,contextual,recovered,aggregate-only
recovered-0579,2013,photo-album,everyday-life-and-observation,contextual,recovered,aggregate-only
recovered-0580,2013,text,everyday-life-and-observation,contextual,recovered,aggregate-only
recovered-0581,2013,text,everyday-life-and-observation,contextual,recovered,aggregate-only
recovered-0582,2013,photo,community-and-hospitality,project-specific,recovered,aggregate-only
recovered-0583,2013,shared-story,culture-art-and-performance,contextual,recovered,aggregate-only
recovered-0584,2013,photo,everyday-life-and-observation,contextual,recovered,aggregate-only
recovered-0585,2013,photo,everyday-life-and-observation,contextual,recovered,aggregate-only
recovered-0586,2013,event,culture-art-and-performance,contextual,recovered,aggregate-only
recovered-0587,2013,event,culture-art-and-performance,contextual,recovered,aggregate-only
recovered-0588,2013,photo,everyday-life-and-observation,contextual,recovered,aggregate-only
recovered-0589,2013,shared-story,everyday-life-and-observation,contextual,recovered,aggregate-only
recovered-0590,2013,event,everyday-life-and-observation,contextual,recovered,aggregate-only
recovered-0591,2013,photo-album,care-memory-and-relationships,contextual,recovered,aggregate-only
recovered-0592,2013,photo,media-only-or-text-unavailable,contextual,recovered,aggregate-only
recovered-0593,2013,shared-story,everyday-life-and-observation,contextual,recovered,aggregate-only
recovered-0594,2013,text,community-and-hospitality,project-specific,recovered,aggregate-only
recovered-0595,2013,text,care-memory-and-relationships,contextual,recovered,aggregate-only
recovered-0596,2013,external-link,everyday-life-and-observation,contextual,recovered,aggregate-only
recovered-0597,2013,photo,everyday-life-and-observation,contextual,recovered,aggregate-only
recovered-0598,2013,photo,everyday-life-and-observation,contextual,recovered,aggregate-only
recovered-0599,2013,photo,everyday-life-and-observation,contextual,recovered,aggregate-only
recovered-0600,2013,photo,community-and-hospitality,project-specific,recovered,aggregate-only
recovered-0601,2013,photo-album,everyday-life-and-observation,contextual,recovered,aggregate-only
recovered-0602,2013,shared-story,culture-art-and-performance,contextual,recovered,aggregate-only
recovered-0603,2013,photo,everyday-life-and-observation,contextual,recovered,aggregate-only
recovered-0604,2013,photo,everyday-life-and-observation,contextual,recovered,aggregate-only
recovered-0605,2013,photo,community-and-hospitality,project-specific,recovered,aggregate-only
recovered-0606,2013,photo-album,culture-art-and-performance,contextual,recovered,aggregate-only
recovered-0607,2013,photo-album,everyday-life-and-observation,contextual,recovered,aggregate-only
recovered-0608,2013,photo,everyday-life-and-observation,contextual,recovered,aggregate-only
recovered-0609,2013,photo,everyday-life-and-observation,contextual,recovered,aggregate-only
recovered-0610,2013,shared-story,everyday-life-and-observation,contextual,recovered,aggregate-only
recovered-0611,2013,external-link,community-and-hospitality,project-specific,recovered,aggregate-only
recovered-0612,2013,event,everyday-life-and-observation,contextual,recovered,aggregate-only
recovered-0613,2013,external-link,community-and-hospitality,project-specific,recovered,aggregate-only
recovered-0614,2013,shared-story,everyday-life-and-observation,contextual,recovered,aggregate-only
recovered-0615,2013,shared-story,everyday-life-and-observation,contextual,recovered,aggregate-only
recovered-0616,2013,photo,media-only-or-text-unavailable,contextual,recovered,aggregate-only
recovered-0617,2013,shared-story,community-and-hospitality,project-specific,recovered,aggregate-only
recovered-0618,2013,photo-album,culture-art-and-performance,contextual,recovered,aggregate-only
recovered-0619,2013,photo,care-memory-and-relationships,contextual,recovered,aggregate-only
recovered-0620,2013,photo-album,community-and-hospitality,project-specific,recovered,aggregate-only
recovered-0621,2013,photo,community-and-hospitality,project-specific,recovered,aggregate-only
recovered-0622,2013,shared-story,everyday-life-and-observation,contextual,recovered,aggregate-only
recovered-0623,2013,text,everyday-life-and-observation,contextual,recovered,aggregate-only
recovered-0624,2013,photo,everyday-life-and-observation,contextual,recovered,aggregate-only
recovered-0625,2013,photo,everyday-life-and-observation,contextual,recovered,aggregate-only
recovered-0626,2013,text,everyday-life-and-observation,contextual,recovered,aggregate-only
recovered-0627,2013,text,everyday-life-and-observation,contextual,recovered,aggregate-only
recovered-0628,2013,text,everyday-life-and-observation,contextual,recovered,aggregate-only
recovered-0629,2013,text,everyday-life-and-observation,contextual,recovered,aggregate-only
recovered-0630,2013,photo,everyday-life-and-observation,contextual,recovered,aggregate-only
recovered-0631,2013,photo-album,community-and-hospitality,project-specific,recovered,aggregate-only
recovered-0632,2013,photo,everyday-life-and-observation,contextual,recovered,aggregate-only
recovered-0633,2013,photo-album,everyday-life-and-observation,contextual,recovered,aggregate-only
recovered-0634,2013,photo,everyday-life-and-observation,contextual,recovered,aggregate-only
recovered-0635,2013,text,everyday-life-and-observation,contextual,recovered,aggregate-only
recovered-0636,2013,photo-album,culture-art-and-performance,contextual,recovered,aggregate-only
recovered-0637,2013,photo-album,everyday-life-and-observation,contextual,recovered,aggregate-only
recovered-0638,2013,photo,community-and-hospitality,practice-related,recovered,aggregate-only
recovered-0639,2013,photo,everyday-life-and-observation,contextual,recovered,aggregate-only
recovered-0640,2013,text,culture-art-and-performance,contextual,recovered,aggregate-only
recovered-0641,2013,photo,everyday-life-and-observation,contextual,recovered,aggregate-only
recovered-0642,2013,photo,everyday-life-and-observation,contextual,recovered,aggregate-only
recovered-0643,2013,photo-album,everyday-life-and-observation,contextual,recovered,aggregate-only
recovered-0644,2013,photo-album,everyday-life-and-observation,contextual,recovered,aggregate-only
recovered-0645,2013,text,technical-and-digital-practice,practice-related,recovered,aggregate-only
recovered-0646,2013,photo-album,media-only-or-text-unavailable,contextual,recovered,aggregate-only
recovered-0647,2013,photo,everyday-life-and-observation,contextual,recovered,aggregate-only
recovered-0648,2013,photo,community-and-hospitality,project-specific,recovered,aggregate-only
recovered-0649,2013,photo,culture-art-and-performance,contextual,recovered,aggregate-only
recovered-0650,2013,photo,everyday-life-and-observation,contextual,recovered,aggregate-only
recovered-0651,2013,photo-album,everyday-life-and-observation,contextual,recovered,aggregate-only
recovered-0652,2013,photo,everyday-life-and-observation,contextual,recovered,aggregate-only
recovered-0653,2013,photo-album,community-and-hospitality,project-specific,recovered,aggregate-only
recovered-0654,2013,photo-album,everyday-life-and-observation,contextual,recovered,aggregate-only
recovered-0655,2013,shared-story,care-memory-and-relationships,contextual,recovered,aggregate-only
recovered-0656,2013,shared-story,community-and-hospitality,project-specific,recovered,aggregate-only
recovered-0657,2013,photo,everyday-life-and-observation,contextual,recovered,aggregate-only
recovered-0658,2013,event,culture-art-and-performance,contextual,recovered,aggregate-only
recovered-0659,2013,text,everyday-life-and-observation,contextual,recovered,aggregate-only
recovered-0660,2013,photo-album,everyday-life-and-observation,contextual,recovered,aggregate-only
recovered-0661,2013,photo,community-and-hospitality,project-specific,recovered,aggregate-only
recovered-0662,2013,photo,everyday-life-and-observation,contextual,recovered,aggregate-only
recovered-0663,2013,photo,everyday-life-and-observation,contextual,recovered,aggregate-only
recovered-0664,2013,photo,everyday-life-and-observation,contextual,recovered,aggregate-only
recovered-0665,2013,text,care-memory-and-relationships,contextual,recovered,aggregate-only
recovered-0666,2013,text,culture-art-and-performance,contextual,recovered,aggregate-only
recovered-0667,2013,photo,everyday-life-and-observation,contextual,recovered,aggregate-only
recovered-0668,2013,photo,everyday-life-and-observation,contextual,recovered,aggregate-only
recovered-0669,2013,event,culture-art-and-performance,contextual,recovered,aggregate-only
recovered-0670,2013,photo-album,community-and-hospitality,project-specific,recovered,aggregate-only
recovered-0671,2013,photo,everyday-life-and-observation,contextual,recovered,aggregate-only
recovered-0672,2013,photo,everyday-life-and-observation,contextual,recovered,aggregate-only
recovered-0673,2013,video,everyday-life-and-observation,contextual,recovered,aggregate-only
recovered-0674,2013,text,culture-art-and-performance,contextual,recovered,aggregate-only
recovered-0675,2013,photo-album,everyday-life-and-observation,contextual,recovered,aggregate-only
recovered-0676,2013,photo-album,everyday-life-and-observation,contextual,recovered,aggregate-only
recovered-0677,2013,photo,everyday-life-and-observation,contextual,recovered,aggregate-only
recovered-0678,2013,photo-album,media-only-or-text-unavailable,contextual,recovered,aggregate-only
recovered-0679,2013,photo,community-and-hospitality,project-specific,recovered,aggregate-only
recovered-0680,2013,shared-story,technical-and-digital-practice,practice-related,recovered,aggregate-only
recovered-0681,2013,photo,everyday-life-and-observation,contextual,recovered,aggregate-only
recovered-0682,2013,photo,community-and-hospitality,project-specific,recovered,aggregate-only
recovered-0683,2013,photo,everyday-life-and-observation,contextual,recovered,aggregate-only
recovered-0684,2013,photo-album,media-only-or-text-unavailable,contextual,recovered,aggregate-only
recovered-0685,2013,photo,everyday-life-and-observation,contextual,recovered,aggregate-only
recovered-0686,2013,photo,everyday-life-and-observation,contextual,recovered,aggregate-only
recovered-0687,2013,photo,everyday-life-and-observation,contextual,recovered,aggregate-only
recovered-0688,2013,photo,community-and-hospitality,project-specific,recovered,aggregate-only
recovered-0689,2013,photo-album,media-only-or-text-unavailable,contextual,recovered,aggregate-only
recovered-0690,2013,photo,everyday-life-and-observation,contextual,recovered,aggregate-only
recovered-0691,2013,photo,everyday-life-and-observation,contextual,recovered,aggregate-only
recovered-0692,2012,photo,community-and-hospitality,project-specific,recovered,aggregate-only
recovered-0693,2012,text,everyday-life-and-observation,contextual,recovered,aggregate-only
recovered-0694,2012,photo,everyday-life-and-observation,contextual,recovered,aggregate-only
recovered-0695,2012,text,everyday-life-and-observation,contextual,recovered,aggregate-only
recovered-0696,2012,text,culture-art-and-performance,contextual,recovered,aggregate-only
recovered-0697,2012,photo,everyday-life-and-observation,contextual,recovered,aggregate-only
recovered-0698,2012,photo,community-and-hospitality,project-specific,recovered,aggregate-only
recovered-0699,2012,text,everyday-life-and-observation,contextual,recovered,aggregate-only
recovered-0700,2012,photo-album,community-and-hospitality,project-specific,recovered,aggregate-only
recovered-0701,2012,photo,everyday-life-and-observation,contextual,recovered,aggregate-only
recovered-0702,2012,photo-album,everyday-life-and-observation,contextual,recovered,aggregate-only
recovered-0703,2012,photo-album,everyday-life-and-observation,contextual,recovered,aggregate-only
recovered-0704,2012,photo-album,community-and-hospitality,project-specific,recovered,aggregate-only
recovered-0705,2012,photo-album,everyday-life-and-observation,contextual,recovered,aggregate-only
recovered-0706,2012,photo,everyday-life-and-observation,contextual,recovered,aggregate-only
recovered-0707,2012,photo-album,media-only-or-text-unavailable,contextual,recovered,aggregate-only
recovered-0708,2012,shared-story,everyday-life-and-observation,contextual,recovered,aggregate-only
recovered-0709,2012,photo-album,everyday-life-and-observation,contextual,recovered,aggregate-only
recovered-0710,2012,photo-album,media-only-or-text-unavailable,contextual,recovered,aggregate-only
recovered-0711,2012,photo-album,media-only-or-text-unavailable,contextual,recovered,aggregate-only
recovered-0712,2012,photo-album,everyday-life-and-observation,contextual,recovered,aggregate-only
recovered-0713,2012,photo,everyday-life-and-observation,contextual,recovered,aggregate-only
recovered-0714,2012,photo-album,everyday-life-and-observation,contextual,recovered,aggregate-only
recovered-0715,2012,photo-album,media-only-or-text-unavailable,contextual,recovered,aggregate-only
recovered-0716,2012,photo,everyday-life-and-observation,contextual,recovered,aggregate-only
recovered-0717,2012,photo-album,everyday-life-and-observation,contextual,recovered,aggregate-only
recovered-0718,2012,photo,everyday-life-and-observation,contextual,recovered,aggregate-only
recovered-0719,2012,text,everyday-life-and-observation,contextual,recovered,aggregate-only
recovered-0720,2012,photo-album,everyday-life-and-observation,contextual,recovered,aggregate-only
recovered-0721,2012,photo,everyday-life-and-observation,contextual,recovered,aggregate-only
recovered-0722,2012,photo,everyday-life-and-observation,contextual,recovered,aggregate-only
recovered-0723,2012,photo-album,everyday-life-and-observation,contextual,recovered,aggregate-only
recovered-0724,2012,photo,everyday-life-and-observation,contextual,recovered,aggregate-only
recovered-0725,2012,photo,everyday-life-and-observation,contextual,recovered,aggregate-only
recovered-0726,2012,photo,everyday-life-and-observation,contextual,recovered,aggregate-only
recovered-0727,2012,photo-album,everyday-life-and-observation,contextual,recovered,aggregate-only
recovered-0728,2012,photo,everyday-life-and-observation,contextual,recovered,aggregate-only
recovered-0729,2012,text,culture-art-and-performance,contextual,recovered,aggregate-only
recovered-0730,2012,photo-album,everyday-life-and-observation,contextual,recovered,aggregate-only
recovered-0731,2012,photo,everyday-life-and-observation,contextual,recovered,aggregate-only
recovered-0732,2012,photo-album,everyday-life-and-observation,contextual,recovered,aggregate-only
recovered-0733,2012,photo,everyday-life-and-observation,contextual,recovered,aggregate-only
recovered-0734,2012,photo-album,everyday-life-and-observation,contextual,recovered,aggregate-only
recovered-0735,2012,photo-album,everyday-life-and-observation,contextual,recovered,aggregate-only
recovered-0736,2012,photo,everyday-life-and-observation,contextual,recovered,aggregate-only
recovered-0737,2012,shared-story,everyday-life-and-observation,contextual,recovered,aggregate-only
recovered-0738,2012,photo,everyday-life-and-observation,contextual,recovered,aggregate-only
recovered-0739,2012,photo,everyday-life-and-observation,contextual,recovered,aggregate-only
recovered-0740,2012,photo-album,everyday-life-and-observation,contextual,recovered,aggregate-only
recovered-0741,2012,photo,everyday-life-and-observation,contextual,recovered,aggregate-only
recovered-0742,2012,photo-album,everyday-life-and-observation,contextual,recovered,aggregate-only
recovered-0743,2012,external-link,everyday-life-and-observation,contextual,recovered,aggregate-only
recovered-0744,2012,photo,everyday-life-and-observation,contextual,recovered,aggregate-only
recovered-0745,2012,photo-album,everyday-life-and-observation,contextual,recovered,aggregate-only
recovered-0746,2012,photo-album,everyday-life-and-observation,contextual,recovered,aggregate-only
recovered-0747,2012,photo,everyday-life-and-observation,contextual,recovered,aggregate-only
recovered-0748,2012,text,everyday-life-and-observation,contextual,recovered,aggregate-only
recovered-0749,2012,event,everyday-life-and-observation,contextual,recovered,aggregate-only
recovered-0750,2012,text,everyday-life-and-observation,contextual,recovered,aggregate-only
recovered-0751,2012,photo-album,everyday-life-and-observation,contextual,recovered,aggregate-only
recovered-0752,2012,photo,everyday-life-and-observation,contextual,recovered,aggregate-only
recovered-0753,2012,photo-album,everyday-life-and-observation,contextual,recovered,aggregate-only
recovered-0754,2012,photo,everyday-life-and-observation,contextual,recovered,aggregate-only
recovered-0755,2012,photo-album,everyday-life-and-observation,contextual,recovered,aggregate-only
recovered-0756,2012,photo,everyday-life-and-observation,contextual,recovered,aggregate-only
recovered-0757,2012,photo,everyday-life-and-observation,contextual,recovered,aggregate-only
recovered-0758,2012,photo,everyday-life-and-observation,contextual,recovered,aggregate-only
recovered-0759,2012,photo-album,everyday-life-and-observation,contextual,recovered,aggregate-only
recovered-0760,2012,photo-album,everyday-life-and-observation,contextual,recovered,aggregate-only
recovered-0761,2012,photo,everyday-life-and-observation,contextual,recovered,aggregate-only
recovered-0762,2012,photo-album,everyday-life-and-observation,contextual,recovered,aggregate-only
recovered-0763,2012,photo,everyday-life-and-observation,contextual,recovered,aggregate-only
recovered-0764,2012,photo-album,everyday-life-and-observation,contextual,recovered,aggregate-only
recovered-0765,2012,photo-album,everyday-life-and-observation,contextual,recovered,aggregate-only
recovered-0766,2012,shared-story,culture-art-and-performance,contextual,recovered,aggregate-only
recovered-0767,2012,photo-album,everyday-life-and-observation,contextual,recovered,aggregate-only
recovered-0768,2012,photo-album,everyday-life-and-observation,contextual,recovered,aggregate-only
recovered-0769,2012,text,everyday-life-and-observation,contextual,recovered,aggregate-only
recovered-0770,2012,photo-album,everyday-life-and-observation,contextual,recovered,aggregate-only
recovered-0771,2012,photo-album,everyday-life-and-observation,contextual,recovered,aggregate-only
recovered-0772,2012,photo-album,everyday-life-and-observation,contextual,recovered,aggregate-only
recovered-0773,2012,shared-story,everyday-life-and-observation,contextual,recovered,aggregate-only
recovered-0774,2012,photo-album,everyday-life-and-observation,contextual,recovered,aggregate-only
recovered-0775,2012,photo-album,everyday-life-and-observation,contextual,recovered,aggregate-only
recovered-0776,2012,photo-album,care-memory-and-relationships,contextual,recovered,aggregate-only
recovered-0777,2012,photo-album,everyday-life-and-observation,contextual,recovered,aggregate-only
recovered-0778,2012,text,everyday-life-and-observation,contextual,recovered,aggregate-only
recovered-0779,2012,photo-album,everyday-life-and-observation,contextual,recovered,aggregate-only
recovered-0780,2012,photo-album,everyday-life-and-observation,contextual,recovered,aggregate-only
recovered-0781,2012,photo-album,everyday-life-and-observation,contextual,recovered,aggregate-only
recovered-0782,2012,photo-album,everyday-life-and-observation,contextual,recovered,aggregate-only
recovered-0783,2012,external-link,waterways-place-and-ecology,practice-related,recovered,aggregate-only
recovered-0784,2012,text,everyday-life-and-observation,contextual,recovered,aggregate-only
recovered-0785,2012,shared-story,civic-and-public-interest-work,practice-related,recovered,aggregate-only
recovered-0786,2012,external-link,everyday-life-and-observation,contextual,recovered,aggregate-only
recovered-0787,2012,text,everyday-life-and-observation,contextual,recovered,aggregate-only
recovered-0788,2012,event,everyday-life-and-observation,contextual,recovered,aggregate-only
recovered-0789,2012,event,everyday-life-and-observation,contextual,recovered,aggregate-only
recovered-0790,2012,text,care-memory-and-relationships,contextual,recovered,aggregate-only
recovered-0791,2012,photo,everyday-life-and-observation,contextual,recovered,aggregate-only
recovered-0792,2012,event,everyday-life-and-observation,contextual,recovered,aggregate-only
recovered-0793,2012,event,culture-art-and-performance,contextual,recovered,aggregate-only
recovered-0794,2012,text,everyday-life-and-observation,contextual,recovered,aggregate-only
recovered-0795,2012,text,everyday-life-and-observation,contextual,recovered,aggregate-only
recovered-0796,2012,external-link,everyday-life-and-observation,contextual,recovered,aggregate-only
recovered-0797,2012,external-link,everyday-life-and-observation,contextual,recovered,aggregate-only
recovered-0798,2012,shared-story,everyday-life-and-observation,contextual,recovered,aggregate-only
recovered-0799,2012,photo,community-and-hospitality,practice-related,recovered,aggregate-only
recovered-0800,2012,event,everyday-life-and-observation,contextual,recovered,aggregate-only
recovered-0801,2012,shared-story,everyday-life-and-observation,contextual,recovered,aggregate-only
recovered-0802,2012,shared-story,everyday-life-and-observation,contextual,recovered,aggregate-only
recovered-0803,2012,shared-story,everyday-life-and-observation,contextual,recovered,aggregate-only
recovered-0804,2012,shared-story,everyday-life-and-observation,contextual,recovered,aggregate-only
recovered-0805,2012,text,everyday-life-and-observation,contextual,recovered,aggregate-only
recovered-0806,2012,shared-story,everyday-life-and-observation,contextual,recovered,aggregate-only
recovered-0807,2012,text,everyday-life-and-observation,contextual,recovered,aggregate-only
recovered-0808,2012,shared-story,everyday-life-and-observation,contextual,recovered,aggregate-only
recovered-0809,2012,text,everyday-life-and-observation,contextual,recovered,aggregate-only
recovered-0810,2012,text,everyday-life-and-observation,contextual,recovered,aggregate-only
recovered-0811,2012,text,everyday-life-and-observation,contextual,recovered,aggregate-only
recovered-0812,2012,text,everyday-life-and-observation,contextual,recovered,aggregate-only
recovered-0813,2012,text,everyday-life-and-observation,contextual,recovered,aggregate-only
recovered-0814,2012,text,everyday-life-and-observation,contextual,recovered,aggregate-only
recovered-0815,2012,text,everyday-life-and-observation,contextual,recovered,aggregate-only
recovered-0816,2012,external-link,small-business-and-commerce,practice-related,recovered,aggregate-only
recovered-0817,2012,text,everyday-life-and-observation,contextual,recovered,aggregate-only
recovered-0818,2012,text,everyday-life-and-observation,contextual,recovered,aggregate-only
recovered-0819,2012,text,everyday-life-and-observation,contextual,recovered,aggregate-only
recovered-0820,2012,text,everyday-life-and-observation,contextual,recovered,aggregate-only
recovered-0821,2012,text,everyday-life-and-observation,contextual,recovered,aggregate-only
recovered-0822,2012,text,everyday-life-and-observation,contextual,recovered,aggregate-only
recovered-0823,2012,text,everyday-life-and-observation,contextual,recovered,aggregate-only
recovered-0824,2012,shared-story,culture-art-and-performance,contextual,recovered,aggregate-only
recovered-0825,2012,text,everyday-life-and-observation,contextual,recovered,aggregate-only
recovered-0826,2012,text,everyday-life-and-observation,contextual,recovered,aggregate-only
recovered-0827,2012,text,everyday-life-and-observation,contextual,recovered,aggregate-only
recovered-0828,2012,text,culture-art-and-performance,contextual,recovered,aggregate-only
recovered-0829,2012,text,culture-art-and-performance,contextual,recovered,aggregate-only
recovered-0830,2012,shared-story,everyday-life-and-observation,contextual,recovered,aggregate-only
recovered-0831,2012,text,everyday-life-and-observation,contextual,recovered,aggregate-only
recovered-0832,2012,shared-story,everyday-life-and-observation,contextual,recovered,aggregate-only
recovered-0833,2012,shared-story,everyday-life-and-observation,contextual,recovered,aggregate-only
recovered-0834,2012,text,everyday-life-and-observation,contextual,recovered,aggregate-only
recovered-0835,2012,text,culture-art-and-performance,contextual,recovered,aggregate-only
recovered-0836,2012,shared-story,everyday-life-and-observation,contextual,recovered,aggregate-only
recovered-0837,2012,external-link,everyday-life-and-observation,contextual,recovered,aggregate-only
recovered-0838,2012,shared-story,everyday-life-and-observation,contextual,recovered,aggregate-only
recovered-0839,2012,external-link,everyday-life-and-observation,contextual,recovered,aggregate-only
recovered-0840,2012,text,everyday-life-and-observation,contextual,recovered,aggregate-only
recovered-0841,2012,shared-story,culture-art-and-performance,contextual,recovered,aggregate-only
recovered-0842,2012,external-link,technical-and-digital-practice,practice-related,recovered,aggregate-only
recovered-0843,2012,text,everyday-life-and-observation,contextual,recovered,aggregate-only
recovered-0844,2012,text,culture-art-and-performance,contextual,recovered,aggregate-only
recovered-0845,2011,text,everyday-life-and-observation,contextual,recovered,aggregate-only
recovered-0846,2011,text,everyday-life-and-observation,contextual,recovered,aggregate-only
recovered-0847,2011,text,everyday-life-and-observation,contextual,recovered,aggregate-only
recovered-0848,2011,shared-story,culture-art-and-performance,contextual,recovered,aggregate-only
recovered-0849,2011,shared-story,everyday-life-and-observation,contextual,recovered,aggregate-only
recovered-0850,2011,shared-story,everyday-life-and-observation,contextual,recovered,aggregate-only
recovered-0851,2011,shared-story,everyday-life-and-observation,contextual,recovered,aggregate-only
recovered-0852,2011,text,culture-art-and-performance,contextual,recovered,aggregate-only
recovered-0853,2011,photo,everyday-life-and-observation,contextual,recovered,aggregate-only
recovered-0854,2011,text,everyday-life-and-observation,contextual,recovered,aggregate-only
recovered-0855,2011,text,everyday-life-and-observation,contextual,recovered,aggregate-only
recovered-0856,2011,text,everyday-life-and-observation,contextual,recovered,aggregate-only
recovered-0857,2011,photo-album,culture-art-and-performance,contextual,recovered,aggregate-only
recovered-0858,2011,text,waterways-place-and-ecology,practice-related,recovered,aggregate-only
recovered-0859,2011,text,everyday-life-and-observation,contextual,recovered,aggregate-only
recovered-0860,2011,text,culture-art-and-performance,contextual,recovered,aggregate-only
recovered-0861,2011,text,everyday-life-and-observation,contextual,recovered,aggregate-only
recovered-0862,2011,text,technical-and-digital-practice,practice-related,recovered,aggregate-only
recovered-0863,2011,text,everyday-life-and-observation,contextual,recovered,aggregate-only
recovered-0864,2011,text,everyday-life-and-observation,contextual,recovered,aggregate-only
recovered-0865,2011,text,culture-art-and-performance,contextual,recovered,aggregate-only
recovered-0866,2011,external-link,culture-art-and-performance,contextual,recovered,aggregate-only
recovered-0867,2011,text,everyday-life-and-observation,contextual,recovered,aggregate-only
recovered-0868,2011,shared-story,culture-art-and-performance,contextual,recovered,aggregate-only
recovered-0869,2011,text,culture-art-and-performance,contextual,recovered,aggregate-only
recovered-0870,2011,external-link,waterways-place-and-ecology,practice-related,recovered,aggregate-only
recovered-0871,2011,text,everyday-life-and-observation,contextual,recovered,aggregate-only
recovered-0872,2011,text,everyday-life-and-observation,contextual,recovered,aggregate-only
recovered-0873,2011,text,everyday-life-and-observation,contextual,recovered,aggregate-only
recovered-0874,2011,text,culture-art-and-performance,contextual,recovered,aggregate-only
recovered-0875,2011,shared-story,everyday-life-and-observation,contextual,recovered,aggregate-only
recovered-0876,2011,text,everyday-life-and-observation,contextual,recovered,aggregate-only
recovered-0877,2011,shared-story,everyday-life-and-observation,contextual,recovered,aggregate-only
recovered-0878,2011,text,everyday-life-and-observation,contextual,recovered,aggregate-only
recovered-0879,2011,text,everyday-life-and-observation,contextual,recovered,aggregate-only
recovered-0880,2011,text,everyday-life-and-observation,contextual,recovered,aggregate-only
recovered-0881,2011,text,everyday-life-and-observation,contextual,recovered,aggregate-only
recovered-0882,2011,photo,media-only-or-text-unavailable,contextual,recovered,aggregate-only
recovered-0883,2011,text,everyday-life-and-observation,contextual,recovered,aggregate-only
recovered-0884,2011,text,culture-art-and-performance,contextual,recovered,aggregate-only
recovered-0885,2011,shared-story,care-memory-and-relationships,contextual,recovered,aggregate-only
recovered-0886,2011,text,care-memory-and-relationships,contextual,recovered,aggregate-only
recovered-0887,2011,text,care-memory-and-relationships,contextual,recovered,aggregate-only
recovered-0888,2011,text,everyday-life-and-observation,contextual,recovered,aggregate-only
recovered-0889,2011,shared-story,everyday-life-and-observation,contextual,recovered,aggregate-only
recovered-0890,2011,external-link,everyday-life-and-observation,contextual,recovered,aggregate-only
recovered-0891,2011,photo-album,media-only-or-text-unavailable,contextual,recovered,aggregate-only
recovered-0892,2011,text,culture-art-and-performance,contextual,recovered,aggregate-only
recovered-0893,2011,text,everyday-life-and-observation,contextual,recovered,aggregate-only
recovered-0894,2011,text,everyday-life-and-observation,contextual,recovered,aggregate-only
recovered-0895,2011,text,waterways-place-and-ecology,practice-related,recovered,aggregate-only
recovered-0896,2011,text,everyday-life-and-observation,contextual,recovered,aggregate-only
recovered-0897,2011,text,everyday-life-and-observation,contextual,recovered,aggregate-only
recovered-0898,2011,text,everyday-life-and-observation,contextual,recovered,aggregate-only
recovered-0899,2011,text,everyday-life-and-observation,contextual,recovered,aggregate-only
recovered-0900,2011,text,everyday-life-and-observation,contextual,recovered,aggregate-only
recovered-0901,2011,photo,everyday-life-and-observation,contextual,recovered,aggregate-only
recovered-0902,2011,shared-story,everyday-life-and-observation,contextual,recovered,aggregate-only
recovered-0903,2011,photo-album,media-only-or-text-unavailable,contextual,recovered,aggregate-only
recovered-0904,2011,photo-album,media-only-or-text-unavailable,contextual,recovered,aggregate-only
recovered-0905,2011,photo-album,media-only-or-text-unavailable,contextual,recovered,aggregate-only
recovered-0906,2011,text,everyday-life-and-observation,contextual,recovered,aggregate-only
recovered-0907,2011,text,everyday-life-and-observation,contextual,recovered,aggregate-only
recovered-0908,2011,text,everyday-life-and-observation,contextual,recovered,aggregate-only
recovered-0909,2011,text,everyday-life-and-observation,contextual,recovered,aggregate-only
recovered-0910,2011,text,everyday-life-and-observation,contextual,recovered,aggregate-only
recovered-0911,2011,photo-album,media-only-or-text-unavailable,contextual,recovered,aggregate-only
recovered-0912,2011,text,everyday-life-and-observation,contextual,recovered,aggregate-only
recovered-0913,2011,text,everyday-life-and-observation,contextual,recovered,aggregate-only
recovered-0914,2011,text,everyday-life-and-observation,contextual,recovered,aggregate-only
recovered-0915,2011,text,everyday-life-and-observation,contextual,recovered,aggregate-only
recovered-0916,2011,external-link,everyday-life-and-observation,contextual,recovered,aggregate-only
recovered-0917,2011,shared-story,culture-art-and-performance,contextual,recovered,aggregate-only
recovered-0918,2011,text,everyday-life-and-observation,contextual,recovered,aggregate-only
recovered-0919,2011,shared-story,everyday-life-and-observation,contextual,recovered,aggregate-only
recovered-0920,2011,shared-story,everyday-life-and-observation,contextual,recovered,aggregate-only
recovered-0921,2011,text,culture-art-and-performance,contextual,recovered,aggregate-only
recovered-0922,2011,text,culture-art-and-performance,contextual,recovered,aggregate-only
recovered-0923,2011,photo,everyday-life-and-observation,contextual,recovered,aggregate-only
recovered-0924,2011,text,culture-art-and-performance,contextual,recovered,aggregate-only
recovered-0925,2011,text,everyday-life-and-observation,contextual,recovered,aggregate-only
recovered-0926,2011,text,everyday-life-and-observation,contextual,recovered,aggregate-only
recovered-0927,2011,text,waterways-place-and-ecology,practice-related,recovered,aggregate-only
recovered-0928,2011,text,everyday-life-and-observation,contextual,recovered,aggregate-only
recovered-0929,2011,text,everyday-life-and-observation,contextual,recovered,aggregate-only
recovered-0930,2011,photo-album,media-only-or-text-unavailable,contextual,recovered,aggregate-only
recovered-0931,2011,text,everyday-life-and-observation,contextual,recovered,aggregate-only
recovered-0932,2011,text,everyday-life-and-observation,contextual,recovered,aggregate-only
recovered-0933,2010,photo,media-only-or-text-unavailable,contextual,recovered,aggregate-only
recovered-0934,2010,media-or-text-unavailable,media-only-or-text-unavailable,contextual,recovered,aggregate-only
recovered-0935,2010,text,everyday-life-and-observation,contextual,recovered,aggregate-only
recovered-0936,2010,text,everyday-life-and-observation,contextual,recovered,aggregate-only
recovered-0937,2010,text,culture-art-and-performance,contextual,recovered,aggregate-only
recovered-0938,2010,text,everyday-life-and-observation,contextual,recovered,aggregate-only
recovered-0939,2010,text,everyday-life-and-observation,contextual,recovered,aggregate-only
recovered-0940,2010,text,everyday-life-and-observation,contextual,recovered,aggregate-only
recovered-0941,2010,text,everyday-life-and-observation,contextual,recovered,aggregate-only
recovered-0942,2010,text,everyday-life-and-observation,contextual,recovered,aggregate-only
recovered-0943,2010,text,everyday-life-and-observation,contextual,recovered,aggregate-only
recovered-0944,2010,text,everyday-life-and-observation,contextual,recovered,aggregate-only
recovered-0945,2010,text,everyday-life-and-observation,contextual,recovered,aggregate-only
recovered-0946,2010,text,everyday-life-and-observation,contextual,recovered,aggregate-only
recovered-0947,2010,shared-story,care-memory-and-relationships,contextual,recovered,aggregate-only
recovered-0948,2010,text,everyday-life-and-observation,contextual,recovered,aggregate-only
recovered-0949,2010,text,everyday-life-and-observation,contextual,recovered,aggregate-only
recovered-0950,2010,photo,everyday-life-and-observation,contextual,recovered,aggregate-only
recovered-0951,2010,text,everyday-life-and-observation,contextual,recovered,aggregate-only
recovered-0952,2010,text,everyday-life-and-observation,contextual,recovered,aggregate-only
recovered-0953,2010,text,everyday-life-and-observation,contextual,recovered,aggregate-only
recovered-0954,2010,text,everyday-life-and-observation,contextual,recovered,aggregate-only
recovered-0955,2010,photo,media-only-or-text-unavailable,contextual,recovered,aggregate-only
recovered-0956,2010,photo,media-only-or-text-unavailable,contextual,recovered,aggregate-only
recovered-0957,2010,text,everyday-life-and-observation,contextual,recovered,aggregate-only
recovered-0958,2010,text,everyday-life-and-observation,contextual,recovered,aggregate-only
recovered-0959,2010,media-or-text-unavailable,media-only-or-text-unavailable,contextual,recovered,aggregate-only
recovered-0960,2010,text,everyday-life-and-observation,contextual,recovered,aggregate-only
recovered-0961,2010,photo,everyday-life-and-observation,contextual,recovered,aggregate-only
recovered-0962,2010,text,everyday-life-and-observation,contextual,recovered,aggregate-only
recovered-0963,2010,text,waterways-place-and-ecology,practice-related,recovered,aggregate-only
recovered-0964,2010,text,waterways-place-and-ecology,practice-related,recovered,aggregate-only
recovered-0965,2010,text,culture-art-and-performance,contextual,recovered,aggregate-only
recovered-0966,2010,media-or-text-unavailable,media-only-or-text-unavailable,contextual,recovered,aggregate-only
recovered-0967,2010,text,everyday-life-and-observation,contextual,recovered,aggregate-only
recovered-0968,2010,media-or-text-unavailable,media-only-or-text-unavailable,contextual,recovered,aggregate-only
recovered-0969,2010,media-or-text-unavailable,media-only-or-text-unavailable,contextual,recovered,aggregate-only
recovered-0970,2010,media-or-text-unavailable,media-only-or-text-unavailable,contextual,recovered,aggregate-only
recovered-0971,2010,media-or-text-unavailable,media-only-or-text-unavailable,contextual,recovered,aggregate-only
recovered-0972,2010,media-or-text-unavailable,media-only-or-text-unavailable,contextual,recovered,aggregate-only
recovered-0973,2010,text,everyday-life-and-observation,contextual,recovered,aggregate-only
recovered-0974,2010,text,waterways-place-and-ecology,practice-related,recovered,aggregate-only
recovered-0975,2010,media-or-text-unavailable,media-only-or-text-unavailable,contextual,recovered,aggregate-only
recovered-0976,2010,media-or-text-unavailable,media-only-or-text-unavailable,contextual,recovered,aggregate-only
recovered-0977,2010,text,everyday-life-and-observation,contextual,recovered,aggregate-only
recovered-0978,2010,media-or-text-unavailable,media-only-or-text-unavailable,contextual,recovered,aggregate-only
recovered-0979,2010,media-or-text-unavailable,media-only-or-text-unavailable,contextual,recovered,aggregate-only
recovered-0980,2010,media-or-text-unavailable,media-only-or-text-unavailable,contextual,recovered,aggregate-only
recovered-0981,2010,media-or-text-unavailable,media-only-or-text-unavailable,contextual,recovered,aggregate-only
recovered-0982,2010,text,community-and-hospitality,practice-related,recovered,aggregate-only
recovered-0983,2010,text,everyday-life-and-observation,contextual,recovered,aggregate-only
recovered-0984,2010,text,everyday-life-and-observation,contextual,recovered,aggregate-only
recovered-0985,2010,text,everyday-life-and-observation,contextual,recovered,aggregate-only
recovered-0986,2010,text,everyday-life-and-observation,contextual,recovered,aggregate-only
recovered-0987,2010,media-or-text-unavailable,media-only-or-text-unavailable,contextual,recovered,aggregate-only
recovered-0988,2010,text,everyday-life-and-observation,contextual,recovered,aggregate-only
recovered-0989,2010,text,everyday-life-and-observation,contextual,recovered,aggregate-only
recovered-0990,2010,text,everyday-life-and-observation,contextual,recovered,aggregate-only
recovered-0991,2010,text,everyday-life-and-observation,contextual,recovered,aggregate-only
recovered-0992,2010,text,everyday-life-and-observation,contextual,recovered,aggregate-only
recovered-0993,2010,media-or-text-unavailable,media-only-or-text-unavailable,contextual,recovered,aggregate-only
recovered-0994,2010,text,everyday-life-and-observation,contextual,recovered,aggregate-only
recovered-0995,2010,media-or-text-unavailable,media-only-or-text-unavailable,contextual,recovered,aggregate-only
recovered-0996,2010,external-link,everyday-life-and-observation,contextual,recovered,aggregate-only
recovered-0997,2010,external-link,everyday-life-and-observation,contextual,recovered,aggregate-only
recovered-0998,2010,media-or-text-unavailable,media-only-or-text-unavailable,contextual,recovered,aggregate-only
recovered-0999,2010,external-link,everyday-life-and-observation,contextual,recovered,aggregate-only
recovered-1000,2010,text,everyday-life-and-observation,contextual,recovered,aggregate-only
recovered-1001,2010,text,everyday-life-and-observation,contextual,recovered,aggregate-only
recovered-1002,2010,media-or-text-unavailable,media-only-or-text-unavailable,contextual,recovered,aggregate-only
recovered-1003,2010,text,everyday-life-and-observation,contextual,recovered,aggregate-only
recovered-1004,2010,text,everyday-life-and-observation,contextual,recovered,aggregate-only
recovered-1005,2010,text,technical-and-digital-practice,practice-related,recovered,aggregate-only
recovered-1006,2010,text,everyday-life-and-observation,contextual,recovered,aggregate-only
recovered-1007,2010,text,everyday-life-and-observation,contextual,recovered,aggregate-only
recovered-1008,2010,text,everyday-life-and-observation,contextual,recovered,aggregate-only
recovered-1009,2010,photo-album,everyday-life-and-observation,contextual,recovered,aggregate-only
recovered-1010,2010,text,everyday-life-and-observation,contextual,recovered,aggregate-only
recovered-1011,2010,text,everyday-life-and-observation,contextual,recovered,aggregate-only
recovered-1012,2010,text,everyday-life-and-observation,contextual,recovered,aggregate-only
recovered-1013,2010,text,everyday-life-and-observation,contextual,recovered,aggregate-only
recovered-1014,2010,text,everyday-life-and-observation,contextual,recovered,aggregate-only
recovered-1015,2009,text,everyday-life-and-observation,contextual,recovered,aggregate-only
recovered-1016,2009,text,everyday-life-and-observation,contextual,recovered,aggregate-only
recovered-1017,2009,text,everyday-life-and-observation,contextual,recovered,aggregate-only
recovered-1018,2009,text,everyday-life-and-observation,contextual,recovered,aggregate-only
recovered-1019,2009,media-or-text-unavailable,media-only-or-text-unavailable,contextual,recovered,aggregate-only
recovered-1020,2009,text,everyday-life-and-observation,contextual,recovered,aggregate-only
recovered-1021,2009,text,everyday-life-and-observation,contextual,recovered,aggregate-only
recovered-1022,2009,media-or-text-unavailable,media-only-or-text-unavailable,contextual,recovered,aggregate-only
recovered-1023,2009,external-link,everyday-life-and-observation,contextual,recovered,aggregate-only
recovered-1024,2009,media-or-text-unavailable,media-only-or-text-unavailable,contextual,recovered,aggregate-only
recovered-1025,2009,external-link,everyday-life-and-observation,contextual,recovered,aggregate-only
recovered-1026,2009,media-or-text-unavailable,media-only-or-text-unavailable,contextual,recovered,aggregate-only
recovered-1027,2009,media-or-text-unavailable,media-only-or-text-unavailable,contextual,recovered,aggregate-only
recovered-1028,2009,media-or-text-unavailable,media-only-or-text-unavailable,contextual,recovered,aggregate-only
recovered-1029,2009,media-or-text-unavailable,media-only-or-text-unavailable,contextual,recovered,aggregate-only
recovered-1030,2009,text,everyday-life-and-observation,contextual,recovered,aggregate-only
recovered-1031,2009,media-or-text-unavailable,media-only-or-text-unavailable,contextual,recovered,aggregate-only
recovered-1032,2009,media-or-text-unavailable,media-only-or-text-unavailable,contextual,recovered,aggregate-only
recovered-1033,2009,media-or-text-unavailable,media-only-or-text-unavailable,contextual,recovered,aggregate-only
recovered-1034,2009,media-or-text-unavailable,media-only-or-text-unavailable,contextual,recovered,aggregate-only
recovered-1035,2009,media-or-text-unavailable,media-only-or-text-unavailable,contextual,recovered,aggregate-only
recovered-1036,2009,media-or-text-unavailable,media-only-or-text-unavailable,contextual,recovered,aggregate-only
recovered-1037,2009,media-or-text-unavailable,media-only-or-text-unavailable,contextual,recovered,aggregate-only
recovered-1038,2009,media-or-text-unavailable,media-only-or-text-unavailable,contextual,recovered,aggregate-only
recovered-1039,2009,text,everyday-life-and-observation,contextual,recovered,aggregate-only
recovered-1040,2009,external-link,everyday-life-and-observation,contextual,recovered,aggregate-only
recovered-1041,2009,text,culture-art-and-performance,contextual,recovered,aggregate-only
recovered-1042,2009,text,everyday-life-and-observation,contextual,recovered,aggregate-only
recovered-1043,2009,media-or-text-unavailable,media-only-or-text-unavailable,contextual,recovered,aggregate-only
recovered-1044,2009,text,culture-art-and-performance,project-specific,recovered,aggregate-only
recovered-1045,2009,text,culture-art-and-performance,project-specific,recovered,aggregate-only
recovered-1046,2009,text,waterways-place-and-ecology,practice-related,recovered,aggregate-only
recovered-1047,2009,text,everyday-life-and-observation,project-specific,recovered,aggregate-only
recovered-1048,2009,text,culture-art-and-performance,project-specific,recovered,aggregate-only
recovered-1049,2009,media-or-text-unavailable,media-only-or-text-unavailable,contextual,recovered,aggregate-only
recovered-1050,2009,text,culture-art-and-performance,contextual,recovered,aggregate-only
recovered-1051,2009,text,waterways-place-and-ecology,practice-related,recovered,aggregate-only
recovered-1052,2009,text,waterways-place-and-ecology,practice-related,recovered,aggregate-only
recovered-1053,2009,external-link,waterways-place-and-ecology,project-specific,recovered,aggregate-only
recovered-1054,2009,media-or-text-unavailable,media-only-or-text-unavailable,contextual,recovered,aggregate-only
recovered-1055,2009,text,everyday-life-and-observation,contextual,recovered,aggregate-only
recovered-1056,2009,media-or-text-unavailable,media-only-or-text-unavailable,contextual,recovered,aggregate-only
recovered-1057,2009,text,everyday-life-and-observation,contextual,recovered,aggregate-only
recovered-1058,2009,shared-story,waterways-place-and-ecology,practice-related,recovered,aggregate-only
recovered-1059,2009,text,everyday-life-and-observation,contextual,recovered,aggregate-only
recovered-1060,2009,media-or-text-unavailable,media-only-or-text-unavailable,contextual,recovered,aggregate-only
recovered-1061,2009,external-link,waterways-place-and-ecology,project-specific,recovered,aggregate-only
recovered-1062,2009,media-or-text-unavailable,media-only-or-text-unavailable,contextual,recovered,aggregate-only
recovered-1063,2009,media-or-text-unavailable,media-only-or-text-unavailable,contextual,recovered,aggregate-only
recovered-1064,2009,text,everyday-life-and-observation,contextual,recovered,aggregate-only
recovered-1065,2009,media-or-text-unavailable,media-only-or-text-unavailable,contextual,recovered,aggregate-only
recovered-1066,2009,media-or-text-unavailable,media-only-or-text-unavailable,contextual,recovered,aggregate-only
recovered-1067,2009,media-or-text-unavailable,media-only-or-text-unavailable,contextual,recovered,aggregate-only
recovered-1068,2009,media-or-text-unavailable,media-only-or-text-unavailable,contextual,recovered,aggregate-only
recovered-1069,2009,media-or-text-unavailable,media-only-or-text-unavailable,contextual,recovered,aggregate-only
recovered-1070,2009,media-or-text-unavailable,media-only-or-text-unavailable,contextual,recovered,aggregate-only
recovered-1071,2009,text,everyday-life-and-observation,contextual,recovered,aggregate-only
recovered-1072,2009,media-or-text-unavailable,media-only-or-text-unavailable,contextual,recovered,aggregate-only
recovered-1073,2009,text,waterways-place-and-ecology,practice-related,recovered,aggregate-only
recovered-1074,2009,media-or-text-unavailable,media-only-or-text-unavailable,contextual,recovered,aggregate-only
recovered-1075,2009,text,everyday-life-and-observation,contextual,recovered,aggregate-only
recovered-1076,2009,media-or-text-unavailable,media-only-or-text-unavailable,contextual,recovered,aggregate-only
recovered-1077,2009,media-or-text-unavailable,media-only-or-text-unavailable,contextual,recovered,aggregate-only
recovered-1078,2009,text,everyday-life-and-observation,contextual,recovered,aggregate-only
recovered-1079,2009,media-or-text-unavailable,media-only-or-text-unavailable,contextual,recovered,aggregate-only
recovered-1080,2009,text,everyday-life-and-observation,contextual,recovered,aggregate-only
recovered-1081,2009,media-or-text-unavailable,media-only-or-text-unavailable,contextual,recovered,aggregate-only
recovered-1082,2009,text,everyday-life-and-observation,contextual,recovered,aggregate-only
recovered-1083,2009,media-or-text-unavailable,media-only-or-text-unavailable,contextual,recovered,aggregate-only
recovered-1084,2009,media-or-text-unavailable,media-only-or-text-unavailable,contextual,recovered,aggregate-only
recovered-1085,2009,text,care-memory-and-relationships,contextual,recovered,aggregate-only
recovered-1086,2009,media-or-text-unavailable,media-only-or-text-unavailable,contextual,recovered,aggregate-only
recovered-1087,2009,media-or-text-unavailable,media-only-or-text-unavailable,contextual,recovered,aggregate-only
recovered-1088,2009,media-or-text-unavailable,media-only-or-text-unavailable,contextual,recovered,aggregate-only
recovered-1089,2009,media-or-text-unavailable,media-only-or-text-unavailable,contextual,recovered,aggregate-only
recovered-1090,2009,media-or-text-unavailable,media-only-or-text-unavailable,contextual,recovered,aggregate-only
recovered-1091,2009,external-link,waterways-place-and-ecology,practice-related,recovered,aggregate-only
recovered-1092,2009,external-link,everyday-life-and-observation,contextual,recovered,aggregate-only
recovered-1093,2009,media-or-text-unavailable,media-only-or-text-unavailable,contextual,recovered,aggregate-only
recovered-1094,2009,text,everyday-life-and-observation,contextual,recovered,aggregate-only
recovered-1095,2009,media-or-text-unavailable,media-only-or-text-unavailable,contextual,recovered,aggregate-only
recovered-1096,2009,text,care-memory-and-relationships,contextual,recovered,aggregate-only
recovered-1097,2009,text,waterways-place-and-ecology,practice-related,recovered,aggregate-only
recovered-1098,2009,text,everyday-life-and-observation,contextual,recovered,aggregate-only
recovered-1099,2009,media-or-text-unavailable,media-only-or-text-unavailable,contextual,recovered,aggregate-only
recovered-1100,2009,media-or-text-unavailable,media-only-or-text-unavailable,contextual,recovered,aggregate-only
recovered-1101,2009,media-or-text-unavailable,media-only-or-text-unavailable,contextual,recovered,aggregate-only
recovered-1102,2009,media-or-text-unavailable,media-only-or-text-unavailable,contextual,recovered,aggregate-only
recovered-1103,2009,text,everyday-life-and-observation,contextual,recovered,aggregate-only
recovered-1104,2009,media-or-text-unavailable,media-only-or-text-unavailable,contextual,recovered,aggregate-only
recovered-1105,2009,media-or-text-unavailable,media-only-or-text-unavailable,contextual,recovered,aggregate-only
recovered-1106,2009,text,waterways-place-and-ecology,practice-related,recovered,aggregate-only
recovered-1107,2009,text,everyday-life-and-observation,contextual,recovered,aggregate-only
recovered-1108,2009,external-link,culture-art-and-performance,contextual,recovered,aggregate-only
recovered-1109,2009,text,everyday-life-and-observation,contextual,recovered,aggregate-only
recovered-1110,2009,text,everyday-life-and-observation,contextual,recovered,aggregate-only
recovered-1111,2009,text,everyday-life-and-observation,contextual,recovered,aggregate-only
recovered-1112,2009,text,everyday-life-and-observation,contextual,recovered,aggregate-only
recovered-1113,2009,text,everyday-life-and-observation,contextual,recovered,aggregate-only
recovered-1114,2009,media-or-text-unavailable,media-only-or-text-unavailable,contextual,recovered,aggregate-only
recovered-1115,2009,shared-story,media-only-or-text-unavailable,contextual,recovered,aggregate-only
recovered-1116,2009,media-or-text-unavailable,media-only-or-text-unavailable,contextual,recovered,aggregate-only
recovered-1117,2009,text,everyday-life-and-observation,contextual,recovered,aggregate-only
recovered-1118,2009,media-or-text-unavailable,media-only-or-text-unavailable,contextual,recovered,aggregate-only
recovered-1119,2009,media-or-text-unavailable,media-only-or-text-unavailable,contextual,recovered,aggregate-only
recovered-1120,2009,media-or-text-unavailable,media-only-or-text-unavailable,contextual,recovered,aggregate-only
recovered-1121,2009,media-or-text-unavailable,media-only-or-text-unavailable,contextual,recovered,aggregate-only
recovered-1122,2009,text,everyday-life-and-observation,contextual,recovered,aggregate-only
recovered-1123,2009,media-or-text-unavailable,media-only-or-text-unavailable,contextual,recovered,aggregate-only
recovered-1124,2009,text,everyday-life-and-observation,contextual,recovered,aggregate-only
recovered-1125,2009,media-or-text-unavailable,media-only-or-text-unavailable,contextual,recovered,aggregate-only
recovered-1126,2009,text,everyday-life-and-observation,contextual,recovered,aggregate-only
recovered-1127,2009,media-or-text-unavailable,media-only-or-text-unavailable,contextual,recovered,aggregate-only
recovered-1128,2009,media-or-text-unavailable,media-only-or-text-unavailable,contextual,recovered,aggregate-only
recovered-1129,2009,media-or-text-unavailable,media-only-or-text-unavailable,contextual,recovered,aggregate-only
recovered-1130,2009,text,everyday-life-and-observation,contextual,recovered,aggregate-only
recovered-1131,2009,media-or-text-unavailable,media-only-or-text-unavailable,contextual,recovered,aggregate-only
recovered-1132,2009,media-or-text-unavailable,media-only-or-text-unavailable,contextual,recovered,aggregate-only
recovered-1133,2009,text,everyday-life-and-observation,contextual,recovered,aggregate-only
recovered-1134,2009,text,everyday-life-and-observation,contextual,recovered,aggregate-only
recovered-1135,2009,text,everyday-life-and-observation,contextual,recovered,aggregate-only
recovered-1136,2009,media-or-text-unavailable,media-only-or-text-unavailable,contextual,recovered,aggregate-only
recovered-1137,2009,media-or-text-unavailable,media-only-or-text-unavailable,contextual,recovered,aggregate-only
recovered-1138,2009,text,everyday-life-and-observation,contextual,recovered,aggregate-only
recovered-1139,2009,text,everyday-life-and-observation,contextual,recovered,aggregate-only
recovered-1140,2009,text,everyday-life-and-observation,contextual,recovered,aggregate-only
recovered-1141,2009,text,everyday-life-and-observation,contextual,recovered,aggregate-only
recovered-1142,2009,text,everyday-life-and-observation,contextual,recovered,aggregate-only
recovered-1143,2009,text,everyday-life-and-observation,contextual,recovered,aggregate-only
recovered-1144,2009,text,everyday-life-and-observation,contextual,recovered,aggregate-only
recovered-1145,2009,text,everyday-life-and-observation,contextual,recovered,aggregate-only
recovered-1146,2009,media-or-text-unavailable,media-only-or-text-unavailable,contextual,recovered,aggregate-only
recovered-1147,2009,shared-story,everyday-life-and-observation,contextual,recovered,aggregate-only
recovered-1148,2009,media-or-text-unavailable,media-only-or-text-unavailable,contextual,recovered,aggregate-only
recovered-1149,2009,media-or-text-unavailable,media-only-or-text-unavailable,contextual,recovered,aggregate-only
recovered-1150,2009,media-or-text-unavailable,media-only-or-text-unavailable,contextual,recovered,aggregate-only
recovered-1151,2009,shared-story,everyday-life-and-observation,contextual,recovered,aggregate-only
recovered-1152,2009,shared-story,media-only-or-text-unavailable,contextual,recovered,aggregate-only
recovered-1153,2009,media-or-text-unavailable,media-only-or-text-unavailable,contextual,recovered,aggregate-only
recovered-1154,2009,text,everyday-life-and-observation,contextual,recovered,aggregate-only
recovered-1155,2009,media-or-text-unavailable,media-only-or-text-unavailable,contextual,recovered,aggregate-only
recovered-1156,2009,media-or-text-unavailable,media-only-or-text-unavailable,contextual,recovered,aggregate-only
recovered-1157,2009,media-or-text-unavailable,media-only-or-text-unavailable,contextual,recovered,aggregate-only
recovered-1158,2009,text,everyday-life-and-observation,contextual,recovered,aggregate-only
recovered-1159,2009,media-or-text-unavailable,media-only-or-text-unavailable,contextual,recovered,aggregate-only
recovered-1160,2009,photo,everyday-life-and-observation,contextual,recovered,aggregate-only
recovered-1161,2009,media-or-text-unavailable,media-only-or-text-unavailable,contextual,recovered,aggregate-only
recovered-1162,2009,media-or-text-unavailable,media-only-or-text-unavailable,contextual,recovered,aggregate-only
recovered-1163,2009,media-or-text-unavailable,media-only-or-text-unavailable,contextual,recovered,aggregate-only
recovered-1164,2009,media-or-text-unavailable,media-only-or-text-unavailable,contextual,recovered,aggregate-only
recovered-1165,2009,text,everyday-life-and-observation,contextual,recovered,aggregate-only
recovered-1166,2009,media-or-text-unavailable,media-only-or-text-unavailable,contextual,recovered,aggregate-only
recovered-1167,2009,media-or-text-unavailable,media-only-or-text-unavailable,contextual,recovered,aggregate-only
recovered-1168,2009,media-or-text-unavailable,culture-art-and-performance,contextual,recovered,aggregate-only
recovered-1169,2009,media-or-text-unavailable,media-only-or-text-unavailable,contextual,recovered,aggregate-only
recovered-1170,2009,media-or-text-unavailable,media-only-or-text-unavailable,contextual,recovered,aggregate-only
recovered-1171,2009,text,everyday-life-and-observation,contextual,recovered,aggregate-only
recovered-1172,2009,text,everyday-life-and-observation,contextual,recovered,aggregate-only
recovered-1173,2009,text,everyday-life-and-observation,contextual,recovered,aggregate-only
recovered-1174,2009,text,everyday-life-and-observation,contextual,recovered,aggregate-only
recovered-1175,2009,shared-story,media-only-or-text-unavailable,contextual,recovered,aggregate-only
recovered-1176,2009,text,everyday-life-and-observation,contextual,recovered,aggregate-only
recovered-1177,2009,media-or-text-unavailable,media-only-or-text-unavailable,contextual,recovered,aggregate-only
recovered-1178,2009,text,everyday-life-and-observation,contextual,recovered,aggregate-only
recovered-1179,2009,text,everyday-life-and-observation,contextual,recovered,aggregate-only
recovered-1180,2009,media-or-text-unavailable,media-only-or-text-unavailable,contextual,recovered,aggregate-only
recovered-1181,2009,media-or-text-unavailable,media-only-or-text-unavailable,contextual,recovered,aggregate-only
recovered-1182,2009,media-or-text-unavailable,media-only-or-text-unavailable,contextual,recovered,aggregate-only
recovered-1183,2009,media-or-text-unavailable,media-only-or-text-unavailable,contextual,recovered,aggregate-only
recovered-1184,2009,media-or-text-unavailable,media-only-or-text-unavailable,contextual,recovered,aggregate-only
recovered-1185,2009,external-link,media-only-or-text-unavailable,contextual,recovered,aggregate-only
recovered-1186,2009,external-link,culture-art-and-performance,contextual,recovered,aggregate-only
recovered-1187,2009,media-or-text-unavailable,media-only-or-text-unavailable,contextual,recovered,aggregate-only
recovered-1188,2009,media-or-text-unavailable,media-only-or-text-unavailable,contextual,recovered,aggregate-only
recovered-1189,2009,media-or-text-unavailable,media-only-or-text-unavailable,contextual,recovered,aggregate-only
recovered-1190,2009,external-link,technical-and-digital-practice,practice-related,recovered,aggregate-only
recovered-1191,2009,media-or-text-unavailable,media-only-or-text-unavailable,contextual,recovered,aggregate-only
recovered-1192,2009,media-or-text-unavailable,media-only-or-text-unavailable,contextual,recovered,aggregate-only
recovered-1193,2009,media-or-text-unavailable,media-only-or-text-unavailable,contextual,recovered,aggregate-only
recovered-1194,2009,media-or-text-unavailable,media-only-or-text-unavailable,contextual,recovered,aggregate-only
recovered-1195,2009,media-or-text-unavailable,media-only-or-text-unavailable,contextual,recovered,aggregate-only
recovered-1196,2009,external-link,technical-and-digital-practice,practice-related,recovered,aggregate-only
recovered-1197,2009,media-or-text-unavailable,media-only-or-text-unavailable,contextual,recovered,aggregate-only
recovered-1198,2009,media-or-text-unavailable,media-only-or-text-unavailable,contextual,recovered,aggregate-only
recovered-1199,2009,media-or-text-unavailable,media-only-or-text-unavailable,contextual,recovered,aggregate-only
recovered-1200,2009,media-or-text-unavailable,media-only-or-text-unavailable,contextual,recovered,aggregate-only
recovered-1201,2009,media-or-text-unavailable,technical-and-digital-practice,practice-related,recovered,aggregate-only
recovered-1202,2009,media-or-text-unavailable,media-only-or-text-unavailable,contextual,recovered,aggregate-only
recovered-1203,2009,media-or-text-unavailable,media-only-or-text-unavailable,contextual,recovered,aggregate-only
recovered-1204,2009,media-or-text-unavailable,media-only-or-text-unavailable,contextual,recovered,aggregate-only
recovered-1205,2009,external-link,technical-and-digital-practice,practice-related,recovered,aggregate-only
recovered-1206,2009,external-link,media-only-or-text-unavailable,contextual,recovered,aggregate-only
recovered-1207,2009,media-or-text-unavailable,media-only-or-text-unavailable,contextual,recovered,aggregate-only
recovered-1208,2009,media-or-text-unavailable,media-only-or-text-unavailable,contextual,recovered,aggregate-only
recovered-1209,2009,media-or-text-unavailable,media-only-or-text-unavailable,contextual,recovered,aggregate-only
recovered-1210,2009,media-or-text-unavailable,media-only-or-text-unavailable,contextual,recovered,aggregate-only
recovered-1211,2009,external-link,technical-and-digital-practice,practice-related,recovered,aggregate-only
recovered-1212,2009,media-or-text-unavailable,media-only-or-text-unavailable,contextual,recovered,aggregate-only
recovered-1213,2009,media-or-text-unavailable,media-only-or-text-unavailable,contextual,recovered,aggregate-only
recovered-1214,2009,media-or-text-unavailable,media-only-or-text-unavailable,contextual,recovered,aggregate-only
recovered-1215,2009,media-or-text-unavailable,media-only-or-text-unavailable,contextual,recovered,aggregate-only
recovered-1216,2009,media-or-text-unavailable,media-only-or-text-unavailable,contextual,recovered,aggregate-only
recovered-1217,2009,media-or-text-unavailable,media-only-or-text-unavailable,contextual,recovered,aggregate-only
recovered-1218,2009,media-or-text-unavailable,media-only-or-text-unavailable,contextual,recovered,aggregate-only
recovered-1219,2009,media-or-text-unavailable,media-only-or-text-unavailable,contextual,recovered,aggregate-only
recovered-1220,2009,media-or-text-unavailable,media-only-or-text-unavailable,contextual,recovered,aggregate-only
recovered-1221,2009,media-or-text-unavailable,media-only-or-text-unavailable,contextual,recovered,aggregate-only
recovered-1222,2009,media-or-text-unavailable,media-only-or-text-unavailable,contextual,recovered,aggregate-only
recovered-1223,2009,media-or-text-unavailable,media-only-or-text-unavailable,contextual,recovered,aggregate-only
recovered-1224,2009,media-or-text-unavailable,media-only-or-text-unavailable,contextual,recovered,aggregate-only
recovered-1225,2009,media-or-text-unavailable,media-only-or-text-unavailable,contextual,recovered,aggregate-only
recovered-1226,2009,media-or-text-unavailable,media-only-or-text-unavailable,contextual,recovered,aggregate-only
recovered-1227,2009,media-or-text-unavailable,media-only-or-text-unavailable,contextual,recovered,aggregate-only
recovered-1228,2009,text,technical-and-digital-practice,practice-related,recovered,aggregate-only
recovered-1229,2009,media-or-text-unavailable,media-only-or-text-unavailable,contextual,recovered,aggregate-only
recovered-1230,2009,shared-story,culture-art-and-performance,contextual,recovered,aggregate-only
recovered-1231,2009,text,everyday-life-and-observation,contextual,recovered,aggregate-only
recovered-1232,2009,text,everyday-life-and-observation,contextual,recovered,aggregate-only
recovered-1233,2008,text,culture-art-and-performance,contextual,recovered,aggregate-only
recovered-1234,2008,text,everyday-life-and-observation,contextual,recovered,aggregate-only
recovered-1235,2008,shared-story,everyday-life-and-observation,contextual,recovered,aggregate-only
recovered-1236,2008,text,culture-art-and-performance,contextual,recovered,aggregate-only
recovered-1237,2007,photo-album,everyday-life-and-observation,contextual,recovered,aggregate-only
recovered-1238,2007,text,everyday-life-and-observation,contextual,recovered,aggregate-only
recovered-1239,2007,text,everyday-life-and-observation,contextual,recovered,aggregate-only
recovered-1240,2007,media-or-text-unavailable,media-only-or-text-unavailable,contextual,recovered,aggregate-only
recovered-1241,2007,media-or-text-unavailable,media-only-or-text-unavailable,contextual,recovered,aggregate-only
recovered-1242,2006,text,everyday-life-and-observation,contextual,recovered,aggregate-only
recovered-1243,2006,media-or-text-unavailable,media-only-or-text-unavailable,contextual,recovered,aggregate-only
