ledger_id,status_id,date,record_type,account,primary_theme,mentioned_handles,hashtags,status_url,accounting_status
recovered-0001,847855360614563842,2017-03-31,authored-record,NYCArtC,public-process-and-government-dialogue,CMReynoso34|commendnyc|danceliberation|NYCulture|RLEspinal,CommunityDriven|createNYC,https://x.com/NYCArtC/status/847855360614563842,recovered
recovered-0002,926538867146149888,2017-11-03,authored-record,NYCArtC,nightlife-and-cultural-space-policy,,,https://x.com/NYCArtC/status/926538867146149888,recovered
recovered-0003,935386487083937792,2017-11-28,authored-record,NYCArtC,nightlife-and-cultural-space-policy,danceliberation|DanceParadeNYC|elsewherespace|NYCMayor|NYCulture|RLEspinal,LetNYCDance,https://x.com/NYCArtC/status/935386487083937792,recovered
recovered-0004,1054360370893209600,2018-10-22,authored-record,NYCArtC,fair-rent-and-storefront-stability,,PassSBJSA|SaveNYCSpaces,https://x.com/NYCArtC/status/1054360370893209600,recovered
recovered-0005,1054445704461066240,2018-10-22,authored-record,NYCArtC,nightlife-and-cultural-space-policy,JimmyVanBramer,PassSBJSA|SaveNYCSpaces|SBJSA,https://x.com/NYCArtC/status/1054445704461066240,recovered
recovered-0006,1169388006844829696,2019-09-04,authored-record,NYCArtC,nightlife-and-cultural-space-policy,RLEspinal|StephenLevin33|TheBlackInst,SaveBlackBrunch|TalksNotRaids,https://x.com/NYCArtC/status/1169388006844829696,recovered
recovered-0007,1169390041128472576,2019-09-04,authored-record,NYCArtC,nightlife-and-cultural-space-policy,,1156|TalksNotRaids,https://x.com/NYCArtC/status/1169390041128472576,recovered
recovered-0008,1181214596025192449,2019-10-07,authored-record,NYCArtC,nightlife-and-cultural-space-policy,MarkGjonajNY|NYCCouncil,TalksNotRaids,https://x.com/NYCArtC/status/1181214596025192449,recovered
recovered-0009,1187742418378076161,2019-10-25,authored-record,NYCArtC,nightlife-and-cultural-space-policy,NYCCouncil|NYCSpeakerCoJo|RLEspinal|StephenLevin33,1156|TalksNotRaids,https://x.com/NYCArtC/status/1187742418378076161,recovered
recovered-0010,1188835059324932098,2019-10-28,authored-record,NYCArtC,fair-rent-and-storefront-stability,NYCCouncil,FairRentNYC,https://x.com/NYCArtC/status/1188835059324932098,recovered
recovered-0011,1189286411737935872,2019-10-29,authored-record,NYCArtC,nightlife-and-cultural-space-policy,NYCCouncil|NYCSpeakerCoJo|odetobabel|TheBlackInst,1156|TalksNotRaids,https://x.com/NYCArtC/status/1189286411737935872,recovered
recovered-0012,1191742977091260421,2019-11-05,authored-record,NYCArtC,coalition-ecosystem-amplification,,,https://x.com/NYCArtC/status/1191742977091260421,recovered
recovered-0013,1194020863584157702,2019-11-11,authored-record,NYCArtC,fair-rent-and-storefront-stability,NYCCouncil,FairRentNYC,https://x.com/NYCArtC/status/1194020863584157702,recovered
recovered-0014,1194253948393328640,2019-11-12,authored-record,NYCArtC,fair-rent-and-storefront-stability,ChhayaCDC|MarkLevineNYC|NYCCouncil|NYCSpeakerCoJo|RLEspinal|StephenLevin33|usb_nyc|Vanessalgibson|VendorPower,FairRentNYC,https://x.com/NYCArtC/status/1194253948393328640,recovered
recovered-0015,1194399703208775689,2019-11-12,authored-record,NYCArtC,fair-rent-and-storefront-stability,CarlinaRivera|NYCCouncil|NYCSpeakerCoJo|RLEspinal|StephenLevin33|Vanessalgibson,FairRentNYC,https://x.com/NYCArtC/status/1194399703208775689,recovered
recovered-0016,1194746006296055808,2019-11-13,authored-record,NYCArtC,fair-rent-and-storefront-stability,CarlinaRivera|NYCCouncil|NYCSpeakerCoJo|RLEspinal|StephenLevin33|Vanessalgibson,FairRentNYC,https://x.com/NYCArtC/status/1194746006296055808,recovered
recovered-0017,1194791019096793090,2019-11-14,authored-record,NYCArtC,fair-rent-and-storefront-stability,NYCCouncil,FairRentNYC,https://x.com/NYCArtC/status/1194791019096793090,recovered
recovered-0018,1194968222241607681,2019-11-14,authored-record,NYCArtC,fair-rent-and-storefront-stability,BKAlegal|ChhayaCDC|CooperSq|NYCCouncil|NYCSpeakerCoJo|RLEspinal|StephenLevin33|TakerootNYC|Vanessalgibson|VendorPower,FairRentNYC,https://x.com/NYCArtC/status/1194968222241607681,recovered
recovered-0019,1195524887085027329,2019-11-16,authored-record,NYCArtC,fair-rent-and-storefront-stability,NYCCouncil|NYCSpeakerCoJo|odetobabel|RLEspinal|StephenLevin33|TheBlackInst,1796|FairRentNYC|TalksNotRaids,https://x.com/NYCArtC/status/1195524887085027329,recovered
recovered-0020,1196441937731112966,2019-11-18,authored-record,NYCArtC,fair-rent-and-storefront-stability,CoreyinNYC|NYCArtC|NYCCouncil|olympiakazi|StephenLevin33,1796|FairRentNYC,https://x.com/NYCArtC/status/1196441937731112966,recovered
recovered-0021,1196468685113835520,2019-11-18,authored-record,NYCArtC,fair-rent-and-storefront-stability,ChhayaCDC|CoreyinNYC|NYCCouncil|StephenLevin33,1796|FairRentNYC,https://x.com/NYCArtC/status/1196468685113835520,recovered
recovered-0022,1196479954873131009,2019-11-18,authored-record,NYCArtC,fair-rent-and-storefront-stability,ANHDNYC|bradlander|CoreyinNYC|NYCCouncil|StephenLevin33,1796|FairRentNYC,https://x.com/NYCArtC/status/1196479954873131009,recovered
recovered-0023,1196500867236667392,2019-11-18,authored-record,NYCArtC,fair-rent-and-storefront-stability,bradlander|CoreyinNYC|NYCCouncil,1796|FairRentNYC,https://x.com/NYCArtC/status/1196500867236667392,recovered
recovered-0024,1196518439940063232,2019-11-18,authored-record,NYCArtC,fair-rent-and-storefront-stability,CoreyinNYC|Mo__Attia|NYCCouncil|VendorPower,1796|FairRentNYC,https://x.com/NYCArtC/status/1196518439940063232,recovered
recovered-0025,1196535801179508737,2019-11-18,authored-record,NYCArtC,fair-rent-and-storefront-stability,CoreyinNYC|Local_802_AFM|NYCCouncil,1796|FairRentNYC,https://x.com/NYCArtC/status/1196535801179508737,recovered
recovered-0026,1196541086400823296,2019-11-18,authored-record,NYCArtC,fair-rent-and-storefront-stability,CoreyinNYC|NYCCouncil,FairRentNYC,https://x.com/NYCArtC/status/1196541086400823296,recovered
recovered-0027,1196794506466586625,2019-11-19,authored-record,NYCArtC,fair-rent-and-storefront-stability,CoreyinNYC|Natasha_Amott|NYCCouncil|whisknyc,1796|FairRentNYC,https://x.com/NYCArtC/status/1196794506466586625,recovered
recovered-0028,1196841343345184768,2019-11-19,authored-record,NYCArtC,fair-rent-and-storefront-stability,friendsloversbk,FairRentNYC|TalksNotRaids,https://x.com/NYCArtC/status/1196841343345184768,recovered
recovered-0029,1196841769058615296,2019-11-19,authored-record,NYCArtC,coalition-ecosystem-amplification,,,https://x.com/NYCArtC/status/1196841769058615296,recovered
recovered-0030,1199361927211868162,2019-11-26,authored-record,NYCArtC,fair-rent-and-storefront-stability,CoreyinNYC|NYCCouncil,1796|FairRentNYC,https://x.com/NYCArtC/status/1199361927211868162,recovered
recovered-0031,1199362024758808576,2019-11-26,authored-record,NYCArtC,fair-rent-and-storefront-stability,CoreyinNYC|NYCCouncil,1796|FairRentNYC,https://x.com/NYCArtC/status/1199362024758808576,recovered
recovered-0032,1199362821097754627,2019-11-26,authored-record,NYCArtC,fair-rent-and-storefront-stability,CarlinaRivera,1796|FairRentNYC,https://x.com/NYCArtC/status/1199362821097754627,recovered
recovered-0033,1202593898310311936,2019-12-05,authored-record,NYCArtC,fair-rent-and-storefront-stability,CarlinaRivera|CoreyinNYC|NYCCouncil,1796|FairRentNYC,https://x.com/NYCArtC/status/1202593898310311936,recovered
recovered-0034,1203084325069172737,2019-12-06,authored-record,NYCArtC,fair-rent-and-storefront-stability,CoreyinNYC|NYCCouncil,1796|FairRentNYC,https://x.com/NYCArtC/status/1203084325069172737,recovered
recovered-0035,1204434879670304772,2019-12-10,authored-record,NYCArtC,fair-rent-and-storefront-stability,CoreyinNYC|NYCCouncil,1796|FairRentNYC,https://x.com/NYCArtC/status/1204434879670304772,recovered
recovered-0036,1211759409724043264,2019-12-30,authored-record,NYCArtC,fair-rent-and-storefront-stability,ChelseaFleaNYC|NYCCouncil,1796|FairRentNYC,https://x.com/NYCArtC/status/1211759409724043264,recovered
recovered-0037,1215389653664256005,2020-01-09,authored-record,NYCArtC,fair-rent-and-storefront-stability,bookculture|Gothamist|NYCCouncil,1796|FairRentNYC,https://x.com/NYCArtC/status/1215389653664256005,recovered
recovered-0038,1215400239366123521,2020-01-09,authored-record,NYCArtC,fair-rent-and-storefront-stability,BobHoldenNYC|NYCCouncil|NYCSpeakerCoJo,1796|FairRentNYC,https://x.com/NYCArtC/status/1215400239366123521,recovered
recovered-0039,1215658556269244417,2020-01-10,authored-record,NYCArtC,fair-rent-and-storefront-stability,BobHoldenNYC|NYCCouncil|NYCSpeakerCoJo,1796|FairRentNYC,https://x.com/NYCArtC/status/1215658556269244417,recovered
recovered-0040,1215799638026047488,2020-01-11,authored-record,NYCArtC,fair-rent-and-storefront-stability,jeremoss|Neirstavern|NYCCouncil,1796|FairRentNYC,https://x.com/NYCArtC/status/1215799638026047488,recovered
recovered-0041,1220374927745765378,2020-01-23,authored-record,NYCArtC,fair-rent-and-storefront-stability,ChhayaCDC|NYCSpeakerCoJo|StephenLevin33|usb_nyc,1796|FairRentNYC,https://x.com/NYCArtC/status/1220374927745765378,recovered
recovered-0042,1221853315434270720,2020-01-27,authored-record,NYCArtC,fair-rent-and-storefront-stability,freelancersu|NYCCouncil|RLEspinal,FairRentNYC|letNYCDance|TalksNotRaids,https://x.com/NYCArtC/status/1221853315434270720,recovered
recovered-0043,1221904560186429441,2020-01-27,authored-record,NYCArtC,fair-rent-and-storefront-stability,ANHDNYC|Babycastles|ChhayaCDC|NYCartc|NYCCouncil|NYCSpeakerCoJo,FairRentNYC,https://x.com/NYCArtC/status/1221904560186429441,recovered
recovered-0044,1225606526850805760,2020-02-07,authored-record,NYCArtC,fair-rent-and-storefront-stability,MarkGjonajNY|NYCSpeakerCoJo,1796|FairRentNYC,https://x.com/NYCArtC/status/1225606526850805760,recovered
recovered-0045,1225606824860307457,2020-02-07,authored-record,NYCArtC,fair-rent-and-storefront-stability,MarkGjonajNY|NYCSpeakerCoJo,1796|FairRentNYC,https://x.com/NYCArtC/status/1225606824860307457,recovered
recovered-0046,1225931067137384448,2020-02-07,authored-record,NYCArtC,fair-rent-and-storefront-stability,MarkGjonajNY|NYCSpeakerCoJo,1796|FairRentNYC,https://x.com/NYCArtC/status/1225931067137384448,recovered
recovered-0047,1225936499956486145,2020-02-08,authored-record,NYCArtC,fair-rent-and-storefront-stability,NYCCouncil|NYCSpeakerCoJo,1796|FairRentNYC,https://x.com/NYCArtC/status/1225936499956486145,recovered
recovered-0048,1225942099884957697,2020-02-08,authored-record,NYCArtC,fair-rent-and-storefront-stability,NYCMayor,1796|FairRentNYC|SaveOurCity,https://x.com/NYCArtC/status/1225942099884957697,recovered
recovered-0049,1225942231971958786,2020-02-08,authored-record,NYCArtC,fair-rent-and-storefront-stability,NYCMayor,1796|FairRentNYC|SaveOurCity,https://x.com/NYCArtC/status/1225942231971958786,recovered
recovered-0050,1226980529364512768,2020-02-10,authored-record,NYCArtC,artist-resources-and-opportunities,SoundMindBK,,https://x.com/NYCArtC/status/1226980529364512768,recovered
recovered-0051,1227310434077769733,2020-02-11,authored-record,NYCArtC,fair-rent-and-storefront-stability,HelenRosenthal|MarkLevineNYC|NYCCouncil|NYCMayor|NYCSpeakerCoJo,1796|FairRentNYC,https://x.com/NYCArtC/status/1227310434077769733,recovered
recovered-0052,1227311096656207880,2020-02-11,authored-record,NYCArtC,fair-rent-and-storefront-stability,bradlander|HelenRosenthal|MarkGjonajNY|MarkLevineNYC|NYCCouncil|NYCSpeakerCoJo|StephenLevin33|ydanis,1796|FairRentNYC,https://x.com/NYCArtC/status/1227311096656207880,recovered
recovered-0053,1227311434146762753,2020-02-11,authored-record,NYCArtC,fair-rent-and-storefront-stability,bradlander|HelenRosenthal|MarkGjonajNY|MarkLevineNYC|NYCCouncil|NYCSpeakerCoJo|StephenLevin33|ydanis,1796|FairRentNYC,https://x.com/NYCArtC/status/1227311434146762753,recovered
recovered-0054,1227311640359686151,2020-02-11,authored-record,NYCArtC,fair-rent-and-storefront-stability,bradlander|HelenRosenthal|MarkGjonajNY|MarkLevineNYC|NYCCouncil|NYCSpeakerCoJo|StephenLevin33|ydanis,1796|FairRentNYC,https://x.com/NYCArtC/status/1227311640359686151,recovered
recovered-0055,1230520600407441409,2020-02-20,authored-record,NYCArtC,fair-rent-and-storefront-stability,MarkGjonajNY|NYCMayor|NYCSpeakerCoJo|StephenLevin33,1796,https://x.com/NYCArtC/status/1230520600407441409,recovered
recovered-0056,1230520722356887555,2020-02-20,authored-record,NYCArtC,fair-rent-and-storefront-stability,MarkGjonajNY|NYCMayor|NYCSpeakerCoJo|StephenLevin33,1796,https://x.com/NYCArtC/status/1230520722356887555,recovered
recovered-0057,1232373582287773696,2020-02-25,authored-record,NYCArtC,fair-rent-and-storefront-stability,addyDOLL|NYCCouncil|NYCSpeakerCoJo|PartyBlackly|RCornegyJr,1796|FairRentNYC|THEBLKHR,https://x.com/NYCArtC/status/1232373582287773696,recovered
recovered-0058,1237863302631510016,2020-03-11,authored-record,NYCArtC,mutual-aid-and-pandemic-response,,COVID19,https://x.com/NYCArtC/status/1237863302631510016,recovered
recovered-0059,1238883714484047872,2020-03-14,authored-record,NYCArtC,mutual-aid-and-pandemic-response,,COVID19,https://x.com/NYCArtC/status/1238883714484047872,recovered
recovered-0060,1238987739615412226,2020-03-15,authored-record,NYCArtC,fair-rent-and-storefront-stability,,1796|FairRentNyc,https://x.com/NYCArtC/status/1238987739615412226,recovered
recovered-0061,1239175538062888966,2020-03-15,authored-record,NYCArtC,fair-rent-and-storefront-stability,NYCSpeakerCoJo,1796|FairRentNYC,https://x.com/NYCArtC/status/1239175538062888966,recovered
recovered-0062,1239332314431225858,2020-03-15,authored-record,NYCArtC,fair-rent-and-storefront-stability,NYCCouncil,1796|COVID19|FairRentNYC,https://x.com/NYCArtC/status/1239332314431225858,recovered
recovered-0063,1239613978889895938,2020-03-16,authored-record,NYCArtC,mutual-aid-and-pandemic-response,,,https://x.com/NYCArtC/status/1239613978889895938,recovered
recovered-0064,1239732945956548609,2020-03-17,authored-record,NYCArtC,coalition-ecosystem-amplification,,,https://x.com/NYCArtC/status/1239732945956548609,recovered
recovered-0065,1239733212110295041,2020-03-17,authored-record,NYCArtC,coalition-ecosystem-amplification,ArielPalitz,,https://x.com/NYCArtC/status/1239733212110295041,recovered
recovered-0066,1240017517420183552,2020-03-17,authored-record,NYCArtC,mutual-aid-and-pandemic-response,nyccoophousing,,https://x.com/NYCArtC/status/1240017517420183552,recovered
recovered-0067,1240052893845196802,2020-03-17,authored-record,NYCArtC,mutual-aid-and-pandemic-response,nycemergencymgt|oem,COVID19,https://x.com/NYCArtC/status/1240052893845196802,recovered
recovered-0068,1240084612401020928,2020-03-18,authored-record,NYCArtC,mutual-aid-and-pandemic-response,,COVID19,https://x.com/NYCArtC/status/1240084612401020928,recovered
recovered-0069,1240088520691245057,2020-03-18,authored-record,NYCArtC,coalition-ecosystem-amplification,,,https://x.com/NYCArtC/status/1240088520691245057,recovered
recovered-0070,1240095482715742210,2020-03-18,authored-record,NYCArtC,coalition-ecosystem-amplification,,,https://x.com/NYCArtC/status/1240095482715742210,recovered
recovered-0071,1240296147937382400,2020-03-18,authored-record,NYCArtC,coalition-ecosystem-amplification,indietheaternyc,,https://x.com/NYCArtC/status/1240296147937382400,recovered
recovered-0072,1240367687810928644,2020-03-18,authored-record,NYCArtC,mutual-aid-and-pandemic-response,,,https://x.com/NYCArtC/status/1240367687810928644,recovered
recovered-0073,1240367808766189570,2020-03-18,authored-record,NYCArtC,coalition-ecosystem-amplification,,,https://x.com/NYCArtC/status/1240367808766189570,recovered
recovered-0074,1240658132847808517,2020-03-19,authored-record,NYCArtC,coalition-ecosystem-amplification,,,https://x.com/NYCArtC/status/1240658132847808517,recovered
recovered-0075,1240659672463552516,2020-03-19,authored-record,NYCArtC,coalition-ecosystem-amplification,,,https://x.com/NYCArtC/status/1240659672463552516,recovered
recovered-0076,1240661759792480257,2020-03-19,authored-record,NYCArtC,coalition-ecosystem-amplification,StephenLevin33,ShutdownNYC,https://x.com/NYCArtC/status/1240661759792480257,recovered
recovered-0077,1240706791408689157,2020-03-19,authored-record,NYCArtC,mutual-aid-and-pandemic-response,NY_SLA,,https://x.com/NYCArtC/status/1240706791408689157,recovered
recovered-0078,1240733450807717909,2020-03-19,authored-record,NYCArtC,coalition-ecosystem-amplification,,,https://x.com/NYCArtC/status/1240733450807717909,recovered
recovered-0079,1240764592822923265,2020-03-19,authored-record,NYCArtC,coalition-ecosystem-amplification,,,https://x.com/NYCArtC/status/1240764592822923265,recovered
recovered-0080,1240785521732878338,2020-03-19,authored-record,NYCArtC,mutual-aid-and-pandemic-response,_FABnyc,,https://x.com/NYCArtC/status/1240785521732878338,recovered
recovered-0081,1240815401098981376,2020-03-20,authored-record,NYCArtC,coalition-ecosystem-amplification,,,https://x.com/NYCArtC/status/1240815401098981376,recovered
recovered-0082,1241027411514462210,2020-03-20,authored-record,NYCArtC,coalition-ecosystem-amplification,,,https://x.com/NYCArtC/status/1241027411514462210,recovered
recovered-0083,1241119128380936192,2020-03-20,authored-record,NYCArtC,coalition-ecosystem-amplification,,,https://x.com/NYCArtC/status/1241119128380936192,recovered
recovered-0084,1241746048403587073,2020-03-22,authored-record,NYCArtC,coalition-ecosystem-amplification,,,https://x.com/NYCArtC/status/1241746048403587073,recovered
recovered-0085,1241804445081636864,2020-03-22,authored-record,NYCArtC,coalition-ecosystem-amplification,,,https://x.com/NYCArtC/status/1241804445081636864,recovered
recovered-0086,1241844544137764864,2020-03-22,authored-record,NYCArtC,artist-labor-and-economic-justice,SenSchumer,,https://x.com/NYCArtC/status/1241844544137764864,recovered
recovered-0087,1241853458128519168,2020-03-22,authored-record,NYCArtC,mutual-aid-and-pandemic-response,,COVID19,https://x.com/NYCArtC/status/1241853458128519168,recovered
recovered-0088,1242174817895407620,2020-03-23,authored-record,NYCArtC,mutual-aid-and-pandemic-response,HealthNYGov,COVID19,https://x.com/NYCArtC/status/1242174817895407620,recovered
recovered-0089,1242475180095610880,2020-03-24,authored-record,NYCArtC,coalition-ecosystem-amplification,,CancelRent,https://x.com/NYCArtC/status/1242475180095610880,recovered
recovered-0090,1242912099757588480,2020-03-25,authored-record,NYCArtC,mutual-aid-and-pandemic-response,ANHDNYC|ArielPalitz|RLEspinal|SenSchumer,COVID19,https://x.com/NYCArtC/status/1242912099757588480,recovered
recovered-0091,1244003379719929857,2020-03-28,authored-record,NYCArtC,mutual-aid-and-pandemic-response,BKAlegal|friendsloversbk|NYGovCuomo,CancelRent|COVID19,https://x.com/NYCArtC/status/1244003379719929857,recovered
recovered-0092,1244108052795719680,2020-03-29,authored-record,NYCArtC,mutual-aid-and-pandemic-response,,,https://x.com/NYCArtC/status/1244108052795719680,recovered
recovered-0093,1244305568388411392,2020-03-29,authored-record,NYCArtC,mutual-aid-and-pandemic-response,BKAlegal|friendsloversbk|NYGovCuomo,CancelRent|COVID19,https://x.com/NYCArtC/status/1244305568388411392,recovered
recovered-0094,1244653108547870720,2020-03-30,authored-record,NYCArtC,mutual-aid-and-pandemic-response,BKAlegal|friendsloversbk|NYGovCuomo,CancelRent|COVID19,https://x.com/NYCArtC/status/1244653108547870720,recovered
recovered-0095,1244670327910805505,2020-03-30,authored-record,NYCArtC,nightlife-and-cultural-space-policy,NYGovCuomo|usb_nyc,CancelRent,https://x.com/NYCArtC/status/1244670327910805505,recovered
recovered-0096,1244671479758741504,2020-03-30,authored-record,NYCArtC,nightlife-and-cultural-space-policy,NYGovCuomo|usb_nyc,CancelRent|EvictionMoratorium,https://x.com/NYCArtC/status/1244671479758741504,recovered
recovered-0097,1244673241106591748,2020-03-30,authored-record,NYCArtC,coalition-ecosystem-amplification,usb_nyc,EvictionMoratorium,https://x.com/NYCArtC/status/1244673241106591748,recovered
recovered-0098,1244674499364044807,2020-03-30,authored-record,NYCArtC,coalition-ecosystem-amplification,NYGovCuomo|usb_nyc,CancelRent|EvictionMoratorium,https://x.com/NYCArtC/status/1244674499364044807,recovered
recovered-0099,1244676260980129792,2020-03-30,authored-record,NYCArtC,nightlife-and-cultural-space-policy,housing4allNY|NYGovCuomo|RTCNYC|usb_nyc,CancelRent,https://x.com/NYCArtC/status/1244676260980129792,recovered
recovered-0100,1244677015938056193,2020-03-30,authored-record,NYCArtC,coalition-ecosystem-amplification,NYGovCuomo|usb_nyc,CancelRent,https://x.com/NYCArtC/status/1244677015938056193,recovered
recovered-0101,1244678275483475968,2020-03-30,authored-record,NYCArtC,nightlife-and-cultural-space-policy,TakerootNYC|usb_nyc,EvictionFree|knowYourRights|KnowYourRights,https://x.com/NYCArtC/status/1244678275483475968,recovered
recovered-0102,1244748669460586497,2020-03-30,authored-record,NYCArtC,coalition-ecosystem-amplification,,,https://x.com/NYCArtC/status/1244748669460586497,recovered
recovered-0103,1245088109894795267,2020-03-31,authored-record,NYCArtC,nightlife-and-cultural-space-policy,Bobby4Brooklyn|edilan37|elsewherespace|friendsloversbk|jackartsny|RLEspinal|wondervillenyc|yuhline,COVID19|SaveNYCSpaces,https://x.com/NYCArtC/status/1245088109894795267,recovered
recovered-0104,1245088184830177280,2020-03-31,authored-record,NYCArtC,public-process-and-government-dialogue,,,https://x.com/NYCArtC/status/1245088184830177280,recovered
recovered-0105,1245365049616523266,2020-04-01,authored-record,NYCArtC,nightlife-and-cultural-space-policy,Bobby4Brooklyn|edilan37|elsewherespace|friendsloversbk|jackartsny|RLEspinal|wondervillenyc|yuhline,COVID19|SaveNYCSpaces,https://x.com/NYCArtC/status/1245365049616523266,recovered
recovered-0106,1245764524554227716,2020-04-02,authored-record,NYCArtC,artist-resources-and-opportunities,,,https://x.com/NYCArtC/status/1245764524554227716,recovered
recovered-0107,1245775252560457728,2020-04-02,authored-record,NYCArtC,nightlife-and-cultural-space-policy,Bobby4Brooklyn|edilan37|elsewherespace|friendsloversbk|jackartsny|RLEspinal|wondervillenyc|yuhline,COVID19|SaveNYCSpaces,https://x.com/NYCArtC/status/1245775252560457728,recovered
recovered-0108,1245853287259095040,2020-04-02,authored-record,NYCArtC,nightlife-and-cultural-space-policy,RLEspinal|StephenLevin33,COVID19,https://x.com/NYCArtC/status/1245853287259095040,recovered
recovered-0109,1245908274156797952,2020-04-03,authored-record,NYCArtC,nightlife-and-cultural-space-policy,,COVID19,https://x.com/NYCArtC/status/1245908274156797952,recovered
recovered-0110,1247345933714677762,2020-04-07,authored-record,NYCArtC,fair-rent-and-storefront-stability,ANHDNYC|ChhayaCDC|NYCCouncil|NYCSpeakerCoJo|StephenLevin33,1796|COVID19|FairRentNYC,https://x.com/NYCArtC/status/1247345933714677762,recovered
recovered-0111,1250116705214517248,2020-04-14,authored-record,NYCArtC,artist-labor-and-economic-justice,,,https://x.com/NYCArtC/status/1250116705214517248,recovered
recovered-0112,1250786524968431617,2020-04-16,authored-record,NYCArtC,fair-rent-and-storefront-stability,NYCCouncil,1796|FairRentNYC,https://x.com/NYCArtC/status/1250786524968431617,recovered
recovered-0113,1258455459293519874,2020-05-07,authored-record,NYCArtC,coalition-ecosystem-amplification,,,https://x.com/NYCArtC/status/1258455459293519874,recovered
recovered-0114,1265281712306733056,2020-05-26,authored-record,NYCArtC,nightlife-and-cultural-space-policy,Dromm25|NYC_SBS|NYCMayor|NYCSpeakerCoJo,,https://x.com/NYCArtC/status/1265281712306733056,recovered
recovered-0115,1270521289409789952,2020-06-10,authored-record,NYCArtC,nightlife-and-cultural-space-policy,,BlackLivesMatter|TalksNotRaids,https://x.com/NYCArtC/status/1270521289409789952,recovered
recovered-0116,1271181480845344770,2020-06-11,authored-record,NYCArtC,nightlife-and-cultural-space-policy,friendsloversbk|jackartsny|wondervillenyc,SaveNYCSpaces,https://x.com/NYCArtC/status/1271181480845344770,recovered
recovered-0117,1273643658689105921,2020-06-18,authored-record,NYCArtC,fair-rent-and-storefront-stability,JumaaneWilliams|odetobabel,1792|CancelRent|COVID19|FairRentNYC,https://x.com/NYCArtC/status/1273643658689105921,recovered
recovered-0118,1273643687734644741,2020-06-18,authored-record,NYCArtC,coalition-ecosystem-amplification,nycworker|usb_nyc|VendorPower,,https://x.com/NYCArtC/status/1273643687734644741,recovered
recovered-0119,1280607603047960577,2020-07-07,authored-record,NYCArtC,nightlife-and-cultural-space-policy,cahill2012|jackartsny|olympiakazi,A10226|SaveNYCSpaces,https://x.com/NYCArtC/status/1280607603047960577,recovered
recovered-0120,1296261399186997248,2020-08-20,authored-record,NYCArtC,fair-rent-and-storefront-stability,NYCSpeakerCoJo|odetobabel,1792|CancelRent|FairRentNYC,https://x.com/NYCArtC/status/1296261399186997248,recovered
recovered-0121,1296262200735260672,2020-08-20,authored-record,NYCArtC,coalition-ecosystem-amplification,,,https://x.com/NYCArtC/status/1296262200735260672,recovered
recovered-0122,1296562732796448771,2020-08-20,authored-record,NYCArtC,fair-rent-and-storefront-stability,ANHDNYC|ArtistStudioAP|NYCMayor|NYCSpeakerCoJo,1792|CancelRent|FairRentNYC,https://x.com/NYCArtC/status/1296562732796448771,recovered
recovered-0123,1296882119709462532,2020-08-21,authored-record,NYCArtC,nightlife-and-cultural-space-policy,LISC_HQ,,https://x.com/NYCArtC/status/1296882119709462532,recovered
recovered-0124,1297559797236224000,2020-08-23,authored-record,NYCArtC,coalition-ecosystem-amplification,,,https://x.com/NYCArtC/status/1297559797236224000,recovered
recovered-0125,1297962619379298316,2020-08-24,authored-record,NYCArtC,nightlife-and-cultural-space-policy,ArtistStudioAP|ChhayaCDC|CitizensNYC,,https://x.com/NYCArtC/status/1297962619379298316,recovered
recovered-0126,1298420801784483840,2020-08-26,authored-record,NYCArtC,nightlife-and-cultural-space-policy,delamora_rules|DJMondayBlue|friendsloversbk,,https://x.com/NYCArtC/status/1298420801784483840,recovered
recovered-0127,1299092737405472769,2020-08-27,authored-record,NYCArtC,nightlife-and-cultural-space-policy,BuzzFeed|lamthuyvo,,https://x.com/NYCArtC/status/1299092737405472769,recovered
recovered-0128,1299092738596626440,2020-08-27,authored-record,NYCArtC,nightlife-and-cultural-space-policy,nycnightlifegov,1156,https://x.com/NYCArtC/status/1299092738596626440,recovered
recovered-0129,1299197222345748483,2020-08-28,authored-record,NYCArtC,coalition-ecosystem-amplification,,,https://x.com/NYCArtC/status/1299197222345748483,recovered
recovered-0130,1306354775823388675,2020-09-16,authored-record,NYCArtC,nightlife-and-cultural-space-policy,nycnightlifegov,TalksNotRaids,https://x.com/NYCArtC/status/1306354775823388675,recovered
recovered-0131,1306354779430572033,2020-09-16,authored-record,NYCArtC,coalition-ecosystem-amplification,,,https://x.com/NYCArtC/status/1306354779430572033,recovered
recovered-0132,1309603821174378497,2020-09-25,authored-record,NYCArtC,nightlife-and-cultural-space-policy,,,https://x.com/NYCArtC/status/1309603821174378497,recovered
recovered-0133,1309674029297565696,2020-09-26,authored-record,NYCArtC,coalition-ecosystem-amplification,NYCArtC,,https://x.com/NYCArtC/status/1309674029297565696,recovered
recovered-0134,1312132922867019776,2020-10-02,authored-record,NYCArtC,mutual-aid-and-pandemic-response,,,https://x.com/NYCArtC/status/1312132922867019776,recovered
recovered-0135,1313227802276233222,2020-10-05,authored-record,NYCArtC,mutual-aid-and-pandemic-response,,,https://x.com/NYCArtC/status/1313227802276233222,recovered
recovered-0136,1313522604599398401,2020-10-06,authored-record,NYCArtC,mutual-aid-and-pandemic-response,,,https://x.com/NYCArtC/status/1313522604599398401,recovered
recovered-0137,1317235881313447936,2020-10-16,authored-record,NYCArtC,nightlife-and-cultural-space-policy,LISC_HQ|NYC_SBS,,https://x.com/NYCArtC/status/1317235881313447936,recovered
recovered-0138,1336724553339457537,2020-12-09,authored-record,NYCArtC,fair-rent-and-storefront-stability,jeremoss|MarkGjonajNY|NuevaYorkNico|NYCArtC|NYCSpeakerCoJo,FairRentNYC,https://x.com/NYCArtC/status/1336724553339457537,recovered
recovered-0139,1338905395239280640,2020-12-15,authored-record,NYCArtC,mutual-aid-and-pandemic-response,,COVIDRelief,https://x.com/NYCArtC/status/1338905395239280640,recovered
recovered-0140,1341839463685754880,2020-12-23,authored-record,NYCArtC,artist-resources-and-opportunities,,SaveOurStages,https://x.com/NYCArtC/status/1341839463685754880,recovered
recovered-0141,1355238352635768841,2021-01-29,authored-record,NYCArtC,nightlife-and-cultural-space-policy,adhocfm|BushwickAyuda|SalazarSenate|SenatorBiaggi|wondervillenyc|yuhline,CancelRent,https://x.com/NYCArtC/status/1355238352635768841,recovered
recovered-0142,1372685566572163072,2021-03-18,authored-record,NYCArtC,artist-labor-and-economic-justice,AAFederation,StopAsianHate,https://x.com/NYCArtC/status/1372685566572163072,recovered
recovered-0143,1437426219679723522,2021-09-13,authored-record,NYCArtC,fair-rent-and-storefront-stability,ChhayaCDC|CooperSq|indietheaternyc|LegalAidNYC|nycworker|TakerootNYC|usb_nyc,1796|FairRentNYC,https://x.com/NYCArtC/status/1437426219679723522,recovered
recovered-0144,1437805208579584000,2021-09-14,authored-record,NYCArtC,fair-rent-and-storefront-stability,AdrienneEAdams1|daneek4council|EricDinowitzNYC|FarahNLouis|JimGennaro|JumaaneWilliams|JustinBrannan|MarkLevineNYC|MarkTreyger718|Salamancajr80|ydanis,FairRentNYC,https://x.com/NYCArtC/status/1437805208579584000,recovered
recovered-0145,1437899400425222151,2021-09-14,authored-record,NYCArtC,fair-rent-and-storefront-stability,JustinBrannan,1796|FairRentNYC,https://x.com/NYCArtC/status/1437899400425222151,recovered
recovered-0146,1437914584879353858,2021-09-14,authored-record,NYCArtC,fair-rent-and-storefront-stability,ElizabAdams|indietheaternyc|nycworker|TakerootNYC|usb_nyc,FairRentNYC,https://x.com/NYCArtC/status/1437914584879353858,recovered
recovered-0147,1437915013180805125,2021-09-14,authored-record,NYCArtC,fair-rent-and-storefront-stability,ChhayaCDC|indietheaternyc|LegalAidNYC|nycworker|TakerootNYC|usb_nyc,1796|FairRentNYC,https://x.com/NYCArtC/status/1437915013180805125,recovered
recovered-0148,1438250841685778436,2021-09-15,authored-record,NYCArtC,fair-rent-and-storefront-stability,,FairRentNYC,https://x.com/NYCArtC/status/1438250841685778436,recovered
recovered-0149,1438309180377640961,2021-09-16,authored-record,NYCArtC,fair-rent-and-storefront-stability,KeithPowersNYC,FairRentNYC|Intro1796,https://x.com/NYCArtC/status/1438309180377640961,recovered
recovered-0150,1438585162695069706,2021-09-16,authored-record,NYCArtC,fair-rent-and-storefront-stability,cmlauriecumbo|daneek4council|EricDinowitzNYC|FarahNLouis|FranciscoMoyaNY|JimGennaro|JustinBrannan|KeithPowersNYC|MarkLevineNYC|MarkTreyger718|Salamancajr80|ydanis,FairRentNYC|Intro1796,https://x.com/NYCArtC/status/1438585162695069706,recovered
recovered-0151,1438631826260742147,2021-09-16,authored-record,NYCArtC,fair-rent-and-storefront-stability,MarkTreyger718,FairRentNYC|SaveSmallBizNYC,https://x.com/NYCArtC/status/1438631826260742147,recovered
recovered-0152,1438821282393456649,2021-09-17,authored-record,NYCArtC,fair-rent-and-storefront-stability,MarkGjonajNY|NYCSpeakerCoJo|ReynosoBrooklyn,1796|FairRentNYC,https://x.com/NYCArtC/status/1438821282393456649,recovered
recovered-0153,1438826063321260039,2021-09-17,authored-record,NYCArtC,fair-rent-and-storefront-stability,CarlinaRivera|MarkGjonajNY|NYCSpeakerCoJo,1796|FairRentNYC,https://x.com/NYCArtC/status/1438826063321260039,recovered
recovered-0154,1438831348085633024,2021-09-17,authored-record,NYCArtC,fair-rent-and-storefront-stability,BenKallos|MarkGjonajNY|NYCSpeakerCoJo,1796|FairRentNYC,https://x.com/NYCArtC/status/1438831348085633024,recovered
recovered-0155,1438836382001254400,2021-09-17,authored-record,NYCArtC,fair-rent-and-storefront-stability,bradlander|MarkGjonajNY|NYCSpeakerCoJo,1796|FairRentNYC,https://x.com/NYCArtC/status/1438836382001254400,recovered
recovered-0156,1438841414473842688,2021-09-17,authored-record,NYCArtC,fair-rent-and-storefront-stability,MarkGjonajNY|NYCSpeakerCoJo|osse2021,1796|FairRentNYC,https://x.com/NYCArtC/status/1438841414473842688,recovered
recovered-0157,1438846699275894787,2021-09-17,authored-record,NYCArtC,fair-rent-and-storefront-stability,MarkGjonajNY|NYCSpeakerCoJo|ShahanaFromBK,1796|FairRentNYC,https://x.com/NYCArtC/status/1438846699275894787,recovered
recovered-0158,1438850977898106880,2021-09-17,authored-record,NYCArtC,fair-rent-and-storefront-stability,MarkGjonajNY|NYCSpeakerCoJo|Vanessalgibson,1796|FairRentNYC,https://x.com/NYCArtC/status/1438850977898106880,recovered
recovered-0159,1438856010697936905,2021-09-17,authored-record,NYCArtC,fair-rent-and-storefront-stability,MarkGjonajNY|NYCSpeakerCoJo|tiffany_caban,1796|FairRentNYC,https://x.com/NYCArtC/status/1438856010697936905,recovered
recovered-0160,1438861548030545921,2021-09-17,authored-record,NYCArtC,fair-rent-and-storefront-stability,JimmyVanBramer|MarkGjonajNY|NYCSpeakerCoJo,1796|FairRentNYC,https://x.com/NYCArtC/status/1438861548030545921,recovered
recovered-0161,1438866580742434823,2021-09-17,authored-record,NYCArtC,fair-rent-and-storefront-stability,MarkGjonajNY|NYCSpeakerCoJo|SandyforCouncil,1796|FairRentNYC,https://x.com/NYCArtC/status/1438866580742434823,recovered
recovered-0162,1438871613492109313,2021-09-17,authored-record,NYCArtC,fair-rent-and-storefront-stability,crystalrhudson|MarkGjonajNY|NYCSpeakerCoJo,1796|FairRentNYC,https://x.com/NYCArtC/status/1438871613492109313,recovered
recovered-0163,1438872555486580737,2021-09-17,authored-record,NYCArtC,fair-rent-and-storefront-stability,MarkGjonajNY|NYCSpeakerCoJo|StephenLevin33,1796|FairRentNYC,https://x.com/NYCArtC/status/1438872555486580737,recovered
recovered-0164,1438877149830725635,2021-09-17,authored-record,NYCArtC,fair-rent-and-storefront-stability,badralsaidi|MarkGjonajNY|NYCSpeakerCoJo|YAMAMerchants,1796|FairRentNYC,https://x.com/NYCArtC/status/1438877149830725635,recovered
recovered-0165,1438881608015220737,2021-09-17,authored-record,NYCArtC,fair-rent-and-storefront-stability,MarkGjonajNY|marktreyger718|NYCSpeakerCoJo,1796|FairRentNYC,https://x.com/NYCArtC/status/1438881608015220737,recovered
recovered-0166,1438884984476114944,2021-09-17,authored-record,NYCArtC,coalition-ecosystem-amplification,,,https://x.com/NYCArtC/status/1438884984476114944,recovered
recovered-0167,1438886576403238913,2021-09-17,authored-record,NYCArtC,fair-rent-and-storefront-stability,MarkGjonajNY|NYCSpeakerCoJo,1796|FairRentNYC,https://x.com/NYCArtC/status/1438886576403238913,recovered
recovered-0168,1438891530656309250,2021-09-17,authored-record,NYCArtC,fair-rent-and-storefront-stability,MarkGjonajNY|MarkLevineNYC|NYCSpeakerCoJo,1796|FairRentNYC,https://x.com/NYCArtC/status/1438891530656309250,recovered
recovered-0169,1438894456560922626,2021-09-17,authored-record,NYCArtC,fair-rent-and-storefront-stability,indietheaternyc|MarkGjonajNY|NewYorkNico|NYCSpeakerCoJo|odetobabel|poohlaga|TakerootNYC|VendorPower|vsthill|whisknyc,1796|FairRentNYC,https://x.com/NYCArtC/status/1438894456560922626,recovered
recovered-0170,1438925279301353481,2021-09-17,authored-record,NYCArtC,fair-rent-and-storefront-stability,MarkGjonajNY|NYCSpeakerCoJo|olympiakazi,1796|FairRentNYC,https://x.com/NYCArtC/status/1438925279301353481,recovered
recovered-0171,1438925801148329984,2021-09-17,authored-record,NYCArtC,fair-rent-and-storefront-stability,MarkGjonajNY|NYCSpeakerCoJo|VendorPower,1796|FairRentNYC,https://x.com/NYCArtC/status/1438925801148329984,recovered
recovered-0172,1438933297036410884,2021-09-17,authored-record,NYCArtC,fair-rent-and-storefront-stability,JustinBrannan,,https://x.com/NYCArtC/status/1438933297036410884,recovered
recovered-0173,1438944170027143180,2021-09-17,authored-record,NYCArtC,fair-rent-and-storefront-stability,Babycastles|MarkGjonajNY|NYCSpeakerCoJo|poohlaga,1796|FairRentNYC,https://x.com/NYCArtC/status/1438944170027143180,recovered
recovered-0174,1438944615302848515,2021-09-17,authored-record,NYCArtC,fair-rent-and-storefront-stability,CatMDanceNYoga|MarkGjonajNY|NYCSpeakerCoJo|nycworker,1796|FairRentNYC,https://x.com/NYCArtC/status/1438944615302848515,recovered
recovered-0175,1438959073647644677,2021-09-17,authored-record,NYCArtC,fair-rent-and-storefront-stability,JustinBrannan|KeithPowersNYC|marcribotmusic,FairRentNYC|Intro1796,https://x.com/NYCArtC/status/1438959073647644677,recovered
recovered-0176,1439263756496822277,2021-09-18,authored-record,NYCArtC,fair-rent-and-storefront-stability,BillPerkinsNYC|cmlauriecumbo|CMMathieuEugene|EricDinowitzNYC|FranciscoMoyaNY|IDaneekMiller|JimGennaro|JustinBrannan|KeithPowersNYC|MarkLevineNYC|MarkTreyger718|revrubendiaz|Salamancajr80|ydanis,FairRentNYC|Intro1796|SaveSmallBizNYC,https://x.com/NYCArtC/status/1439263756496822277,recovered
recovered-0177,1440383492315963392,2021-09-21,authored-record,NYCArtC,fair-rent-and-storefront-stability,NYCSpeakerCoJo|StephenLevin33,FairRentNYC|Intro1796,https://x.com/NYCArtC/status/1440383492315963392,recovered
recovered-0178,1440385636507156482,2021-09-21,authored-record,NYCArtC,fair-rent-and-storefront-stability,BillPerkinsNYC|cmlauriecumbo|CMMathieuEugene|EricDinowitzNYC|FranciscoMoyaNY|IDaneekMiller|JimGennaro|JustinBrannan|KeithPowersNYC|MarkLevineNYC|MarkTreyger718|revrubendiaz|Salamancajr80|ydanis,FairRentNYC|Intro1796,https://x.com/NYCArtC/status/1440385636507156482,recovered
recovered-0179,1440685215110688779,2021-09-22,authored-record,NYCArtC,fair-rent-and-storefront-stability,ArtistStudioAP|ChhayaCDC|CooperSq|GreggBishopNYC|indietheaternyc|NYCCouncil|NYCMayor|NYCSpeakerCoJo|nycworker|usb_nyc,1|FairRentNYC|Intro1796|RENYC,https://x.com/NYCArtC/status/1440685215110688779,recovered
recovered-0180,1440687734092300290,2021-09-22,authored-record,NYCArtC,coalition-ecosystem-amplification,GreggBishopNYC|JustinBrannan|KeithPowersNYC|MarkLevineNYC,,https://x.com/NYCArtC/status/1440687734092300290,recovered
recovered-0181,1440713472250028034,2021-09-22,authored-record,NYCArtC,fair-rent-and-storefront-stability,BillPerkinsNYC|cmlauriecumbo|CMMathieuEugene|EricDinowitzNYC|FranciscoMoyaNY|IDaneekMiller|JimGennaro|JustinBrannan|KeithPowersNYC|MarkLevineNYC|MarkTreyger718|revrubendiaz|Salamancajr80|ydanis,FairRentNYC,https://x.com/NYCArtC/status/1440713472250028034,recovered
recovered-0182,1440725848689045510,2021-09-22,authored-record,NYCArtC,fair-rent-and-storefront-stability,ChhayaCDC|DRichardsQNS|Loycent|MarkLevineNYC|ReynosoBrooklyn|usb_nyc|Vanessalgibson|wqclt,FairRentNYC|Intro1796,https://x.com/NYCArtC/status/1440725848689045510,recovered
recovered-0183,1440743418578104327,2021-09-22,authored-record,NYCArtC,fair-rent-and-storefront-stability,ArtistStudioAP|Eisenbach4NY|indietheaternyc|jeremoss|SaveNYC|SOSofNewYork|ydanis,FairRentNYC|Intro1796,https://x.com/NYCArtC/status/1440743418578104327,recovered
recovered-0184,1441061508214099968,2021-09-23,authored-record,NYCArtC,fair-rent-and-storefront-stability,BarryGrodenchik|BillPerkinsNYC|cmlauriecumbo|CMMathieuEugene|EricDinowitzNYC|FranciscoMoyaNY|IDaneekMiller|JimGennaro|JustinBrannan|KeithPowersNYC|MarkTreyger718|OswaldFeliz|revrubendiaz|Salamancajr80|ydanis,FairRentNYC|SaveSmallBizNYC,https://x.com/NYCArtC/status/1441061508214099968,recovered
recovered-0185,1441385024855625728,2021-09-24,authored-record,NYCArtC,fair-rent-and-storefront-stability,,FairRentNYC,https://x.com/NYCArtC/status/1441385024855625728,recovered
recovered-0186,1441390573861183491,2021-09-24,authored-record,NYCArtC,fair-rent-and-storefront-stability,ChhayaCDC|cmlauriecumbo|CMMathieuEugene|EricDinowitzNYC|JustinBrannan|KeithPowersNYC|MarkTreyger718|OswaldFeliz|ydanis,FairRentNYC,https://x.com/NYCArtC/status/1441390573861183491,recovered
recovered-0187,1441391219343441921,2021-09-24,authored-record,NYCArtC,fair-rent-and-storefront-stability,BarryGrodenchik|BillPerkinsNYC|ChhayaCDC|FranciscoMoyaNY|IDaneekMiller|JimGennaro|revrubendiaz|Salamancajr80,FairRentNYC,https://x.com/NYCArtC/status/1441391219343441921,recovered
recovered-0188,1442512935797075969,2021-09-27,authored-record,NYCArtC,fair-rent-and-storefront-stability,BarryGrodenchik|BillPerkinsNYC|cmlauriecumbo|CMMathieuEugene|EricDinowitzNYC|FranciscoMoyaNY|IDaneekMiller|JimGennaro|JustinBrannan|KeithPowersNYC|MarkTreyger718|OswaldFeliz|Salamancajr80|ydanis,FairRentNYC,https://x.com/NYCArtC/status/1442512935797075969,recovered
recovered-0189,1443203003629060104,2021-09-29,authored-record,NYCArtC,artist-resources-and-opportunities,,,https://x.com/NYCArtC/status/1443203003629060104,recovered
recovered-0190,1443920238215634958,2021-10-01,authored-record,NYCArtC,fair-rent-and-storefront-stability,cmlauriecumbo|CMMathieuEugene|EricDinowitzNYC|JustinBrannan|KeithPowersNYC|MarkTreyger718|OswaldFeliz,FairRentNYC|SaveSmallBizNYC,https://x.com/NYCArtC/status/1443920238215634958,recovered
recovered-0191,1443921530593873920,2021-10-01,authored-record,NYCArtC,fair-rent-and-storefront-stability,BarryGrodenchik|BillPerkinsNYC|FranciscoMoyaNY|IDaneekMiller|JimGennaro|revrubendiaz|Salamancajr80,FairRentNYC|Intro1796,https://x.com/NYCArtC/status/1443921530593873920,recovered
recovered-0192,1445735610807988224,2021-10-06,authored-record,NYCArtC,fair-rent-and-storefront-stability,JustinBrannan|KeithPowersNYC,FairRentNYC,https://x.com/NYCArtC/status/1445735610807988224,recovered
recovered-0193,1445773407216287751,2021-10-06,authored-record,NYCArtC,fair-rent-and-storefront-stability,artagainstnyc|ArtistStudioAP|DanceNYC|indietheaternyc|MusicWorkers|ny4ca|NYCSpeakerCoJo|SaveNYCNow,FairRentNYC,https://x.com/NYCArtC/status/1445773407216287751,recovered
recovered-0194,1445823306565783559,2021-10-06,authored-record,NYCArtC,fair-rent-and-storefront-stability,FranciscoMoyaNY|JimGennaro,FairRentNYC|intro1796,https://x.com/NYCArtC/status/1445823306565783559,recovered
recovered-0195,1445836328101236739,2021-10-06,authored-record,NYCArtC,coalition-ecosystem-amplification,the_clemente,,https://x.com/NYCArtC/status/1445836328101236739,recovered
recovered-0196,1446514176684445697,2021-10-08,authored-record,NYCArtC,fair-rent-and-storefront-stability,CMMathieuEugene|EricDinowitzNYC|FranciscoMoyaNY|IDaneekMiller|JimGennaro|JustinBrannan|KeithPowersNYC|MarkTreyger718|OswaldFeliz|revrubendiaz|Salamancajr80,FairRentNYC,https://x.com/NYCArtC/status/1446514176684445697,recovered
recovered-0197,1448374222074564613,2021-10-13,authored-record,NYCArtC,fair-rent-and-storefront-stability,AdrienneCD28|CarlinaRivera|CityAndStateNY|DianaAyalaNYC|JustinBrannan|KeithPowersNYC,FairRentNYC|Intro1796|SaveSmallBizNYC,https://x.com/NYCArtC/status/1448374222074564613,recovered
recovered-0198,1448669731364511745,2021-10-14,authored-record,NYCArtC,fair-rent-and-storefront-stability,KeithPowersNYC,FairRentNYC,https://x.com/NYCArtC/status/1448669731364511745,recovered
recovered-0199,1448704337513955329,2021-10-14,authored-record,NYCArtC,coalition-ecosystem-amplification,,FundExcludedWorkers,https://x.com/NYCArtC/status/1448704337513955329,recovered
recovered-0200,1449401691032412169,2021-10-16,authored-record,NYCArtC,coalition-ecosystem-amplification,,,https://x.com/NYCArtC/status/1449401691032412169,recovered
recovered-0201,1450096510335692802,2021-10-18,authored-record,NYCArtC,fair-rent-and-storefront-stability,JustinBrannan|KeithPowersNYC|NYCSpeakerCoJo,FairRentNYC,https://x.com/NYCArtC/status/1450096510335692802,recovered
recovered-0202,1450120138364276741,2021-10-18,authored-record,NYCArtC,fair-rent-and-storefront-stability,BarryGrodenchik|BillPerkinsNYC|CMMathieuEugene|EricDinowitzNYC|FranciscoMoyaNY|IDaneekMiller|JimGennaro|JustinBrannan|KeithPowersNYC|MarkTreyger718|NYCSpeakerCoJo|OswaldFeliz|Salamancajr80|ydanis,FairRentNYC|Intro1796,https://x.com/NYCArtC/status/1450120138364276741,recovered
recovered-0203,1450826365922598914,2021-10-20,authored-record,NYCArtC,fair-rent-and-storefront-stability,JustinBrannan|KeithPowersNYC|MarkTreyger718|NYCSpeakerCoJo|ShapeShifterLab|StephenLevin33|ydanis,FairRentNYC|Intro1796,https://x.com/NYCArtC/status/1450826365922598914,recovered
recovered-0204,1452629666095828992,2021-10-25,authored-record,NYCArtC,fair-rent-and-storefront-stability,CMMathieuEugene|EricDinowitzNYC|FranciscoMoyaNY|JimGennaro|JustinBrannan|KeithPowersNYC|MarkTreyger718|OswaldFeliz|Salamancajr80|ydanis,FairRentNYC|Intro1796,https://x.com/NYCArtC/status/1452629666095828992,recovered
recovered-0205,1456980294007992324,2021-11-06,authored-record,NYCArtC,fair-rent-and-storefront-stability,,FairRentNYC,https://x.com/NYCArtC/status/1456980294007992324,recovered
recovered-0206,1457341777468329992,2021-11-07,authored-record,NYCArtC,fair-rent-and-storefront-stability,CMMathieuEugene|EricDinowitzNYC|FranciscoMoyaNY|JimGennaro|JustinBrannan|KeithPowersNYC|MarkTreyger718|NYCSpeakerCoJo|OswaldFeliz|Salamancajr80|ydanis,FairRentNYC|Intro1796,https://x.com/NYCArtC/status/1457341777468329992,recovered
recovered-0207,1460678066766766086,2021-11-16,authored-record,NYCArtC,fair-rent-and-storefront-stability,EricDinowitzNYC|FY_EYE|JustinBrannan|KeithPowersNYC|MarkTreyger718|NYCSpeakerCoJo|OswaldFeliz|sageusa|ydanis,FairRentNYC,https://x.com/NYCArtC/status/1460678066766766086,recovered
recovered-0208,1460751485193625602,2021-11-16,authored-record,NYCArtC,coalition-ecosystem-amplification,,,https://x.com/NYCArtC/status/1460751485193625602,recovered
recovered-0209,1461002840940371974,2021-11-17,authored-record,NYCArtC,fair-rent-and-storefront-stability,ericadamsfornyc,FairRentNYC|SaveNYCSpaces,https://x.com/NYCArtC/status/1461002840940371974,recovered
recovered-0210,1461354653090660356,2021-11-18,authored-record,NYCArtC,coalition-ecosystem-amplification,,,https://x.com/NYCArtC/status/1461354653090660356,recovered
recovered-0211,1461763367132176390,2021-11-19,authored-record,NYCArtC,fair-rent-and-storefront-stability,,FairRentNYC,https://x.com/NYCArtC/status/1461763367132176390,recovered
recovered-0212,1464934600321294336,2021-11-28,authored-record,NYCArtC,nightlife-and-cultural-space-policy,BossaNovaCivic|danceliberation|DanceParadeNYC|djalicoleman|ericadamsfornyc|frankiefatgold|olympiakazi|RLEspinal|secretprojectrobot,,https://x.com/NYCArtC/status/1464934600321294336,recovered
recovered-0213,1465779050262241292,2021-11-30,authored-record,NYCArtC,fair-rent-and-storefront-stability,FranciscoMoyaNY|JimGennaro|NYCSpeakerCoJo,FairRentNYC|Intro1796,https://x.com/NYCArtC/status/1465779050262241292,recovered
recovered-0214,1466126219179659283,2021-12-01,authored-record,NYCArtC,fair-rent-and-storefront-stability,tiffany_caban,FairRentNYC|Intro1796,https://x.com/NYCArtC/status/1466126219179659283,recovered
recovered-0215,1466205026263736320,2021-12-02,authored-record,NYCArtC,fair-rent-and-storefront-stability,NYCSpeakerCoJo,FairRentNYC,https://x.com/NYCArtC/status/1466205026263736320,recovered
recovered-0216,1466414025152073736,2021-12-02,authored-record,NYCArtC,fair-rent-and-storefront-stability,CMMathieuEugene|MarkTreyger718|NYCSpeakerCoJo|ydanis,FairRentNYC|Intro1796,https://x.com/NYCArtC/status/1466414025152073736,recovered
recovered-0217,1466815591734468616,2021-12-03,authored-record,NYCArtC,fair-rent-and-storefront-stability,AdrienneCD28|CarlinaRivera|DianaAyalaNYC|FarahNLouis|JumaaneWilliams|JustinBrannan|KevinCRiley|NYCSpeakerCoJo|Powers4Queens|tiffany_caban,FairRentNYC|Intro1796,https://x.com/NYCArtC/status/1466815591734468616,recovered
recovered-0218,1466815953602330624,2021-12-03,authored-record,NYCArtC,fair-rent-and-storefront-stability,alexaforcouncil|AmandaFariasNYC|ChrisMarteNYC|crystalrhudson|JenGutierrezNYC|Kristin4Harlem|LincolnRestler|NYCCouncil|osse2021|PiSanchezNYC|SandyforCouncil|ShahanaFromBK,FairRentNYC|Intro1796,https://x.com/NYCArtC/status/1466815953602330624,recovered
recovered-0219,1466816958406569987,2021-12-03,authored-record,NYCArtC,fair-rent-and-storefront-stability,AdrienneCD28|CarlinaRivera|DianaAyalaNYC|JustinBrannan|NYCCouncil,FairRentNYC|Intro1796,https://x.com/NYCArtC/status/1466816958406569987,recovered
recovered-0220,1467543641082191880,2021-12-05,authored-record,NYCArtC,fair-rent-and-storefront-stability,alexaforcouncil|AmandaFariasNYC|ChrisMarteNYC|crystalrhudson|ebottcher|JenGutierrezNYC|Kristin4Harlem|LincolnRestler|mvelaznyc|osse2021|PiSanchezNYC|SandyforCouncil|ShahanaFromBK|ShaunAbreu,FairRentNYC|NoSmallBizNoNYC|SaveNYCSpaces,https://x.com/NYCArtC/status/1467543641082191880,recovered
recovered-0221,1470400501573427221,2021-12-13,authored-record,NYCArtC,fair-rent-and-storefront-stability,NYCCouncil,FairRentNYC,https://x.com/NYCArtC/status/1470400501573427221,recovered
recovered-0222,1470417118982291459,2021-12-13,authored-record,NYCArtC,artist-resources-and-opportunities,,,https://x.com/NYCArtC/status/1470417118982291459,recovered
recovered-0223,1478059427274145793,2022-01-03,authored-record,NYCArtC,artist-resources-and-opportunities,TheShedNY,,https://x.com/NYCArtC/status/1478059427274145793,recovered
recovered-0224,1478450371609739264,2022-01-04,authored-post,NYCArtC,fair-rent-and-storefront-stability,indietheaternyc|NYCArtC|NYCMayor|nycworker|TakerootNYC|usb_nyc|VendorPower,FairRentNYC,https://x.com/NYCArtC/status/1478450371609739264,recovered
recovered-0225,1478485840015863811,2022-01-04,authored-post,NYCArtC,public-process-and-government-dialogue,NYCArtC|PearlRiver_Mart,,https://x.com/NYCArtC/status/1478485840015863811,recovered
recovered-0226,1478496322676310018,2022-01-04,authored-post,NYCArtC,fair-rent-and-storefront-stability,AmandaFariasNYC|CarlinaRivera|ChrisMarteNYC|CMChiOsse|DianaAyalaNYC|ebottcher|JenGutierrezNYC|JustinBrannan|KevinCRiley|LincolnRestler|mvelaznyc|NYCArtC|PiSanchezNYC|SandyforCouncil|ShahanaFromBK|ShaunAbreu|tiffany_caban,,https://x.com/NYCArtC/status/1478496322676310018,recovered
recovered-0227,1479173552578469890,2022-01-06,authored-record,NYCArtC,nightlife-and-cultural-space-policy,RoyalJules7|SimonePolanen,,https://x.com/NYCArtC/status/1479173552578469890,recovered
recovered-0228,1480557733854261253,2022-01-10,authored-record,NYCArtC,artist-resources-and-opportunities,,,https://x.com/NYCArtC/status/1480557733854261253,recovered
recovered-0229,1480575775694888964,2022-01-10,authored-record,NYCArtC,coalition-ecosystem-amplification,,,https://x.com/NYCArtC/status/1480575775694888964,recovered
recovered-0230,1480583977186562055,2022-01-10,authored-post,NYCArtC,coalition-ecosystem-amplification,NYCArtC,,https://x.com/NYCArtC/status/1480583977186562055,recovered
recovered-0231,1483823559311036420,2022-01-19,authored-post,NYCArtC,artist-labor-and-economic-justice,NYCArtC,,https://x.com/NYCArtC/status/1483823559311036420,recovered
recovered-0232,1484639200620199936,2022-01-21,authored-post,NYCArtC,fair-rent-and-storefront-stability,MadeinNY|MTorresSpringer|NYCArtC|NYCSpeakerAdams,FairRentNYC,https://x.com/NYCArtC/status/1484639200620199936,recovered
recovered-0233,1486397786610450434,2022-01-26,authored-post,NYCArtC,fair-rent-and-storefront-stability,artagainstnyc|ArtistStudioAP|CHARLOTTA_NY|Loycent|NewYorkNico|NYCArtC|SaveNYCNow|usb_nyc,FairRentNYC,https://x.com/NYCArtC/status/1486397786610450434,recovered
recovered-0234,1486398033587806212,2022-01-26,authored-reply,NYCArtC,coalition-ecosystem-amplification,NYCArtC,,https://x.com/NYCArtC/status/1486398033587806212,recovered
recovered-0235,1486416347030560768,2022-01-26,authored-record,NYCArtC,coalition-ecosystem-amplification,,,https://x.com/NYCArtC/status/1486416347030560768,recovered
recovered-0236,1489251648824250374,2022-02-03,authored-post,NYCArtC,fair-rent-and-storefront-stability,NYCArtC,,https://x.com/NYCArtC/status/1489251648824250374,recovered
recovered-0237,1489577181198143490,2022-02-04,authored-post,NYCArtC,coalition-ecosystem-amplification,NYCArtC,BandcampFriday,https://x.com/NYCArtC/status/1489577181198143490,recovered
recovered-0238,1491090068706308098,2022-02-08,authored-record,NYCArtC,coalition-ecosystem-amplification,OsseChi,,https://x.com/NYCArtC/status/1491090068706308098,recovered
recovered-0239,1491980689658597402,2022-02-11,authored-post,NYCArtC,fair-rent-and-storefront-stability,NYCArtC|nycspeaks2022,,https://x.com/NYCArtC/status/1491980689658597402,recovered
recovered-0240,1492161930970206226,2022-02-11,authored-record,NYCArtC,coalition-ecosystem-amplification,,,https://x.com/NYCArtC/status/1492161930970206226,recovered
recovered-0241,1493962857796587524,2022-02-16,authored-post,NYCArtC,mutual-aid-and-pandemic-response,GovKathyHochul|MusicWorkers|NYCArtC,,https://x.com/NYCArtC/status/1493962857796587524,recovered
recovered-0242,1493984271794688002,2022-02-16,authored-reply,NYCArtC,mutual-aid-and-pandemic-response,bradhoylman|brianbenjaminny|LizKrueger|MusicWorkers|NYCArtC,,https://x.com/NYCArtC/status/1493984271794688002,recovered
recovered-0243,1494311656251432960,2022-02-17,authored-reply,NYCArtC,artist-labor-and-economic-justice,MusicWorkers|NYCArtC,BrokenRecord|StreamingJustice,https://x.com/NYCArtC/status/1494311656251432960,recovered
recovered-0244,1494491907795435521,2022-02-18,authored-post,NYCArtC,fair-rent-and-storefront-stability,NYCArtC,,https://x.com/NYCArtC/status/1494491907795435521,recovered
recovered-0245,1496179237111410695,2022-02-22,authored-post,NYCArtC,nightlife-and-cultural-space-policy,DanceNYC|indietheaternyc|MusicWorkers|NYCArtC,,https://x.com/NYCArtC/status/1496179237111410695,recovered
recovered-0246,1501924824410730496,2022-03-10,authored-record,NYCArtC,coalition-ecosystem-amplification,,,https://x.com/NYCArtC/status/1501924824410730496,recovered
recovered-0247,1502357882112811017,2022-03-11,authored-reply,NYCArtC,fair-rent-and-storefront-stability,NYCArtC,FairRentNYC,https://x.com/NYCArtC/status/1502357882112811017,recovered
recovered-0248,1502709303739928587,2022-03-12,authored-post,NYCArtC,mutual-aid-and-pandemic-response,NYCArtC,,https://x.com/NYCArtC/status/1502709303739928587,recovered
recovered-0249,1505555727603089415,2022-03-20,authored-post,NYCArtC,coalition-ecosystem-amplification,NYCArtC,,https://x.com/NYCArtC/status/1505555727603089415,recovered
recovered-0250,1507079756579233792,2022-03-24,authored-post,NYCArtC,fair-rent-and-storefront-stability,CMCarlinaRivera|CMCrystalHudson|DianaAyalaNYC|NYCArtC|NYCSpeakerAdams|tiffany_caban,FairRentNYC|Intro93|NoSmallBizNoNYC,https://x.com/NYCArtC/status/1507079756579233792,recovered
recovered-0251,1507081034113949712,2022-03-24,authored-reply,NYCArtC,fair-rent-and-storefront-stability,CarlinaRivera|DianaAyalaNYC|NYCArtC|tiffany_caban,,https://x.com/NYCArtC/status/1507081034113949712,recovered
recovered-0252,1507883420797612038,2022-03-27,authored-post,NYCArtC,fair-rent-and-storefront-stability,NYCArtC,,https://x.com/NYCArtC/status/1507883420797612038,recovered
recovered-0253,1507884585228591106,2022-03-27,authored-record,NYCArtC,coalition-ecosystem-amplification,NewYorkNico,,https://x.com/NYCArtC/status/1507884585228591106,recovered
recovered-0254,1509185587357564934,2022-03-30,authored-post,NYCArtC,public-process-and-government-dialogue,JessicaRamos|NYCArtC,,https://x.com/NYCArtC/status/1509185587357564934,recovered
recovered-0255,1509230678705115136,2022-03-30,authored-post,NYCArtC,fair-rent-and-storefront-stability,juliej_won|NYCArtC|NYCSpeakerAdams|voteshekar,FairRentNYC|Intro93,https://x.com/NYCArtC/status/1509230678705115136,recovered
recovered-0256,1509624905855381506,2022-03-31,authored-post,NYCArtC,mutual-aid-and-pandemic-response,GovKathyHochul|MusicWorkers|NYCArtC,,https://x.com/NYCArtC/status/1509624905855381506,recovered
recovered-0257,1509692563107856385,2022-04-01,authored-reply,NYCArtC,mutual-aid-and-pandemic-response,GovKathyHochul|MusicWorkers|NYCArtC,,https://x.com/NYCArtC/status/1509692563107856385,recovered
recovered-0258,1509702226205454346,2022-04-01,authored-post,NYCArtC,artist-resources-and-opportunities,NYCArtC,,https://x.com/NYCArtC/status/1509702226205454346,recovered
recovered-0259,1511709522800304133,2022-04-06,authored-post,NYCArtC,mutual-aid-and-pandemic-response,GovKathyHochul|MusicWorkers|NYCArtC,,https://x.com/NYCArtC/status/1511709522800304133,recovered
recovered-0260,1511833765303230464,2022-04-06,authored-post,NYCArtC,fair-rent-and-storefront-stability,NYCArtC|NYCMayor|nycspeaks2022,FairRentNYC,https://x.com/NYCArtC/status/1511833765303230464,recovered
recovered-0261,1511866565104447504,2022-04-07,authored-reply,NYCArtC,coalition-ecosystem-amplification,artagainstnyc|ArtistStudioAP|artny72|ChhayaCDC|CooperSq|evccnyc|indietheaternyc|LegalAidNYC|NSAGLOBAL|ny4ca1|NYCArtC|nycworker|SaveNYCNow|TakerootNYC|thenyic|usb_nyc|uwssos|VendorPower|VOLSProBono|YAMAMerchants,,https://x.com/NYCArtC/status/1511866565104447504,recovered
recovered-0262,1512068144713527307,2022-04-07,authored-post,NYCArtC,fair-rent-and-storefront-stability,ChrisMarteNYC|DianaAyalaNYC|JenGutierrezNYC|NYCArtC|NYCSpeakerAdams,FairRentNYC|Intro93,https://x.com/NYCArtC/status/1512068144713527307,recovered
recovered-0263,1512148247221092353,2022-04-07,authored-post,NYCArtC,fair-rent-and-storefront-stability,cmbarron|DianaAyalaNYC|NYCArtC|NYCSpeakerAdams|nycspeaks2022|ShaunAbreu,FairRentNYC|Intro93,https://x.com/NYCArtC/status/1512148247221092353,recovered
recovered-0264,1513363509626777607,2022-04-11,authored-post,NYCArtC,artist-labor-and-economic-justice,NYCArtC,,https://x.com/NYCArtC/status/1513363509626777607,recovered
recovered-0265,1513498962405298184,2022-04-11,authored-post,NYCArtC,mutual-aid-and-pandemic-response,MusicWorkers|NYCArtC,,https://x.com/NYCArtC/status/1513498962405298184,recovered
recovered-0266,1513885212014436360,2022-04-12,authored-record,NYCArtC,artist-labor-and-economic-justice,musicworkersalliance,,https://x.com/NYCArtC/status/1513885212014436360,recovered
recovered-0267,1513914831358898185,2022-04-12,authored-post,NYCArtC,fair-rent-and-storefront-stability,NYCArtC|NYCCouncil,FairRentNYC,https://x.com/NYCArtC/status/1513914831358898185,recovered
recovered-0268,1513916905328889877,2022-04-12,authored-reply,NYCArtC,fair-rent-and-storefront-stability,AmandaFariasNYC|CarlinaRivera|ChrisMarteNYC|cmbarron|CMChiOsse|CMRitaJoseph|CnDelarosa|DianaAyalaNYC|JenGutierrezNYC|juliej_won|NYCArtC|PiSanchezNYC|SandyforCouncil|ShahanaFromBK|ShaunAbreu|tiffany_caban|voteshekar,Intro93,https://x.com/NYCArtC/status/1513916905328889877,recovered
recovered-0269,1520095341202350081,2022-04-29,authored-post,NYCArtC,artist-resources-and-opportunities,ACLU|NYCArtC,,https://x.com/NYCArtC/status/1520095341202350081,recovered
recovered-0270,1526212943666372614,2022-05-16,authored-post,NYCArtC,mutual-aid-and-pandemic-response,NYCArtC,,https://x.com/NYCArtC/status/1526212943666372614,recovered
recovered-0271,1529988543648616461,2022-05-27,authored-post,NYCArtC,artist-labor-and-economic-justice,JoinJoyner|NYCArtC,FreelanceIsntFree,https://x.com/NYCArtC/status/1529988543648616461,recovered
recovered-0272,1534332214309175299,2022-06-08,authored-post,NYCArtC,nightlife-and-cultural-space-policy,juliafredenburg|NYCArtC,,https://x.com/NYCArtC/status/1534332214309175299,recovered
recovered-0273,1534938429464649740,2022-06-09,authored-reply,NYCArtC,fair-rent-and-storefront-stability,DianaAyalaNYC|NYCArtC|NYCSpeakerAdams,FairRentNYC|Intro93,https://x.com/NYCArtC/status/1534938429464649740,recovered
recovered-0274,1534943977312604160,2022-06-09,authored-reply,NYCArtC,fair-rent-and-storefront-stability,indietheaternyc|NYCArtC|NYCSpeakerAdams|olympiakazi|PearlRiver_Mart,FairRentNYC,https://x.com/NYCArtC/status/1534943977312604160,recovered
recovered-0275,1537157089704878080,2022-06-15,authored-post,NYCArtC,fair-rent-and-storefront-stability,NYCArtC|NYCSpeakerAdams,FairRentNYC,https://x.com/NYCArtC/status/1537157089704878080,recovered
recovered-0276,1540008315714998277,2022-06-23,authored-record,NYCArtC,fair-rent-and-storefront-stability,DianaAyalaNYC|NYCSpeakerAdams,FairRentNYC|Intro93,https://x.com/NYCArtC/status/1540008315714998277,recovered
recovered-0277,1542689421568385026,2022-07-01,authored-post,NYCArtC,public-process-and-government-dialogue,CommishCumbo|NYCArtC|NYCMayor|NYCMOMECommish|OsseChi,,https://x.com/NYCArtC/status/1542689421568385026,recovered
recovered-0278,1546410429467004928,2022-07-11,authored-record,NYCArtC,artist-resources-and-opportunities,_FABnyc,,https://x.com/NYCArtC/status/1546410429467004928,recovered
recovered-0279,1557826930338037762,2022-08-11,authored-post,NYCArtC,coalition-ecosystem-amplification,NYCArtC,,https://x.com/NYCArtC/status/1557826930338037762,recovered
recovered-0280,1568297406437130246,2022-09-09,authored-post,NYCArtC,coalition-ecosystem-amplification,BKArtsCouncil|NYCArtC,,https://x.com/NYCArtC/status/1568297406437130246,recovered
recovered-0281,1570796700931096577,2022-09-16,authored-post,NYCArtC,public-process-and-government-dialogue,NYCArtC,,https://x.com/NYCArtC/status/1570796700931096577,recovered
recovered-0282,1579837990096228352,2022-10-11,authored-reply,NYCArtC,fair-rent-and-storefront-stability,NYCArtC|NYCCouncil,FairRentNYC|Intro93,https://x.com/NYCArtC/status/1579837990096228352,recovered
recovered-0283,1600240660656685056,2022-12-06,authored-post,NYCArtC,public-process-and-government-dialogue,NYCArtC,,https://x.com/NYCArtC/status/1600240660656685056,recovered
recovered-0284,1620835718213038080,2023-02-01,authored-record,NYCArtC,fair-rent-and-storefront-stability,JulieMenin|NYCSpeakerAdams,FairRentNYC|Intro93,https://x.com/NYCArtC/status/1620835718213038080,recovered
recovered-0285,1621029990555844609,2023-02-02,authored-record,NYCArtC,fair-rent-and-storefront-stability,DianaAyalaNYC|StephenLevin33,FairRentNYC|GroundhogDay|Intro1796|Intro93,https://x.com/NYCArtC/status/1621029990555844609,recovered
recovered-0286,1624791475522338817,2023-02-12,authored-post,NYCArtC,fair-rent-and-storefront-stability,ebottcher|JulieMenin|JustinBrannan|KamillahMHanks|KeithPowersNYC|marcribotmusic|MusicWorkers|NewYorkNico|NYCArtC|NYCCouncil,FairRentNYC|Intro93,https://x.com/NYCArtC/status/1624791475522338817,recovered
recovered-0287,1655041023918194688,2023-05-07,repost,NYTMetro,coalition-ecosystem-amplification,NYCArtC|NYTMetro,,https://x.com/NYTMetro/status/1655041023918194688,recovered
recovered-0288,1656683758521573376,2023-05-11,repost,wqclt,artist-labor-and-economic-justice,bdlimm|ChhayaCDC|CHTenantUnion|CooperSq|EastNewYorkCLT|EHEBCLT|mike4brooklyn|NewEconomyNYC|NYCArtC|nyccli|queenshousingwg|SouthBronxUnite|wqclt,,https://x.com/wqclt/status/1656683758521573376,recovered
recovered-0289,1656696288442830849,2023-05-11,repost,Local_802_AFM,artist-labor-and-economic-justice,CentralLaborNYC|dciny|dcinyorchestra|fairshare4music|Local_802_AFM|NYCArtC|The_AFM|WGAEast,,https://x.com/Local_802_AFM/status/1656696288442830849,recovered
recovered-0290,1656727698767585280,2023-05-11,repost,future_of_music,public-process-and-government-dialogue,future_of_music|NYCArtC,,https://x.com/future_of_music/status/1656727698767585280,recovered
recovered-0291,1656736049123426316,2023-05-11,repost,wqclt,housing-land-and-community-ownership,EastNewYorkCLT|NYCArtC|wqclt,,https://x.com/wqclt/status/1656736049123426316,recovered
recovered-0292,1656794815084756992,2023-05-11,repost,RLEspinal,artist-labor-and-economic-justice,freelancersu|FSP_NWU|NYCArtC|RLEspinal,freelanceisntfree,https://x.com/RLEspinal/status/1656794815084756992,recovered
recovered-0293,1656989985512226816,2023-05-12,repost,future_of_music,coalition-ecosystem-amplification,future_of_music|NYCArtC,,https://x.com/future_of_music/status/1656989985512226816,recovered
recovered-0294,1657862473016397824,2023-05-14,repost,future_of_music,coalition-ecosystem-amplification,future_of_music|NYCArtC,,https://x.com/future_of_music/status/1657862473016397824,recovered
recovered-0295,1657901956755607555,2023-05-15,repost,NYCProgressives,public-process-and-government-dialogue,NYCArtC|NYCMayor|NYCProgressives,,https://x.com/NYCProgressives/status/1657901956755607555,recovered
recovered-0296,1659657600386867206,2023-05-19,repost,bandcampunited,artist-labor-and-economic-justice,bandcampunited|NYCArtC,,https://x.com/bandcampunited/status/1659657600386867206,recovered
recovered-0297,1660378324554612736,2023-05-21,repost,JFREJNYC,coalition-ecosystem-amplification,BKLYNlibrary|JFREJNYC|NYCArtC,CareNotCuts,https://x.com/JFREJNYC/status/1660378324554612736,recovered
recovered-0298,1660423953746100227,2023-05-21,repost,JFREJNYC,coalition-ecosystem-amplification,BKLYNlibrary|JFREJNYC|NYCArtC,CareNotCuts,https://x.com/JFREJNYC/status/1660423953746100227,recovered
recovered-0299,1660424870247776259,2023-05-21,repost,JFREJNYC,coalition-ecosystem-amplification,JFREJNYC|NYCArtC,CareNotCuts,https://x.com/JFREJNYC/status/1660424870247776259,recovered
recovered-0300,1660626210940936193,2023-05-22,repost,LegalAidNYC,housing-land-and-community-ownership,LegalAidNYC|NYCArtC,RentIsTooDamnHigh,https://x.com/LegalAidNYC/status/1660626210940936193,recovered
recovered-0301,1660650229647941636,2023-05-22,repost,DianaAyalaNYC,artist-resources-and-opportunities,DianaAyalaNYC|NYCArtC,,https://x.com/DianaAyalaNYC/status/1660650229647941636,recovered
recovered-0302,1660652829881630720,2023-05-22,repost,PeoplesPlanNYC,housing-land-and-community-ownership,NYCArtC|PeoplesPlanNYC,CareNotCuts,https://x.com/PeoplesPlanNYC/status/1660652829881630720,recovered
recovered-0303,1660710078050181122,2023-05-22,repost,ChhayaCDC,coalition-ecosystem-amplification,ChhayaCDC|NYCArtC,,https://x.com/ChhayaCDC/status/1660710078050181122,recovered
recovered-0304,1660711467472019457,2023-05-22,repost,future_of_music,coalition-ecosystem-amplification,future_of_music|NYCArtC,,https://x.com/future_of_music/status/1660711467472019457,recovered
recovered-0305,1660716675983876108,2023-05-22,repost,CooperSq,housing-land-and-community-ownership,CooperSq|NYCArtC,,https://x.com/CooperSq/status/1660716675983876108,recovered
recovered-0306,1660736533744238592,2023-05-22,repost,DanceNYC,artist-resources-and-opportunities,DanceNYC|NYCArtC,Hiring|JobOpportunity|NewYorkersForDance,https://x.com/DanceNYC/status/1660736533744238592,recovered
recovered-0307,1661362766005805061,2023-05-24,repost,BUJ_NYC,fair-rent-and-storefront-stability,BUJ_NYC|NYC_SBS|NYCArtC,,https://x.com/BUJ_NYC/status/1661362766005805061,recovered
recovered-0308,1661736418874654723,2023-05-25,repost,PeoplesPlanNYC,coalition-ecosystem-amplification,NYCArtC|PeoplesPlanNYC,CareNotCops|CareNotCuts,https://x.com/PeoplesPlanNYC/status/1661736418874654723,recovered
recovered-0309,1661749722824990720,2023-05-25,repost,VendorPower,coalition-ecosystem-amplification,NYCArtC|VendorPower,,https://x.com/VendorPower/status/1661749722824990720,recovered
recovered-0310,1661757503992938496,2023-05-25,repost,BUJ_NYC,public-process-and-government-dialogue,BUJ_NYC|NYCArtC,,https://x.com/BUJ_NYC/status/1661757503992938496,recovered
recovered-0311,1661766798511931397,2023-05-25,repost,WGAEast,artist-labor-and-economic-justice,NYCArtC|WGAEast,WGAstrike|WGAstrong,https://x.com/WGAEast/status/1661766798511931397,recovered
recovered-0312,1661797333590261763,2023-05-25,repost,WGAEast,artist-labor-and-economic-justice,NYCArtC|WGAEast,1u|WGAstrike|WGAstrong,https://x.com/WGAEast/status/1661797333590261763,recovered
recovered-0313,1662119263711182848,2023-05-26,repost,future_of_music,coalition-ecosystem-amplification,future_of_music|MLC_US|NYCArtC,,https://x.com/future_of_music/status/1662119263711182848,recovered
recovered-0314,1662135319196577792,2023-05-26,repost,future_of_music,coalition-ecosystem-amplification,future_of_music|NYCArtC,,https://x.com/future_of_music/status/1662135319196577792,recovered
recovered-0315,1662478133486841857,2023-05-27,repost,ArtistStudioAP,fair-rent-and-storefront-stability,ArtistStudioAP|NYCArtC,,https://x.com/ArtistStudioAP/status/1662478133486841857,recovered
recovered-0316,1663299935947616256,2023-05-29,repost,silentmoviegifs,coalition-ecosystem-amplification,NYCArtC|silentmoviegifs,,https://x.com/silentmoviegifs/status/1663299935947616256,recovered
recovered-0317,1663344054447267841,2023-05-30,repost,CynthiaNixon,coalition-ecosystem-amplification,CynthiaNixon|NYCArtC,,https://x.com/CynthiaNixon/status/1663344054447267841,recovered
recovered-0318,1663349222152732672,2023-05-30,repost,TweetBenMax,coalition-ecosystem-amplification,GothamGazette|NYCArtC|samarkhurshid|TweetBenMax,,https://x.com/TweetBenMax/status/1663349222152732672,recovered
recovered-0319,1663353413067784193,2023-05-30,repost,bandcampunited,artist-labor-and-economic-justice,bandcampunited|NYCArtC,FairPayatSXSW,https://x.com/bandcampunited/status/1663353413067784193,recovered
recovered-0320,1663383788062384129,2023-05-30,repost,WGAWest,coalition-ecosystem-amplification,NYCArtC|WGAWest,,https://x.com/WGAWest/status/1663383788062384129,recovered
recovered-0321,1663546504198631427,2023-05-30,repost,BUJ_NYC,fair-rent-and-storefront-stability,BUJ_NYC|NYC_SBS|NYCArtC,,https://x.com/BUJ_NYC/status/1663546504198631427,recovered
recovered-0322,1663561620642201602,2023-05-30,repost,WGAEast,artist-labor-and-economic-justice,NYCArtC|WGAEast,WGAstrike|WGAstrong,https://x.com/WGAEast/status/1663561620642201602,recovered
recovered-0323,1663568509249437696,2023-05-30,repost,PeoplesPlanNYC,public-process-and-government-dialogue,NYCArtC|NYCMayor|PeoplesPlanNYC,CareNotCuts,https://x.com/PeoplesPlanNYC/status/1663568509249437696,recovered
recovered-0324,1663683979654967297,2023-05-30,repost,MusicWorkers,artist-labor-and-economic-justice,bandcampunited|MusicWorkers|NYCArtC|nycdsa|NYWFP|secretlyunion|wgaeast,,https://x.com/MusicWorkers/status/1663683979654967297,recovered
recovered-0325,1663698571911208960,2023-05-31,repost,wqclt,artist-labor-and-economic-justice,NYCArtC|wqclt,,https://x.com/wqclt/status/1663698571911208960,recovered
recovered-0326,1663727637431189504,2023-05-31,repost,KevinRay62,artist-labor-and-economic-justice,KevinRay62|NYCArtC,,https://x.com/KevinRay62/status/1663727637431189504,recovered
recovered-0327,1663867742926110720,2023-05-31,repost,BOENYC,coalition-ecosystem-amplification,BOENYC|NYCArtC,,https://x.com/BOENYC/status/1663867742926110720,recovered
recovered-0328,1663883160730435584,2023-05-31,repost,UMAW_,coalition-ecosystem-amplification,NYCArtC|UMAW_,,https://x.com/UMAW_/status/1663883160730435584,recovered
recovered-0329,1663914097853755396,2023-05-31,repost,MusicWorkers,artist-labor-and-economic-justice,bandcampunited|MusicWorkers|NYCArtC|nycDSA|NYWFP|secretlyunion|UMAW_|WGAEast,,https://x.com/MusicWorkers/status/1663914097853755396,recovered
recovered-0330,1663930362785824771,2023-05-31,repost,olympiakazi,artist-labor-and-economic-justice,NYCArtC|olympiakazi,,https://x.com/olympiakazi/status/1663930362785824771,recovered
recovered-0331,1663959203063406594,2023-05-31,repost,WGAEast,artist-labor-and-economic-justice,MusicWorkers|NYCArtC|WGAEast,1u|WGAstrong,https://x.com/WGAEast/status/1663959203063406594,recovered
recovered-0332,1664248974243512321,2023-06-01,repost,RLEspinal,artist-labor-and-economic-justice,freelancersu|NYCArtC|RLEspinal,freelanceisntfree|freelancers,https://x.com/RLEspinal/status/1664248974243512321,recovered
recovered-0333,1664284506336169985,2023-06-01,repost,PeoplesPlanNYC,public-process-and-government-dialogue,NYCArtC|NYCMayor|NYCProgressives|PeoplesPlanNYC,CareNotCuts,https://x.com/PeoplesPlanNYC/status/1664284506336169985,recovered
recovered-0334,1664299102480343042,2023-06-01,repost,olympiakazi,artist-labor-and-economic-justice,MusicWorkers|NYCArtC|olympiakazi|PenskeMedia|sxsw|UMAW_,FairPay,https://x.com/olympiakazi/status/1664299102480343042,recovered
recovered-0335,1664407767912796161,2023-06-01,repost,MusicWorkers,artist-labor-and-economic-justice,bandcampunited|marcribotmusic|MusicWorkers|NYCArtC|nycdsa|NYWFP|secretlyunion|wgaeast,fairpay,https://x.com/MusicWorkers/status/1664407767912796161,recovered
recovered-0336,1664445047016660992,2023-06-02,repost,RLEspinal,artist-labor-and-economic-justice,NYCArtC|RLEspinal,,https://x.com/RLEspinal/status/1664445047016660992,recovered
recovered-0337,1664655717448445953,2023-06-02,repost,AQE_NY,coalition-ecosystem-amplification,AQE_NY|MaketheRoadNY|NYCArtC|nychange|PeoplesPlanNYC|QueensWFP|workingfamilies,CareNotCuts,https://x.com/AQE_NY/status/1664655717448445953,recovered
recovered-0338,1664702407358533663,2023-06-02,repost,JoeyQuits,artist-labor-and-economic-justice,JoeyQuits|NYCArtC|SXSW,,https://x.com/JoeyQuits/status/1664702407358533663,recovered
recovered-0339,1664703196281860096,2023-06-02,repost,olympiakazi,artist-labor-and-economic-justice,NYCArtC|olympiakazi,ArtistsAreWorkers|PaytoPlay,https://x.com/olympiakazi/status/1664703196281860096,recovered
recovered-0340,1664711360712769538,2023-06-02,repost,WGAWest,artist-resources-and-opportunities,NYCArtC|WGAWest,WGAstrike,https://x.com/WGAWest/status/1664711360712769538,recovered
recovered-0341,1665012333800824834,2023-06-03,repost,MikeWashLaw,coalition-ecosystem-amplification,MikeWashLaw|NYCArtC|sxsw|UMAW_,,https://x.com/MikeWashLaw/status/1665012333800824834,recovered
recovered-0342,1665025687227342848,2023-06-03,repost,WGAEast,artist-labor-and-economic-justice,NYCArtC|WGAEast,,https://x.com/WGAEast/status/1665025687227342848,recovered
recovered-0343,1665035866518028289,2023-06-03,authored-post,NYCArtC,housing-land-and-community-ownership,NYCArtC,CareNotCuts,https://x.com/NYCArtC/status/1665035866518028289,recovered
recovered-0344,1665039781976322049,2023-06-03,authored-post,NYCArtC,public-process-and-government-dialogue,mvelaznyc|NYCArtC|NYCCouncil|NYPDnews|olympiakazi,TalksNoRaids,https://x.com/NYCArtC/status/1665039781976322049,recovered
recovered-0345,1665714717967491074,2023-06-05,repost,MikeWashLaw,coalition-ecosystem-amplification,MikeWashLaw|NYCArtC,,https://x.com/MikeWashLaw/status/1665714717967491074,recovered
recovered-0346,1665715160894382081,2023-06-05,repost,EmilyAssembly,coalition-ecosystem-amplification,EmilyAssembly|NYCArtC,,https://x.com/EmilyAssembly/status/1665715160894382081,recovered
recovered-0347,1665743761551548416,2023-06-05,repost,CornelWest,housing-land-and-community-ownership,CornelWest|NYCArtC,,https://x.com/CornelWest/status/1665743761551548416,recovered
recovered-0348,1665761131296706560,2023-06-05,repost,NYCCLI,housing-land-and-community-ownership,NYCArtC|NYCCLI,,https://x.com/NYCCLI/status/1665761131296706560,recovered
recovered-0349,1665778660366745601,2023-06-05,repost,NYCProgressives,public-process-and-government-dialogue,NYCArtC|NYCMayor|NYCProgressives,,https://x.com/NYCProgressives/status/1665778660366745601,recovered
recovered-0350,1665790236943695873,2023-06-05,repost,DanceNYC,artist-resources-and-opportunities,DanceNYC|NYCArtC,,https://x.com/DanceNYC/status/1665790236943695873,recovered
recovered-0351,1665892859847798784,2023-06-06,repost,future_of_music,coalition-ecosystem-amplification,future_of_music|NYCArtC,,https://x.com/future_of_music/status/1665892859847798784,recovered
recovered-0352,1665910066552381445,2023-06-06,repost,BootsRiley,coalition-ecosystem-amplification,BootsRiley|NYCArtC,,https://x.com/BootsRiley/status/1665910066552381445,recovered
recovered-0353,1666073971782025223,2023-06-06,repost,RLEspinal,artist-labor-and-economic-justice,NYCArtC|RLEspinal,freelanceisntfree,https://x.com/RLEspinal/status/1666073971782025223,recovered
recovered-0354,1666080162616573952,2023-06-06,repost,olympiakazi,public-process-and-government-dialogue,DOE|NYCArtC|NYCMayor|olympiakazi,CareNotCuts,https://x.com/olympiakazi/status/1666080162616573952,recovered
recovered-0355,1666095639523102720,2023-06-06,repost,PeoplesPlanNYC,public-process-and-government-dialogue,NYCArtC|NYCProgressives|PeoplesPlanNYC,CareNotCuts,https://x.com/PeoplesPlanNYC/status/1666095639523102720,recovered
recovered-0356,1666097977285554177,2023-06-06,repost,RepBowman,housing-land-and-community-ownership,NYCArtC|RepBowman,,https://x.com/RepBowman/status/1666097977285554177,recovered
recovered-0357,1666110802561060865,2023-06-06,repost,DanceNYC,artist-resources-and-opportunities,DanceNYC|NYCArtC,,https://x.com/DanceNYC/status/1666110802561060865,recovered
recovered-0358,1666153113747615745,2023-06-06,repost,JulioPenaNY,coalition-ecosystem-amplification,JulioPenaNY|NYCArtC,,https://x.com/JulioPenaNY/status/1666153113747615745,recovered
recovered-0359,1666211598929649685,2023-06-06,repost,CityAndStateNY,coalition-ecosystem-amplification,CityAndStateNY|NYCArtC,,https://x.com/CityAndStateNY/status/1666211598929649685,recovered
recovered-0360,1666217897297887233,2023-06-06,repost,ClimateDEF,coalition-ecosystem-amplification,ClimateDEF|KKR_Co|MuseumModernArt|NYCArtC,KKRKills|MoMADropKravis,https://x.com/ClimateDEF/status/1666217897297887233,recovered
recovered-0361,1666533727575371782,2023-06-07,repost,WGAEast,artist-labor-and-economic-justice,NYCArtC|sagaftra|WGAEast,1u|SAGAFTRAstrong|WGAstrong,https://x.com/WGAEast/status/1666533727575371782,recovered
recovered-0362,1666572063895703552,2023-06-07,repost,WGAEast,artist-labor-and-economic-justice,NYCArtC|WGAEast,1u|WGAStrike|WGAStrong,https://x.com/WGAEast/status/1666572063895703552,recovered
recovered-0363,1666808608066248704,2023-06-08,repost,future_of_music,public-process-and-government-dialogue,future_of_music|NYCArtC,,https://x.com/future_of_music/status/1666808608066248704,recovered
recovered-0364,1666816678200741888,2023-06-08,repost,future_of_music,coalition-ecosystem-amplification,future_of_music|NYCArtC,,https://x.com/future_of_music/status/1666816678200741888,recovered
recovered-0365,1666834321481555973,2023-06-08,repost,future_of_music,coalition-ecosystem-amplification,future_of_music|NYCArtC,fixthetix,https://x.com/future_of_music/status/1666834321481555973,recovered
recovered-0366,1667090110414831620,2023-06-09,repost,GretaThunberg,coalition-ecosystem-amplification,GretaThunberg|NYCArtC,,https://x.com/GretaThunberg/status/1667090110414831620,recovered
recovered-0367,1667090124780257280,2023-06-09,repost,GretaThunberg,coalition-ecosystem-amplification,GretaThunberg|NYCArtC,,https://x.com/GretaThunberg/status/1667090124780257280,recovered
recovered-0368,1667160790862798850,2023-06-09,repost,freelancersu,artist-labor-and-economic-justice,freelancersu|NYCArtC,FreelanceIsntFree,https://x.com/freelancersu/status/1667160790862798850,recovered
recovered-0369,1667179820784992262,2023-06-09,repost,WGAEast,artist-labor-and-economic-justice,NYCArtC|WGAEast,1u|WGAstrike|WGAstrong,https://x.com/WGAEast/status/1667179820784992262,recovered
recovered-0370,1667208217154207759,2023-06-09,repost,LincolnRestler,public-process-and-government-dialogue,LincolnRestler|NYCArtC,,https://x.com/LincolnRestler/status/1667208217154207759,recovered
recovered-0371,1667256128323895296,2023-06-09,repost,VendorPower,mutual-aid-and-pandemic-response,NYCArtC|VendorPower,ExcludedNoMore,https://x.com/VendorPower/status/1667256128323895296,recovered
recovered-0372,1667265824430727169,2023-06-09,repost,HarryBBronson,artist-labor-and-economic-justice,HarryBBronson|NYCArtC,,https://x.com/HarryBBronson/status/1667265824430727169,recovered
recovered-0373,1667318348571463680,2023-06-09,authored-post,NYCArtC,nightlife-and-cultural-space-policy,adlankj|NYCArtC,TalksNotRaids,https://x.com/NYCArtC/status/1667318348571463680,recovered
recovered-0374,1668253074979274752,2023-06-12,repost,WGAEast,artist-labor-and-economic-justice,NYCArtC|WGAEast,1u|WGAstrike|WGAstrong,https://x.com/WGAEast/status/1668253074979274752,recovered
recovered-0375,1668268282695098378,2023-06-12,repost,WGAEast,artist-labor-and-economic-justice,NYCArtC|WGAEast,WGAstrike|WGAstrong,https://x.com/WGAEast/status/1668268282695098378,recovered
recovered-0376,1668285529765609473,2023-06-12,repost,CMShahanaHanif,public-process-and-government-dialogue,CMShahanaHanif|NYCArtC|NYCMayor,MayorAdamsDontRaiseMyRent,https://x.com/CMShahanaHanif/status/1668285529765609473,recovered
recovered-0377,1668286675930300419,2023-06-12,repost,future_of_music,coalition-ecosystem-amplification,future_of_music|NYCArtC,,https://x.com/future_of_music/status/1668286675930300419,recovered
recovered-0378,1668299060569047040,2023-06-12,repost,PeoplesPlanNYC,coalition-ecosystem-amplification,NYCArtC|PeoplesPlanNYC,CareNotCuts|PeoplesBudget,https://x.com/PeoplesPlanNYC/status/1668299060569047040,recovered
recovered-0379,1668334296191602690,2023-06-12,repost,workersjusticep,coalition-ecosystem-amplification,helloDCWP|LosDeliveristas|NYCArtC|workersjusticep,,https://x.com/workersjusticep/status/1668334296191602690,recovered
recovered-0380,1668346222900305942,2023-06-12,repost,NYCCouncil,public-process-and-government-dialogue,NYCArtC|NYCCouncil,,https://x.com/NYCCouncil/status/1668346222900305942,recovered
recovered-0381,1668400655914942464,2023-06-12,repost,OsseChi,public-process-and-government-dialogue,NYCArtC|OsseChi,,https://x.com/OsseChi/status/1668400655914942464,recovered
recovered-0382,1668453367276883972,2023-06-13,authored-post,NYCArtC,fair-rent-and-storefront-stability,NYCArtC|NYCCouncil,FairRentNYC|Intro93,https://x.com/NYCArtC/status/1668453367276883972,recovered
recovered-0383,1668597145631432705,2023-06-13,repost,JFREJNYC,public-process-and-government-dialogue,AQE_NY|JFREJNYC|MaketheRoadNY|NYCArtC|nychange|NYCMayor|NYWFP|PeoplesPlanNYC,,https://x.com/JFREJNYC/status/1668597145631432705,recovered
recovered-0384,1668620896163209217,2023-06-13,repost,DonLew87,coalition-ecosystem-amplification,DonLew87|NYCArtC,,https://x.com/DonLew87/status/1668620896163209217,recovered
recovered-0385,1668627697738866693,2023-06-13,repost,WGAEast,artist-labor-and-economic-justice,NYCArtC|WGAEast,1u|WGAStrike|WGAStrong,https://x.com/WGAEast/status/1668627697738866693,recovered
recovered-0386,1668628126497411073,2023-06-13,repost,wqclt,fair-rent-and-storefront-stability,89stUnidos|artagainstnyc|arthouseastoria|arunNYC|DavidFBrand|DesisRisingUp|juliej_won|leahfrombklyn|NYCArtC|QueensBarrios|tiffany_caban|voteshekar|wqclt,intro93,https://x.com/wqclt/status/1668628126497411073,recovered
recovered-0387,1668642306667184129,2023-06-13,repost,jabladoraaa,nightlife-and-cultural-space-policy,jabladoraaa|NYCArtC|pitchfork,,https://x.com/jabladoraaa/status/1668642306667184129,recovered
recovered-0388,1668657121083240471,2023-06-13,repost,thenyic,artist-resources-and-opportunities,NYCArtC|thenyic,,https://x.com/thenyic/status/1668657121083240471,recovered
recovered-0389,1668669104520142848,2023-06-13,repost,ny_indivisible,coalition-ecosystem-amplification,bowerypresents|MusicHallofWB|ny_indivisible|NYCArtC|riseandresistny|TPUSA,Pride2023|PrideMonth2023,https://x.com/ny_indivisible/status/1668669104520142848,recovered
recovered-0390,1668669389246177280,2023-06-13,repost,ChhayaCDC,fair-rent-and-storefront-stability,ChhayaCDC|NYCArtC,,https://x.com/ChhayaCDC/status/1668669389246177280,recovered
recovered-0391,1668700025617018884,2023-06-13,authored-post,NYCArtC,public-process-and-government-dialogue,NYCArtC|NYCCouncil|NYCMayor,artsed|FundArtsEducation|ItStartsWithTheArts,https://x.com/NYCArtC/status/1668700025617018884,recovered
recovered-0392,1668708463348944896,2023-06-13,repost,miragonz,coalition-ecosystem-amplification,miragonz|NYCArtC,,https://x.com/miragonz/status/1668708463348944896,recovered
recovered-0393,1668718056393125890,2023-06-13,repost,JFREJNYC,public-process-and-government-dialogue,JFREJNYC|NYCArtC|NYCMayor|NYCSpeakerAdams,CareNotCuts,https://x.com/JFREJNYC/status/1668718056393125890,recovered
recovered-0394,1668725548661571587,2023-06-13,repost,emma_a_whitford,coalition-ecosystem-amplification,emma_a_whitford|NYCArtC,,https://x.com/emma_a_whitford/status/1668725548661571587,recovered
recovered-0395,1668776878226776064,2023-06-14,repost,LePapillonBlu2,coalition-ecosystem-amplification,LePapillonBlu2|NYCArtC,,https://x.com/LePapillonBlu2/status/1668776878226776064,recovered
recovered-0396,1668951166242177025,2023-06-14,repost,olympiakazi,fair-rent-and-storefront-stability,NYCArtC|olympiakazi,FairRentNYC|Intro93,https://x.com/olympiakazi/status/1668951166242177025,recovered
recovered-0397,1668994797833535489,2023-06-14,repost,nycworker,fair-rent-and-storefront-stability,NYCArtC|nycworker,intro93,https://x.com/nycworker/status/1668994797833535489,recovered
recovered-0398,1668995412726874112,2023-06-14,repost,olympiakazi,fair-rent-and-storefront-stability,NYCArtC|olympiakazi,FairRentNYC,https://x.com/olympiakazi/status/1668995412726874112,recovered
recovered-0399,1668997910975897603,2023-06-14,repost,Loycent,fair-rent-and-storefront-stability,Loycent|NYCArtC,,https://x.com/Loycent/status/1668997910975897603,recovered
recovered-0400,1668998138638606338,2023-06-14,authored-post,NYCArtC,fair-rent-and-storefront-stability,NYCArtC,FairRentNYC,https://x.com/NYCArtC/status/1668998138638606338,recovered
recovered-0401,1669004182609620992,2023-06-14,authored-post,NYCArtC,fair-rent-and-storefront-stability,NYCArtC,FairRentNYC|intro93,https://x.com/NYCArtC/status/1669004182609620992,recovered
recovered-0402,1669010187334631425,2023-06-14,repost,MadeinNY,fair-rent-and-storefront-stability,MadeinNY|NYCArtC,WritersStrike,https://x.com/MadeinNY/status/1669010187334631425,recovered
recovered-0403,1669031622887317518,2023-06-14,repost,ArtistStudioAP,fair-rent-and-storefront-stability,artagainstnyc|ArtistStudioAP|ChhayaCDC|jessicaramos|leahfrombklyn|Loycent|NewYorkNico|NYCArtC|wqclt,fairrent|intro93,https://x.com/ArtistStudioAP/status/1669031622887317518,recovered
recovered-0404,1669035769137094656,2023-06-14,repost,DowntownBklyn,coalition-ecosystem-amplification,651ARTS|DowntownBklyn|NYCArtC,DTBK|Juneteenth,https://x.com/DowntownBklyn/status/1669035769137094656,recovered
recovered-0405,1669039211368923137,2023-06-14,repost,ArtistStudioAP,fair-rent-and-storefront-stability,ArtistStudioAP|NYCArtC|NYCProgressives,,https://x.com/ArtistStudioAP/status/1669039211368923137,recovered
recovered-0406,1669053052907577372,2023-06-14,repost,voteshekar,fair-rent-and-storefront-stability,NYCArtC|voteshekar,,https://x.com/voteshekar/status/1669053052907577372,recovered
recovered-0407,1669070712353456128,2023-06-14,repost,ChhayaCDC,fair-rent-and-storefront-stability,ChhayaCDC|NYCArtC,FairRent|Intro93,https://x.com/ChhayaCDC/status/1669070712353456128,recovered
recovered-0408,1669077612902117379,2023-06-14,repost,Loycent,coalition-ecosystem-amplification,Loycent|NYCArtC,,https://x.com/Loycent/status/1669077612902117379,recovered
recovered-0409,1669080860438478848,2023-06-14,repost,wqclt,fair-rent-and-storefront-stability,bdlimm|EastNewYorkCLT|NYCArtC|NYCCLI|SouthBronxUnite|TakerootNYC|wqclt,intro93,https://x.com/wqclt/status/1669080860438478848,recovered
recovered-0410,1669087655487832067,2023-06-14,repost,olympiakazi,fair-rent-and-storefront-stability,NYCArtC|NYCCouncil|olympiakazi,FairRentNYC|Intro93|SaveNYC,https://x.com/olympiakazi/status/1669087655487832067,recovered
recovered-0411,1669089336615219200,2023-06-14,authored-post,NYCArtC,fair-rent-and-storefront-stability,JulieMenin|NYCArtC|NYCSpeakerAdams,FairRentNYC,https://x.com/NYCArtC/status/1669089336615219200,recovered
recovered-0412,1669093473012547584,2023-06-14,authored-post,NYCArtC,fair-rent-and-storefront-stability,JessicaRamos|NYCArtC|NYCCouncil,FairRentNYC|Intro93,https://x.com/NYCArtC/status/1669093473012547584,recovered
recovered-0413,1669098989269004288,2023-06-14,repost,NYSenatorRamos,fair-rent-and-storefront-stability,NYCArtC|NYSenatorRamos,,https://x.com/NYSenatorRamos/status/1669098989269004288,recovered
recovered-0414,1669100407220576256,2023-06-14,authored-post,NYCArtC,fair-rent-and-storefront-stability,CarlinaRivera|juliej_won|JumaaneWilliams|NYCArtC|tiffany_caban|voteshekar,FairRentNYC,https://x.com/NYCArtC/status/1669100407220576256,recovered
recovered-0415,1669100974026240003,2023-06-14,authored-post,NYCArtC,fair-rent-and-storefront-stability,artagainstnyc|ArtistStudioAP|CatMDanceNYoga|ChhayaCDC|CooperSq|indietheaternyc|Loycent|MusicWorkers|NewYorkNico|NYCArtC|nycworker|olympiakazi|paulaznyc|TakerootNYC|VendorPower|wqclt|YAMAMerchants,FairRentNYC,https://x.com/NYCArtC/status/1669100974026240003,recovered
recovered-0416,1669313849953075201,2023-06-15,repost,nypl,public-process-and-government-dialogue,NYCArtC|NYCCouncil|NYCMayor|nypl,NoCutsToLibraries,https://x.com/nypl/status/1669313849953075201,recovered
recovered-0417,1669314536921284609,2023-06-15,repost,ny_indivisible,coalition-ecosystem-amplification,ny_indivisible|NYCArtC|outlivethemnyc|taliaotg|UARFNYC,Pride2023|PrideMonth2023,https://x.com/ny_indivisible/status/1669314536921284609,recovered
recovered-0418,1669317105659916289,2023-06-15,authored-post,NYCArtC,fair-rent-and-storefront-stability,NYCArtC,FairRentNYC|Intro93,https://x.com/NYCArtC/status/1669317105659916289,recovered
recovered-0419,1669347908804812806,2023-06-15,repost,NYCSchools,coalition-ecosystem-amplification,NYCArtC|NYCSchools,,https://x.com/NYCSchools/status/1669347908804812806,recovered
recovered-0420,1669376780820520960,2023-06-15,repost,MadeinNY,fair-rent-and-storefront-stability,alifeinthearts|MadeinNY|nyc_hub|NYCArtC|NYCHRA|NYSLabor,WritersStrike,https://x.com/MadeinNY/status/1669376780820520960,recovered
recovered-0421,1669392708794712072,2023-06-15,repost,CMJulieWon,public-process-and-government-dialogue,CMJulieWon|NYCArtC|QPLNYC,NoCutsToLibraries,https://x.com/CMJulieWon/status/1669392708794712072,recovered
recovered-0422,1669401888876314638,2023-06-15,repost,NYWFP,housing-land-and-community-ownership,NYCArtC|NYWFP|RentJustice,,https://x.com/NYWFP/status/1669401888876314638,recovered
recovered-0423,1669427147436437506,2023-06-15,repost,NYCCouncil,public-process-and-government-dialogue,NYCArtC|NYCCouncil|NYCMayor,NoCutsToLibraries,https://x.com/NYCCouncil/status/1669427147436437506,recovered
recovered-0424,1669519023849996289,2023-06-16,repost,marcelaforny,housing-land-and-community-ownership,marcelaforny|NYCArtC,,https://x.com/marcelaforny/status/1669519023849996289,recovered
recovered-0425,1669686234396893186,2023-06-16,repost,olympiakazi,public-process-and-government-dialogue,NYCArtC|olympiakazi,,https://x.com/olympiakazi/status/1669686234396893186,recovered
recovered-0426,1669687274001375233,2023-06-16,repost,DanceNYC,public-process-and-government-dialogue,DanceNYC|NYCArtC|NYCCouncil|NYCMayor,ArtistsAreNecessaryWorkers|NYC,https://x.com/DanceNYC/status/1669687274001375233,recovered
recovered-0427,1669732377902346241,2023-06-16,repost,PeoplesPlanNYC,public-process-and-government-dialogue,NYCArtC|NYCCouncil|NYCMayor|PeoplesPlanNYC,CareNotCuts,https://x.com/PeoplesPlanNYC/status/1669732377902346241,recovered
recovered-0428,1670252748564996098,2023-06-18,repost,djtara,coalition-ecosystem-amplification,BPL_Presents|djtara|NYCArtC,,https://x.com/djtara/status/1670252748564996098,recovered
recovered-0429,1670515753995456512,2023-06-18,repost,future_of_music,coalition-ecosystem-amplification,future_of_music|kexp|NYCArtC,,https://x.com/future_of_music/status/1670515753995456512,recovered
recovered-0430,1670544972716838913,2023-06-18,repost,WorthRises,coalition-ecosystem-amplification,NYCArtC|WorthRises,EndTheException|ExceptForMe,https://x.com/WorthRises/status/1670544972716838913,recovered
recovered-0431,1670602002605154304,2023-06-19,repost,Brianr4NY,public-process-and-government-dialogue,AlecBrookKrasny|Brianr4NY|NYCArtC,,https://x.com/Brianr4NY/status/1670602002605154304,recovered
recovered-0432,1670784791153721344,2023-06-19,repost,djtara,coalition-ecosystem-amplification,651ARTS|BPL_Presents|djtara|NYCArtC,,https://x.com/djtara/status/1670784791153721344,recovered
recovered-0433,1670789165284220934,2023-06-19,repost,djtara,coalition-ecosystem-amplification,djtara|NYCArtC,,https://x.com/djtara/status/1670789165284220934,recovered
recovered-0434,1670789902202466306,2023-06-19,repost,WorthRises,coalition-ecosystem-amplification,NYCArtC|WorthRises,,https://x.com/WorthRises/status/1670789902202466306,recovered
recovered-0435,1670801021205991425,2023-06-19,repost,CooperSq,mutual-aid-and-pandemic-response,CooperSq|NYCArtC,,https://x.com/CooperSq/status/1670801021205991425,recovered
recovered-0436,1670804205504811008,2023-06-19,repost,MusicWorkers,artist-labor-and-economic-justice,Musicworkers|MusicWorkers|NYCArtC,,https://x.com/MusicWorkers/status/1670804205504811008,recovered
recovered-0437,1670814344592990212,2023-06-19,repost,tiffany_caban,artist-labor-and-economic-justice,NYCArtC|TheChiefLeader|tiffany_caban,SexWorkisWork,https://x.com/tiffany_caban/status/1670814344592990212,recovered
recovered-0438,1670826336875692035,2023-06-19,repost,MadeinNY,fair-rent-and-storefront-stability,alifeinthearts|MadeinNY|nyc_hub|NYCArtC|NYCHRA|NYSLabor,WritersStrike,https://x.com/MadeinNY/status/1670826336875692035,recovered
recovered-0439,1670831416538550274,2023-06-19,repost,thenyic,coalition-ecosystem-amplification,NYCArtC|thenyic,,https://x.com/thenyic/status/1670831416538550274,recovered
recovered-0440,1671188014247059457,2023-06-20,repost,workersjusticep,coalition-ecosystem-amplification,CnDelarosa|GaleBrewerNYC|JessicaRamos|NYCArtC|ShahanaFromBK|workersjusticep,,https://x.com/workersjusticep/status/1671188014247059457,recovered
recovered-0441,1671214730071998464,2023-06-20,repost,NYCCLI,coalition-ecosystem-amplification,NYCArtC|NYCCLI|RudeMechanicalO|VendorPower,CLTsforNYC|PassCOPA|PublicLandforPublicGood,https://x.com/NYCCLI/status/1671214730071998464,recovered
recovered-0442,1671296089650020355,2023-06-20,repost,wqclt,housing-land-and-community-ownership,NYCArtC|wqclt,,https://x.com/wqclt/status/1671296089650020355,recovered
recovered-0443,1671875036993536001,2023-06-22,repost,NYCSchools,coalition-ecosystem-amplification,NYCArtC|NYCSchools,,https://x.com/NYCSchools/status/1671875036993536001,recovered
recovered-0444,1671914210224209921,2023-06-22,repost,MadeinNY,coalition-ecosystem-amplification,BloombergDotOrg|MadeinNY|nybwi|NYCArtC,MadeinNY,https://x.com/MadeinNY/status/1671914210224209921,recovered
recovered-0445,1671915443420909569,2023-06-22,repost,twiceblunt,coalition-ecosystem-amplification,NYCArtC|twiceblunt,,https://x.com/twiceblunt/status/1671915443420909569,recovered
recovered-0446,1671928159749435393,2023-06-22,repost,DanceNYC,coalition-ecosystem-amplification,DanceNYC|NYCArtC,,https://x.com/DanceNYC/status/1671928159749435393,recovered
recovered-0447,1671935038546477056,2023-06-22,repost,leahfrombklyn,housing-land-and-community-ownership,leahfrombklyn|NYCArtC,,https://x.com/leahfrombklyn/status/1671935038546477056,recovered
recovered-0448,1671949718618865681,2023-06-22,repost,future_of_music,coalition-ecosystem-amplification,future_of_music|NYCArtC,,https://x.com/future_of_music/status/1671949718618865681,recovered
recovered-0449,1671976794927276073,2023-06-22,repost,leahfrombklyn,housing-land-and-community-ownership,leahfrombklyn|NYCArtC,,https://x.com/leahfrombklyn/status/1671976794927276073,recovered
recovered-0450,1672215990841516032,2023-06-23,authored-post,NYCArtC,coalition-ecosystem-amplification,NYCArtC,,https://x.com/NYCArtC/status/1672215990841516032,recovered
recovered-0451,1672251231782203392,2023-06-23,repost,MorePerfectUS,artist-labor-and-economic-justice,MorePerfectUS|NYCArtC|SAGAFTRA,,https://x.com/MorePerfectUS/status/1672251231782203392,recovered
recovered-0452,1672254806667264001,2023-06-23,repost,OsseChi,coalition-ecosystem-amplification,NYCArtC|OsseChi,happypride,https://x.com/OsseChi/status/1672254806667264001,recovered
recovered-0453,1672267201644994562,2023-06-23,repost,PeoplesPlanNYC,public-process-and-government-dialogue,AQE_NY|CUNYRising|NYCArtC|NYCMayor|PeoplesPlanNYC,CareNotCuts,https://x.com/PeoplesPlanNYC/status/1672267201644994562,recovered
recovered-0454,1672276447262650371,2023-06-23,repost,BUJ_NYC,artist-resources-and-opportunities,BUJ_NYC|NYCArtC,,https://x.com/BUJ_NYC/status/1672276447262650371,recovered
recovered-0455,1672290138771079171,2023-06-23,repost,Local_802_AFM,artist-labor-and-economic-justice,CentralLaborNYC|Local_802_AFM|netflix|NYCArtC|The_AFM|WGAEast|WGAWest,oneunion,https://x.com/Local_802_AFM/status/1672290138771079171,recovered
recovered-0456,1672311220144054283,2023-06-23,repost,WGAEast,artist-labor-and-economic-justice,JessicaRamos|NYCArtC|WGAEast,WGAstrike|WGAstrong,https://x.com/WGAEast/status/1672311220144054283,recovered
recovered-0457,1672332821950545921,2023-06-23,repost,UMAW_,artist-labor-and-economic-justice,NYCArtC|UMAW_,,https://x.com/UMAW_/status/1672332821950545921,recovered
recovered-0458,1672333118596956160,2023-06-23,repost,UMAW_,artist-labor-and-economic-justice,NYCArtC|UMAW_,,https://x.com/UMAW_/status/1672333118596956160,recovered
recovered-0459,1672333247143899136,2023-06-23,repost,UMAW_,coalition-ecosystem-amplification,NYCArtC|UMAW_,,https://x.com/UMAW_/status/1672333247143899136,recovered
recovered-0460,1672765841601974273,2023-06-25,repost,EmergeBrooklyn,coalition-ecosystem-amplification,EmergeBrooklyn|NYCArtC,,https://x.com/EmergeBrooklyn/status/1672765841601974273,recovered
recovered-0461,1673306226283741185,2023-06-26,authored-post,NYCArtC,coalition-ecosystem-amplification,NYCArtC,,https://x.com/NYCArtC/status/1673306226283741185,recovered
recovered-0462,1673365768065433601,2023-06-26,repost,JoeyQuits,artist-labor-and-economic-justice,JoeyQuits|NYCArtC,,https://x.com/JoeyQuits/status/1673365768065433601,recovered
recovered-0463,1673374829087539215,2023-06-26,repost,CMMercedesCD46,coalition-ecosystem-amplification,CitiBikeNYC|CMMercedesCD46|NYCArtC,,https://x.com/CMMercedesCD46/status/1673374829087539215,recovered
recovered-0464,1673427729897730049,2023-06-26,repost,nycDSA,artist-labor-and-economic-justice,MusicWorkers|NYCArtC|nycDSA|UMAW_,,https://x.com/nycDSA/status/1673427729897730049,recovered
recovered-0465,1673467945345859590,2023-06-26,repost,UMAW_,artist-labor-and-economic-justice,NYCArtC|UMAW_,,https://x.com/UMAW_/status/1673467945345859590,recovered
recovered-0466,1673520200682020864,2023-06-27,repost,UMAW_,coalition-ecosystem-amplification,NYCArtC|sxsw|UMAW_,,https://x.com/UMAW_/status/1673520200682020864,recovered
recovered-0467,1673705252447715331,2023-06-27,repost,MoRUSNYC,coalition-ecosystem-amplification,MoRUSNYC|NYCArtC,NYC|TIMESUP,https://x.com/MoRUSNYC/status/1673705252447715331,recovered
recovered-0468,1673707772444127236,2023-06-27,repost,NYCLibraries,public-process-and-government-dialogue,NYCArtC|NYCCouncil|NYCLibraries|NYCMayor,NoCutsToLibraries,https://x.com/NYCLibraries/status/1673707772444127236,recovered
recovered-0469,1673709683830407169,2023-06-27,repost,JooHyun_Kang,coalition-ecosystem-amplification,JooHyun_Kang|NYCArtC,,https://x.com/JooHyun_Kang/status/1673709683830407169,recovered
recovered-0470,1673714282444509189,2023-06-27,repost,GreyLadiesNYC,coalition-ecosystem-amplification,GreyLadiesNYC|NYCArtC,,https://x.com/GreyLadiesNYC/status/1673714282444509189,recovered
recovered-0471,1673792170107576321,2023-06-27,repost,NYCComptroller,coalition-ecosystem-amplification,NYCArtC|NYCComptroller,,https://x.com/NYCComptroller/status/1673792170107576321,recovered
recovered-0472,1674013523373068289,2023-06-28,repost,NYCArtC,fair-rent-and-storefront-stability,NYCArtC|NYCSpeakerAdams,FairRentNYC|Intro93,https://x.com/NYCArtC/status/1674013523373068289,recovered
recovered-0473,1674048503868190722,2023-06-28,repost,BushwickDaily,coalition-ecosystem-amplification,BushwickDaily|NYCArtC,,https://x.com/BushwickDaily/status/1674048503868190722,recovered
recovered-0474,1674061027166547971,2023-06-28,repost,NYCComptroller,housing-land-and-community-ownership,NYCArtC|NYCComptroller,,https://x.com/NYCComptroller/status/1674061027166547971,recovered
recovered-0475,1674061410932850688,2023-06-28,repost,nycHealthy,coalition-ecosystem-amplification,NYCArtC|nycHealthy,,https://x.com/nycHealthy/status/1674061410932850688,recovered
recovered-0476,1674062412444565507,2023-06-28,repost,emma_a_whitford,housing-land-and-community-ownership,emma_a_whitford|NYCArtC|NYCComptroller,,https://x.com/emma_a_whitford/status/1674062412444565507,recovered
recovered-0477,1674063775207415808,2023-06-28,authored-post,NYCArtC,fair-rent-and-storefront-stability,DianaAyalaNYC|JulieMenin|NYCArtC|NYCCouncil,Intro93,https://x.com/NYCArtC/status/1674063775207415808,recovered
recovered-0478,1674067444191703042,2023-06-28,repost,TakerootNYC,fair-rent-and-storefront-stability,NYCArtC|TakerootNYC,FairRent,https://x.com/TakerootNYC/status/1674067444191703042,recovered
recovered-0479,1674069636411801604,2023-06-28,repost,BUJ_NYC,housing-land-and-community-ownership,BUJ_NYC|NYCArtC|NYCCouncil|NYCMayor|NYCSpeakerAdams,,https://x.com/BUJ_NYC/status/1674069636411801604,recovered
recovered-0480,1674089588636123140,2023-06-28,repost,yuhline,fair-rent-and-storefront-stability,NYCArtC|yuhline,,https://x.com/yuhline/status/1674089588636123140,recovered
recovered-0481,1674138658457243669,2023-06-28,repost,CHARLOTTA_NY,public-process-and-government-dialogue,CHARLOTTA_NY|NYCArtC|NYCSpeakerAdams,,https://x.com/CHARLOTTA_NY/status/1674138658457243669,recovered
recovered-0482,1674178049514905603,2023-06-28,repost,DianaAyalaNYC,coalition-ecosystem-amplification,DianaAyalaNYC|NYCArtC,,https://x.com/DianaAyalaNYC/status/1674178049514905603,recovered
recovered-0483,1674195975370428416,2023-06-28,repost,KeithPowersNYC,artist-labor-and-economic-justice,GovKathyHochul|KeithPowersNYC|NYCArtC,,https://x.com/KeithPowersNYC/status/1674195975370428416,recovered
recovered-0484,1674467642969665558,2023-06-29,repost,ChhayaCDC,fair-rent-and-storefront-stability,ChhayaCDC|NYCArtC|NYCSpeakerAdams,FairRentNYC|Intro93,https://x.com/ChhayaCDC/status/1674467642969665558,recovered
recovered-0485,1674800568328675330,2023-06-30,repost,AOC,coalition-ecosystem-amplification,AOC|NYCArtC,,https://x.com/AOC/status/1674800568328675330,recovered
recovered-0486,1674801593336864768,2023-06-30,repost,AOC,coalition-ecosystem-amplification,AOC|NYCArtC,,https://x.com/AOC/status/1674801593336864768,recovered
recovered-0487,1674814542159773702,2023-06-30,repost,djtara,coalition-ecosystem-amplification,djtara|NYCArtC|odetobabel,,https://x.com/djtara/status/1674814542159773702,recovered
recovered-0488,1674817235741802496,2023-06-30,repost,djtara,fair-rent-and-storefront-stability,djtara|NYCArtC,,https://x.com/djtara/status/1674817235741802496,recovered
recovered-0489,1674896588060213248,2023-06-30,repost,TweetBenMax,coalition-ecosystem-amplification,NY4P|NYCArtC|nylcv|TweetBenMax,,https://x.com/TweetBenMax/status/1674896588060213248,recovered
recovered-0490,1676067201961410560,2023-07-04,repost,JeromeHarrisNY,housing-land-and-community-ownership,JeromeHarrisNY|NYCArtC|SXSW,,https://x.com/JeromeHarrisNY/status/1676067201961410560,recovered
recovered-0491,1676421167454859265,2023-07-05,repost,MusicWorkers,artist-labor-and-economic-justice,MusicWorkers|NYCArtC|SXSW|UMAW_,Austin,https://x.com/MusicWorkers/status/1676421167454859265,recovered
recovered-0492,1676975457596588032,2023-07-06,repost,17993rd,housing-land-and-community-ownership,17993rd|NYCArtC,EnforceBuildingCode|EnforceHousingCode|EnforceHSTPA|JeanieDubnau|ProsecuteCorruptLandlords|ProsecutePublicCorruption|ReformRGB|TenantProtections|TenantsRights,https://x.com/17993rd/status/1676975457596588032,recovered
recovered-0493,1676997741967179783,2023-07-06,repost,DianaAyalaNYC,public-process-and-government-dialogue,DianaAyalaNYC|NYCArtC|NYCHealthCommr|NYCMayor,,https://x.com/DianaAyalaNYC/status/1676997741967179783,recovered
recovered-0494,1678479864997769217,2023-07-10,repost,katalcenter,public-process-and-government-dialogue,katalcenter|NYCArtC|NYCMayor|NYDailyNews,CloseRikers,https://x.com/katalcenter/status/1678479864997769217,recovered
recovered-0495,1679580330427072512,2023-07-13,repost,CynthiaNixon,artist-labor-and-economic-justice,CynthiaNixon|NYCArtC|sagaftra|WGAEast|WGAWest,,https://x.com/CynthiaNixon/status/1679580330427072512,recovered
recovered-0496,1679582256912900096,2023-07-13,repost,WGAEast,artist-labor-and-economic-justice,NYCArtC|sagaftra|WGAEast|WGAWest,1u|SAGAFTRAstrike|WGAstrong,https://x.com/WGAEast/status/1679582256912900096,recovered
recovered-0497,1679597228820688900,2023-07-13,repost,RLEspinal,artist-labor-and-economic-justice,CelesteKatzNYC|JackHites|NYCArtC|RLEspinal|WBAI,,https://x.com/RLEspinal/status/1679597228820688900,recovered
recovered-0498,1679624337127612417,2023-07-13,repost,future_of_music,coalition-ecosystem-amplification,future_of_music|NYCArtC,,https://x.com/future_of_music/status/1679624337127612417,recovered
recovered-0499,1679889807671959553,2023-07-14,repost,leahfrombklyn,coalition-ecosystem-amplification,leahfrombklyn|NYCArtC,,https://x.com/leahfrombklyn/status/1679889807671959553,recovered
recovered-0500,1680653569123393536,2023-07-16,repost,wqclt,nightlife-and-cultural-space-policy,artagainstnyc|arthouseastoria|ChefConnected|HotBreadKitchen|mftanyc|MusicWorkers|NYCArtC|NYCCLI|QueensboroDance|SugaRay4506|VendorPower|wqclt,,https://x.com/wqclt/status/1680653569123393536,recovered
recovered-0501,1681384491418255362,2023-07-18,repost,VendorPower,coalition-ecosystem-amplification,NYCArtC|NYCParks|VendorPower,,https://x.com/VendorPower/status/1681384491418255362,recovered
recovered-0502,1681399526853099523,2023-07-18,repost,NYCComptroller,housing-land-and-community-ownership,NYCArtC|NYCComptroller,,https://x.com/NYCComptroller/status/1681399526853099523,recovered
recovered-0503,1687212851713220608,2023-08-03,repost,VendorPower,fair-rent-and-storefront-stability,Mo__Attia|NYCArtC|NYCCouncil|VendorPower,,https://x.com/VendorPower/status/1687212851713220608,recovered
recovered-0504,1690339281833754624,2023-08-12,repost,VendorPower,coalition-ecosystem-amplification,NYCArtC|nytimes|VendorPower,,https://x.com/VendorPower/status/1690339281833754624,recovered
recovered-0505,1691117620907708416,2023-08-14,repost,WGAEast,artist-labor-and-economic-justice,NYCArtC|WGAEast,WGAstrike|WGAstrong,https://x.com/WGAEast/status/1691117620907708416,recovered
recovered-0506,1705959286491296208,2023-09-24,repost,SandyforCouncil,coalition-ecosystem-amplification,DragStoryHour|NYCArtC|SandyforCouncil,,https://x.com/SandyforCouncil/status/1705959286491296208,recovered
recovered-0507,1706136329791103073,2023-09-25,repost,WGAEast,artist-labor-and-economic-justice,NYCArtC|WGAEast,WGAstrike,https://x.com/WGAEast/status/1706136329791103073,recovered
recovered-0508,1706428542483914851,2023-09-25,repost,nyfacurrent,artist-labor-and-economic-justice,NYCArtC|NYCulture|nyfacurrent,,https://x.com/nyfacurrent/status/1706428542483914851,recovered
recovered-0509,1706629301326504128,2023-09-26,repost,amylame,coalition-ecosystem-amplification,amylame|NYCArtC,,https://x.com/amylame/status/1706629301326504128,recovered
recovered-0510,1706654983469355324,2023-09-26,repost,SBANinPlace,fair-rent-and-storefront-stability,NYCArtC|SBANinPlace,,https://x.com/SBANinPlace/status/1706654983469355324,recovered
recovered-0511,1707072189227319635,2023-09-27,repost,wqclt,housing-land-and-community-ownership,AmirKhafagy91|Gonzalez4NY|HellGateNY|NYCArtC|NydiaVelazquez|oscarthinks|wqclt|ZohranKMamdani,,https://x.com/wqclt/status/1707072189227319635,recovered
recovered-0512,1707553881851404313,2023-09-29,repost,future_of_music,coalition-ecosystem-amplification,future_of_music|NYCArtC,,https://x.com/future_of_music/status/1707553881851404313,recovered
recovered-0513,1708588095401070680,2023-10-01,repost,LegalAidNYC,artist-resources-and-opportunities,LegalAidNYC|NYCArtC,,https://x.com/LegalAidNYC/status/1708588095401070680,recovered
recovered-0514,1709218897419743413,2023-10-03,repost,future_of_music,artist-labor-and-economic-justice,future_of_music|NYCArtC,breakupticketmaster,https://x.com/future_of_music/status/1709218897419743413,recovered
recovered-0515,1709224742878658753,2023-10-03,repost,IATSE,artist-labor-and-economic-justice,IATSE|NYCArtC,,https://x.com/IATSE/status/1709224742878658753,recovered
recovered-0516,1709246922697875933,2023-10-03,repost,jessicaramosqns,public-process-and-government-dialogue,HeleneWeinstein|jessicaramosqns|NYCArtC|sagaftra,,https://x.com/jessicaramosqns/status/1709246922697875933,recovered
recovered-0517,1709266545040334999,2023-10-03,repost,wqclt,housing-land-and-community-ownership,NYCArtC|wqclt,,https://x.com/wqclt/status/1709266545040334999,recovered
recovered-0518,1709761568269881782,2023-10-05,repost,vurnt22,coalition-ecosystem-amplification,NYCArtC|vurnt22,,https://x.com/vurnt22/status/1709761568269881782,recovered
recovered-0519,1711755890657743358,2023-10-10,repost,WGAEast,artist-labor-and-economic-justice,NYCArtC|WGAEast,WGAstrike|WGAstrong,https://x.com/WGAEast/status/1711755890657743358,recovered
recovered-0520,1711788758243131410,2023-10-10,repost,NYCSanitation,coalition-ecosystem-amplification,NYCArtC|NYCSanitation,,https://x.com/NYCSanitation/status/1711788758243131410,recovered
recovered-0521,1711796511401443809,2023-10-10,repost,future_of_music,coalition-ecosystem-amplification,future_of_music|NYCArtC,,https://x.com/future_of_music/status/1711796511401443809,recovered
recovered-0522,1712103480049971645,2023-10-11,repost,BUJ_NYC,artist-resources-and-opportunities,BUJ_NYC|CHLDC|NYCArtC,,https://x.com/BUJ_NYC/status/1712103480049971645,recovered
recovered-0523,1712105783985398012,2023-10-11,repost,RWDSU,housing-land-and-community-ownership,NYCArtC|RWDSU,MakeAmazonPay|PrimeDay,https://x.com/RWDSU/status/1712105783985398012,recovered
recovered-0524,1712117037634375684,2023-10-11,authored-post,NYCArtC,artist-resources-and-opportunities,BOENYC|NYCArtC,,https://x.com/NYCArtC/status/1712117037634375684,recovered
recovered-0525,1712135125025124835,2023-10-11,repost,future_of_music,artist-resources-and-opportunities,future_of_music|NYCArtC,,https://x.com/future_of_music/status/1712135125025124835,recovered
recovered-0526,1712139231521300983,2023-10-11,repost,wqclt,artist-resources-and-opportunities,89stUnidos|AstoriapostNYC|NewEconomyNYC|NYCArtC|NYCCLI|QueensMuseum|wqclt,,https://x.com/wqclt/status/1712139231521300983,recovered
recovered-0527,1713948077646623228,2023-10-16,repost,NYCulture,artist-labor-and-economic-justice,helloDCWP|NYCArtC|NYCulture,FreelanceIsntFree,https://x.com/NYCulture/status/1713948077646623228,recovered
recovered-0528,1715375617032458354,2023-10-20,authored-post,NYCArtC,coalition-ecosystem-amplification,NYCArtC,,https://x.com/NYCArtC/status/1715375617032458354,recovered
recovered-0529,1722002511886684310,2023-11-07,repost,bandcampunited,artist-labor-and-economic-justice,bandcampunited|NYCArtC,,https://x.com/bandcampunited/status/1722002511886684310,recovered
recovered-0530,1725654762052301293,2023-11-17,repost,GrowNYC,public-process-and-government-dialogue,GrowNYC|NYCArtC,,https://x.com/GrowNYC/status/1725654762052301293,recovered
recovered-0531,1729522215446520213,2023-11-28,repost,future_of_music,coalition-ecosystem-amplification,future_of_music|NYCArtC,,https://x.com/future_of_music/status/1729522215446520213,recovered
recovered-0532,1729530770560111090,2023-11-28,repost,future_of_music,coalition-ecosystem-amplification,future_of_music|NYCArtC,,https://x.com/future_of_music/status/1729530770560111090,recovered
recovered-0533,1729840131698544927,2023-11-29,repost,SBANinPlace,fair-rent-and-storefront-stability,aboutherevideos|NYCArtC|SBANinPlace,,https://x.com/SBANinPlace/status/1729840131698544927,recovered
recovered-0534,1729866489979871538,2023-11-29,repost,BUJ_NYC,fair-rent-and-storefront-stability,BUJ_NYC|NYCArtC,,https://x.com/BUJ_NYC/status/1729866489979871538,recovered
recovered-0535,1729904897061945840,2023-11-29,repost,UMAW_,coalition-ecosystem-amplification,NYCArtC|UMAW_,,https://x.com/UMAW_/status/1729904897061945840,recovered
recovered-0536,1729919263425581127,2023-11-29,repost,future_of_music,coalition-ecosystem-amplification,future_of_music|NYCArtC,SpotifyWrapped,https://x.com/future_of_music/status/1729919263425581127,recovered
recovered-0537,1730977045436375363,2023-12-02,repost,RLEspinal,artist-labor-and-economic-justice,freelancersu|NYCArtC|RLEspinal|Sen_Gounardes,Freelance,https://x.com/RLEspinal/status/1730977045436375363,recovered
recovered-0538,1733131063604711774,2023-12-08,repost,ShaneMacGowan,coalition-ecosystem-amplification,NYCArtC|ShaneMacGowan,,https://x.com/ShaneMacGowan/status/1733131063604711774,recovered
recovered-0539,1733886690907807913,2023-12-10,repost,KevinRay62,coalition-ecosystem-amplification,KevinRay62|NYCArtC,,https://x.com/KevinRay62/status/1733886690907807913,recovered
recovered-0540,1735432814529544322,2023-12-14,repost,WGAEast,artist-labor-and-economic-justice,Mailchimp|NYCArtC|pineapple_union|WGAEast,,https://x.com/WGAEast/status/1735432814529544322,recovered
recovered-0541,1740436867898839421,2023-12-28,repost,adlankj,coalition-ecosystem-amplification,adlankj|NYCArtC,,https://x.com/adlankj/status/1740436867898839421,recovered
recovered-0542,1742298789694587095,2024-01-02,repost,future_of_music,artist-labor-and-economic-justice,future_of_music|NYCArtC,,https://x.com/future_of_music/status/1742298789694587095,recovered
recovered-0543,1742645886310572348,2024-01-03,repost,adlankj,nightlife-and-cultural-space-policy,adlankj|NYCArtC,,https://x.com/adlankj/status/1742645886310572348,recovered
recovered-0544,1745449442407579885,2024-01-11,repost,nycHealthy,mutual-aid-and-pandemic-response,NYCArtC|nycHealthy,,https://x.com/nycHealthy/status/1745449442407579885,recovered
recovered-0545,1745479490824708472,2024-01-11,repost,nycHealthy,artist-resources-and-opportunities,NYCArtC|nycHealthy,,https://x.com/nycHealthy/status/1745479490824708472,recovered
recovered-0546,1749462024852013495,2024-01-22,repost,future_of_music,coalition-ecosystem-amplification,future_of_music|NYCArtC,,https://x.com/future_of_music/status/1749462024852013495,recovered
recovered-0547,1749497048079188346,2024-01-22,repost,MorePerfectUS,artist-labor-and-economic-justice,MorePerfectUS|NYCArtC|UAW,,https://x.com/MorePerfectUS/status/1749497048079188346,recovered
recovered-0548,1749545577677799426,2024-01-22,repost,KeithPowersNYC,fair-rent-and-storefront-stability,KeithPowersNYC|NYCArtC|NYCCouncil,,https://x.com/KeithPowersNYC/status/1749545577677799426,recovered
recovered-0549,1749844184419258595,2024-01-23,repost,RobDenBleyker,coalition-ecosystem-amplification,NYCArtC|RobDenBleyker,,https://x.com/RobDenBleyker/status/1749844184419258595,recovered
recovered-0550,1749903242367029504,2024-01-23,repost,WGAEast,artist-labor-and-economic-justice,amptp|IATSE|NYCArtC|sagaftra|Teamsters|The_AFM|WGAEast|WGAWest,1u,https://x.com/WGAEast/status/1749903242367029504,recovered
recovered-0551,1750314079917322253,2024-01-25,repost,future_of_music,coalition-ecosystem-amplification,dimwizzy|future_of_music|NYCArtC,,https://x.com/future_of_music/status/1750314079917322253,recovered
recovered-0552,1750511393034346801,2024-01-25,repost,michaelgartland,artist-labor-and-economic-justice,michaelgartland|NYCArtC,defendtheNYDN,https://x.com/michaelgartland/status/1750511393034346801,recovered
recovered-0553,1750640126961623202,2024-01-25,repost,NYCCouncil,public-process-and-government-dialogue,NYCArtC|NYCCouncil,HowManyStopsAct,https://x.com/NYCCouncil/status/1750640126961623202,recovered
recovered-0554,1751603510821491110,2024-01-28,repost,future_of_music,coalition-ecosystem-amplification,FTC|future_of_music|NYCArtC,,https://x.com/future_of_music/status/1751603510821491110,recovered
recovered-0555,1751960491356721194,2024-01-29,authored-post,NYCArtC,fair-rent-and-storefront-stability,DianaAyalaNYC|NYCArtC|NYCSpeakerAdams,FairRentNYC,https://x.com/NYCArtC/status/1751960491356721194,recovered
recovered-0556,1751971798013411438,2024-01-29,repost,olympiakazi,fair-rent-and-storefront-stability,CMCrystalHudson|NYCArtC|NYCCouncil|olympiakazi|tiffany_caban,FairRentNYC,https://x.com/olympiakazi/status/1751971798013411438,recovered
recovered-0557,1751972731032138103,2024-01-29,authored-post,NYCArtC,coalition-ecosystem-amplification,bradlander|JumaaneWilliams|NYCArtC|NYCProgressives,,https://x.com/NYCArtC/status/1751972731032138103,recovered
recovered-0558,1752093163982901308,2024-01-29,repost,claireforny,fair-rent-and-storefront-stability,claireforny|NYCArtC,,https://x.com/claireforny/status/1752093163982901308,recovered
recovered-0559,1752103929565835321,2024-01-29,repost,ArtistStudioAP,fair-rent-and-storefront-stability,ArtistStudioAP|NYCArtC,,https://x.com/ArtistStudioAP/status/1752103929565835321,recovered
recovered-0560,1752374509980495945,2024-01-30,repost,future_of_music,artist-labor-and-economic-justice,future_of_music|NYCArtC,,https://x.com/future_of_music/status/1752374509980495945,recovered
recovered-0561,1752604290902843612,2024-01-31,repost,helienne,coalition-ecosystem-amplification,helienne|NYCArtC,,https://x.com/helienne/status/1752604290902843612,recovered
recovered-0562,1753084233277452311,2024-02-01,repost,rebexxxxa,artist-labor-and-economic-justice,NYCArtC|rebexxxxa,,https://x.com/rebexxxxa/status/1753084233277452311,recovered
recovered-0563,1754359384543465539,2024-02-05,repost,tchapmanonline,coalition-ecosystem-amplification,NYCArtC|tchapmanonline,,https://x.com/tchapmanonline/status/1754359384543465539,recovered
recovered-0564,1754527189578461221,2024-02-05,repost,ellomelissa,coalition-ecosystem-amplification,ellomelissa|NYCArtC,,https://x.com/ellomelissa/status/1754527189578461221,recovered
recovered-0565,1754620531410719039,2024-02-05,repost,ArtistStudioAP,fair-rent-and-storefront-stability,ArtistStudioAP|CabanD22|CooperSqCLT|DianaAyalaNYC|evgrieve|NewYorkNico|NYCArtC|NYCSpeakerAdams,,https://x.com/ArtistStudioAP/status/1754620531410719039,recovered
recovered-0566,1755048588214665503,2024-02-07,repost,MaketheRoadNY,coalition-ecosystem-amplification,CeciliaGentili|MaketheRoadNY|NYCArtC,,https://x.com/MaketheRoadNY/status/1755048588214665503,recovered
recovered-0567,1755057445783707781,2024-02-07,repost,clewisreports,artist-resources-and-opportunities,clewisreports|NYCArtC,,https://x.com/clewisreports/status/1755057445783707781,recovered
recovered-0568,1755259119227859167,2024-02-07,repost,BUJ_NYC,artist-resources-and-opportunities,BUJ_NYC|GrowBrooklyn|NYCArtC|SenatorPersaud,,https://x.com/BUJ_NYC/status/1755259119227859167,recovered
recovered-0569,1755593957692633545,2024-02-08,authored-post,NYCArtC,fair-rent-and-storefront-stability,NYCArtC|NYCSpeakerAdams,FairRentNYC,https://x.com/NYCArtC/status/1755593957692633545,recovered
recovered-0570,1755708416322879980,2024-02-08,repost,ArtistStudioAP,fair-rent-and-storefront-stability,artagainstnyc|ArtistStudioAP|ChhayaCDC|CooperSq|evgrieve|GVSHP|NYCArtC|VendorPower,,https://x.com/ArtistStudioAP/status/1755708416322879980,recovered
recovered-0571,1755968304286445920,2024-02-09,repost,future_of_music,coalition-ecosystem-amplification,future_of_music|NYCArtC,,https://x.com/future_of_music/status/1755968304286445920,recovered
recovered-0572,1756099317285179554,2024-02-09,repost,future_of_music,coalition-ecosystem-amplification,fcc|future_of_music|NYCArtC,,https://x.com/future_of_music/status/1756099317285179554,recovered
recovered-0573,1756333226929336825,2024-02-10,authored-post,NYCArtC,fair-rent-and-storefront-stability,ChristRobbins|NYCArtC|NYCSpeakerAdams,FairRentNYC,https://x.com/NYCArtC/status/1756333226929336825,recovered
recovered-0574,1756336087440482678,2024-02-10,authored-post,NYCArtC,fair-rent-and-storefront-stability,NYCArtC,,https://x.com/NYCArtC/status/1756336087440482678,recovered
recovered-0575,1756336836790591802,2024-02-10,authored-post,NYCArtC,coalition-ecosystem-amplification,NYCArtC,,https://x.com/NYCArtC/status/1756336836790591802,recovered
recovered-0576,1756336968412082177,2024-02-10,authored-reply,NYCArtC,coalition-ecosystem-amplification,NYCArtC,,https://x.com/NYCArtC/status/1756336968412082177,recovered
recovered-0577,1756340474183290991,2024-02-10,authored-post,NYCArtC,fair-rent-and-storefront-stability,NYCArtC,,https://x.com/NYCArtC/status/1756340474183290991,recovered
recovered-0578,1756340613123899487,2024-02-10,authored-post,NYCArtC,fair-rent-and-storefront-stability,NYCArtC,,https://x.com/NYCArtC/status/1756340613123899487,recovered
recovered-0579,1756387478473179606,2024-02-10,repost,isabelle_leyva,coalition-ecosystem-amplification,isabelle_leyva|NYCArtC|WOLPalestine,,https://x.com/isabelle_leyva/status/1756387478473179606,recovered
recovered-0580,1756420585259683975,2024-02-10,repost,AshAgony,coalition-ecosystem-amplification,AshAgony|NYCArtC,,https://x.com/AshAgony/status/1756420585259683975,recovered
recovered-0581,1756428614654972415,2024-02-10,repost,playinglesshurt,coalition-ecosystem-amplification,NYCArtC|playinglesshurt,dragon|fruitcreation,https://x.com/playinglesshurt/status/1756428614654972415,recovered
recovered-0582,1756764732197855539,2024-02-11,repost,future_of_music,coalition-ecosystem-amplification,future_of_music|NYCArtC,,https://x.com/future_of_music/status/1756764732197855539,recovered
recovered-0583,1756791910092468450,2024-02-11,repost,future_of_music,coalition-ecosystem-amplification,future_of_music|NYCArtC,,https://x.com/future_of_music/status/1756791910092468450,recovered
recovered-0584,1757096178573844781,2024-02-12,repost,adlankj,coalition-ecosystem-amplification,adlankj|NYCArtC,,https://x.com/adlankj/status/1757096178573844781,recovered
recovered-0585,1757751556223435178,2024-02-14,repost,MaketheRoadNY,coalition-ecosystem-amplification,MaketheRoadNY|NYCArtC,ExcludedNoMore,https://x.com/MaketheRoadNY/status/1757751556223435178,recovered
recovered-0586,1757834544877576617,2024-02-14,repost,VendorPower,coalition-ecosystem-amplification,CMCrystalHudson|KeithPowersNYC|NYCArtC|OswaldFeliz|RitaJosephNYC|VendorPower,,https://x.com/VendorPower/status/1757834544877576617,recovered
recovered-0587,1759686974397362388,2024-02-19,repost,KeithPowersNYC,coalition-ecosystem-amplification,KeithPowersNYC|NYCArtC|saintvitusbar,,https://x.com/KeithPowersNYC/status/1759686974397362388,recovered
recovered-0588,1761045234849321411,2024-02-23,repost,BUJ_NYC,fair-rent-and-storefront-stability,BUJ_NYC|NYCArtC,,https://x.com/BUJ_NYC/status/1761045234849321411,recovered
recovered-0589,1761049558526706129,2024-02-23,authored-post,NYCArtC,nightlife-and-cultural-space-policy,NYC_Buildings|NYCArtC|olympiakazi|saintvitusbar,,https://x.com/NYCArtC/status/1761049558526706129,recovered
recovered-0590,1762172379155890285,2024-02-26,repost,MaketheRoadNY,coalition-ecosystem-amplification,jessicaramos|MaketheRoadNY|NYCArtC,ExcludedNoMore,https://x.com/MaketheRoadNY/status/1762172379155890285,recovered
recovered-0591,1763357234996650380,2024-03-01,repost,ThatEricAlper,coalition-ecosystem-amplification,NYCArtC|ThatEricAlper,,https://x.com/ThatEricAlper/status/1763357234996650380,recovered
recovered-0592,1763565749560324420,2024-03-01,repost,officialKeef,coalition-ecosystem-amplification,NYCArtC|officialKeef,,https://x.com/officialKeef/status/1763565749560324420,recovered
recovered-0593,1763627329375420769,2024-03-01,repost,UMAW_,artist-labor-and-economic-justice,adhocfm|NYCArtC|UMAW_,,https://x.com/UMAW_/status/1763627329375420769,recovered
recovered-0594,1763630119904571819,2024-03-01,authored-post,NYCArtC,artist-resources-and-opportunities,NYCArtC,,https://x.com/NYCArtC/status/1763630119904571819,recovered
recovered-0595,1763630771502227643,2024-03-01,authored-post,NYCArtC,artist-resources-and-opportunities,NYCArtC,,https://x.com/NYCArtC/status/1763630771502227643,recovered
recovered-0596,1763640179435134999,2024-03-01,repost,Local_802_AFM,artist-labor-and-economic-justice,CentralLaborNYC|Local_802_AFM|METOrchestra|NYCArtC|NYPMusicians|The_AFM,,https://x.com/Local_802_AFM/status/1763640179435134999,recovered
recovered-0597,1763647599435747812,2024-03-01,repost,ny4ca1,coalition-ecosystem-amplification,ArtsCRNY|ny4ca1|NYCArtC|nycfuture|RyanforNYSenate|SenatorSerrano,,https://x.com/ny4ca1/status/1763647599435747812,recovered
recovered-0598,1763670240209088632,2024-03-01,repost,NYCSpeakerAdams,artist-labor-and-economic-justice,NYCArtC|NYCCouncil|NYCSpeakerAdams,,https://x.com/NYCSpeakerAdams/status/1763670240209088632,recovered
recovered-0599,1764200702837191119,2024-03-03,repost,jamesblake,coalition-ecosystem-amplification,jamesblake|NYCArtC,,https://x.com/jamesblake/status/1764200702837191119,recovered
recovered-0600,1764353801157284011,2024-03-03,repost,ThatEricAlper,coalition-ecosystem-amplification,NYCArtC|ThatEricAlper,,https://x.com/ThatEricAlper/status/1764353801157284011,recovered
recovered-0601,1764456653959594296,2024-03-04,repost,actupny,coalition-ecosystem-amplification,actupny|NYCArtC,HandsOffRafah,https://x.com/actupny/status/1764456653959594296,recovered
recovered-0602,1764461936404509004,2024-03-04,repost,emiliepfrank,coalition-ecosystem-amplification,emiliepfrank|NYCArtC,,https://x.com/emiliepfrank/status/1764461936404509004,recovered
recovered-0603,1764493401297486165,2024-03-04,repost,WGAWest,coalition-ecosystem-amplification,NYCArtC|WGAWest,1u,https://x.com/WGAWest/status/1764493401297486165,recovered
recovered-0604,1764636917726151020,2024-03-04,repost,MaketheRoadNY,coalition-ecosystem-amplification,CSSNYorg|MaketheRoadNY|NYCArtC,,https://x.com/MaketheRoadNY/status/1764636917726151020,recovered
recovered-0605,1764654211034173792,2024-03-04,repost,evgrieve,mutual-aid-and-pandemic-response,evgrieve|Joy_of_photos|NYCArtC|veselkanyc,,https://x.com/evgrieve/status/1764654211034173792,recovered
recovered-0606,1764658308860801316,2024-03-04,repost,stefanoschen,coalition-ecosystem-amplification,NYCArtC|stefanoschen,,https://x.com/stefanoschen/status/1764658308860801316,recovered
recovered-0607,1764701202111992012,2024-03-04,repost,UMAW_,coalition-ecosystem-amplification,NYCArtC|UMAW_,,https://x.com/UMAW_/status/1764701202111992012,recovered
recovered-0608,1764706828242608628,2024-03-04,repost,WGAWest,coalition-ecosystem-amplification,NYCArtC|WGAWest,,https://x.com/WGAWest/status/1764706828242608628,recovered
recovered-0609,1764723083032547514,2024-03-04,repost,ChhayaCDC,coalition-ecosystem-amplification,ChhayaCDC|NYCArtC,,https://x.com/ChhayaCDC/status/1764723083032547514,recovered
recovered-0610,1764816990152388710,2024-03-05,repost,UMAW_,coalition-ecosystem-amplification,elizamclamb|NYCArtC|okayshalom|sqrrlflwr|UMAW_,,https://x.com/UMAW_/status/1764816990152388710,recovered
recovered-0611,1765004662220972323,2024-03-05,repost,AstridMAune,mutual-aid-and-pandemic-response,AstridMAune|jessicaramos|NYCArtC|sarahhartclark,,https://x.com/AstridMAune/status/1765004662220972323,recovered
recovered-0612,1765065972657139753,2024-03-05,repost,JeromeHarrisNY,coalition-ecosystem-amplification,JeromeHarrisNY|NYCArtC|samashmusic,,https://x.com/JeromeHarrisNY/status/1765065972657139753,recovered
recovered-0613,1765346791937962313,2024-03-06,repost,PaAFL_CIO,coalition-ecosystem-amplification,NYCArtC|PaAFL_CIO,EqualPayDay,https://x.com/PaAFL_CIO/status/1765346791937962313,recovered
recovered-0614,1765370435506512297,2024-03-06,repost,Uptowncollectiv,coalition-ecosystem-amplification,NYCArtC|sampoppnyc|Uptowncollectiv,Repost,https://x.com/Uptowncollectiv/status/1765370435506512297,recovered
recovered-0615,1765420581694943733,2024-03-06,repost,JoeyQuits,coalition-ecosystem-amplification,JoeyQuits|NYCArtC|RepRashida,,https://x.com/JoeyQuits/status/1765420581694943733,recovered
recovered-0616,1765426746029986041,2024-03-06,repost,RepRashida,coalition-ecosystem-amplification,NYCArtC|RepRashida,,https://x.com/RepRashida/status/1765426746029986041,recovered
recovered-0617,1765447335562109062,2024-03-06,repost,olympiakazi,fair-rent-and-storefront-stability,NYCArtC|NYCMayor|nycnightlifegov|olympiakazi,ArtistsAreWorkers|FairRentNYC,https://x.com/olympiakazi/status/1765447335562109062,recovered
recovered-0618,1765508855004287256,2024-03-06,repost,future_of_music,coalition-ecosystem-amplification,future_of_music|NYCArtC,,https://x.com/future_of_music/status/1765508855004287256,recovered
recovered-0619,1765551625874076125,2024-03-07,authored-post,NYCArtC,fair-rent-and-storefront-stability,NYCArtC,ArtistsAreWorkers|FairRentNYC,https://x.com/NYCArtC/status/1765551625874076125,recovered
recovered-0620,1765779468566622715,2024-03-07,repost,WGAEast,artist-labor-and-economic-justice,GimletUnion|NYCArtC|ParcastUnion|RingerUnion|WGAEast,1u,https://x.com/WGAEast/status/1765779468566622715,recovered
recovered-0621,1765855658140660201,2024-03-07,repost,NYCLU,coalition-ecosystem-amplification,NYCArtC|NYCLU,,https://x.com/NYCLU/status/1765855658140660201,recovered
recovered-0622,1765881204312547665,2024-03-07,repost,NYCLU,coalition-ecosystem-amplification,NYCArtC|NYCLU,,https://x.com/NYCLU/status/1765881204312547665,recovered
recovered-0623,1767198857241239967,2024-03-11,repost,LegalAidNYC,housing-land-and-community-ownership,LegalAidNYC|NYCArtC,,https://x.com/LegalAidNYC/status/1767198857241239967,recovered
recovered-0624,1767256642247160201,2024-03-11,repost,future_of_music,coalition-ecosystem-amplification,future_of_music|NYCArtC,,https://x.com/future_of_music/status/1767256642247160201,recovered
recovered-0625,1767894689640796612,2024-03-13,repost,francesco212,artist-resources-and-opportunities,francesco212|GoogleNews|NYCArtC,,https://x.com/francesco212/status/1767894689640796612,recovered
recovered-0626,1767898405110792270,2024-03-13,repost,nycworker,coalition-ecosystem-amplification,lifteconomy|NYCArtC|nycworker,NextEconomyMBA,https://x.com/nycworker/status/1767898405110792270,recovered
recovered-0627,1767900050783703172,2024-03-13,authored-post,NYCArtC,nightlife-and-cultural-space-policy,NYCArtC|VibeLabNetwork,,https://x.com/NYCArtC/status/1767900050783703172,recovered
recovered-0628,1769776781362626707,2024-03-18,repost,BUJ_NYC,fair-rent-and-storefront-stability,BUJ_NYC|NYCArtC,,https://x.com/BUJ_NYC/status/1769776781362626707,recovered
recovered-0629,1770426528125382773,2024-03-20,repost,dlondonwortel,coalition-ecosystem-amplification,dlondonwortel|NYCArtC,,https://x.com/dlondonwortel/status/1770426528125382773,recovered
recovered-0630,1770503888698736869,2024-03-20,repost,SenatorSerrano,coalition-ecosystem-amplification,NYCArtC|SenatorSerrano,,https://x.com/SenatorSerrano/status/1770503888698736869,recovered
recovered-0631,1770878353509056648,2024-03-21,repost,ny4ca1,coalition-ecosystem-amplification,ny4ca1|NYCArtC,,https://x.com/ny4ca1/status/1770878353509056648,recovered
recovered-0632,1771037351424245972,2024-03-22,repost,annkpowers,coalition-ecosystem-amplification,annkpowers|NYCArtC,,https://x.com/annkpowers/status/1771037351424245972,recovered
recovered-0633,1771275429850091683,2024-03-22,repost,UMAW_,public-process-and-government-dialogue,LodgeRoom|NYCArtC|UMAW_,,https://x.com/UMAW_/status/1771275429850091683,recovered
recovered-0634,1771320380918997223,2024-03-22,repost,OsseChi,coalition-ecosystem-amplification,NYCArtC|OsseChi,,https://x.com/OsseChi/status/1771320380918997223,recovered
recovered-0635,1771631754387873996,2024-03-23,repost,JustinBrannan,public-process-and-government-dialogue,JustinBrannan|nyaquarium|NYCArtC|NYCCouncil|TheWCS,,https://x.com/JustinBrannan/status/1771631754387873996,recovered
recovered-0636,1771854476015739204,2024-03-24,repost,BOENYC,coalition-ecosystem-amplification,BOENYC|NYCArtC,,https://x.com/BOENYC/status/1771854476015739204,recovered
recovered-0637,1771929851751964731,2024-03-24,repost,UMAW_,coalition-ecosystem-amplification,NYCArtC|UMAW_,,https://x.com/UMAW_/status/1771929851751964731,recovered
recovered-0638,1772242140661219578,2024-03-25,repost,metronyu,coalition-ecosystem-amplification,AppleseedNy|metronyu|NYCArtC,activism|science|teaching,https://x.com/metronyu/status/1772242140661219578,recovered
recovered-0639,1772653388238405817,2024-03-26,repost,UMAW_,coalition-ecosystem-amplification,NYCArtC|UMAW_,,https://x.com/UMAW_/status/1772653388238405817,recovered
recovered-0640,1773016426938278002,2024-03-27,repost,nycnightlifegov,nightlife-and-cultural-space-policy,NYCArtC|nycnightlifegov|NYCnightlifegov|OutSmartNYC,SexualAssaultAwarenessMonth,https://x.com/nycnightlifegov/status/1773016426938278002,recovered
recovered-0641,1774065780457410893,2024-03-30,repost,VendorPower,coalition-ecosystem-amplification,NYCArtC|VendorPower,,https://x.com/VendorPower/status/1774065780457410893,recovered
recovered-0642,1774449657025818745,2024-03-31,repost,MaketheRoadNY,artist-resources-and-opportunities,MaketheRoadNY|NYCArtC,TransDayOfVisibility,https://x.com/MaketheRoadNY/status/1774449657025818745,recovered
recovered-0643,1774753584250311066,2024-04-01,repost,BOENYC,coalition-ecosystem-amplification,BOENYC|NYCArtC,,https://x.com/BOENYC/status/1774753584250311066,recovered
recovered-0644,1774839572418994649,2024-04-01,repost,olympiakazi,public-process-and-government-dialogue,NYCArtC|NYCCouncil|NYCMayor|NYCSpeakerAdams|olympiakazi|peoplesplannyc,CareNotCuts,https://x.com/olympiakazi/status/1774839572418994649,recovered
recovered-0645,1778459795046928631,2024-04-11,repost,NYWFP,coalition-ecosystem-amplification,NYCArtC|NYWFP,,https://x.com/NYWFP/status/1778459795046928631,recovered
recovered-0646,1781360044346384562,2024-04-19,repost,UMAW_,coalition-ecosystem-amplification,NYCArtC|UMAW_,,https://x.com/UMAW_/status/1781360044346384562,recovered
recovered-0647,1783883389512110258,2024-04-26,repost,NYCLU,coalition-ecosystem-amplification,NYCArtC|NYCLU,,https://x.com/NYCLU/status/1783883389512110258,recovered
recovered-0648,1783883390766260612,2024-04-26,repost,NYCLU,coalition-ecosystem-amplification,NYCArtC|NYCLU,,https://x.com/NYCLU/status/1783883390766260612,recovered
recovered-0649,1787616471738368099,2024-05-06,repost,macklemore,coalition-ecosystem-amplification,macklemore|NYCArtC,,https://x.com/macklemore/status/1787616471738368099,recovered
recovered-0650,1787700561892221114,2024-05-07,repost,tmorello,coalition-ecosystem-amplification,macklemore|NYCArtC|tmorello,,https://x.com/tmorello/status/1787700561892221114,recovered
recovered-0651,1787862499284435138,2024-05-07,repost,ArtistStudioAP,fair-rent-and-storefront-stability,artagainstnyc|ArtistStudioAP|NYCArtC|nycgov|NYCSpeakerAdams|TakerootNYC|VendorPower,,https://x.com/ArtistStudioAP/status/1787862499284435138,recovered
recovered-0652,1787946819755925607,2024-05-07,repost,NYCCLI,housing-land-and-community-ownership,NYCArtC|NYCCLI|queenofmankind|realedgemereCLT,,https://x.com/NYCCLI/status/1787946819755925607,recovered
recovered-0653,1790028899352559754,2024-05-13,repost,VendorPower,coalition-ecosystem-amplification,NYCArtC|VendorPower|voteshekar,StreetVendorReform,https://x.com/VendorPower/status/1790028899352559754,recovered
recovered-0654,1790800802233139537,2024-05-15,repost,NYCSpeakerAdams,public-process-and-government-dialogue,NYCArtC|NYCCouncil|NYCSpeakerAdams,,https://x.com/NYCSpeakerAdams/status/1790800802233139537,recovered
recovered-0655,1790869501195456944,2024-05-15,repost,future_of_music,public-process-and-government-dialogue,future_of_music|NYCArtC,,https://x.com/future_of_music/status/1790869501195456944,recovered
recovered-0656,1791103495895961965,2024-05-16,repost,CMShahanaHanif,public-process-and-government-dialogue,CMShahanaHanif|NYCArtC|nycschools,,https://x.com/CMShahanaHanif/status/1791103495895961965,recovered
recovered-0657,1791133406652235782,2024-05-16,repost,NewEconomyNYC,public-process-and-government-dialogue,HarryBBronson|NewEconomyNYC|NYCArtC|SenatorBrouk|tousifnyc,,https://x.com/NewEconomyNYC/status/1791133406652235782,recovered
recovered-0658,1791151504159629418,2024-05-16,repost,UMAW_,coalition-ecosystem-amplification,NYCArtC|UMAW_,,https://x.com/UMAW_/status/1791151504159629418,recovered
recovered-0659,1791278243468743058,2024-05-17,repost,future_of_music,coalition-ecosystem-amplification,future_of_music|MLC_US|NYCArtC,,https://x.com/future_of_music/status/1791278243468743058,recovered
recovered-0660,1791554048627224646,2024-05-17,repost,WGAEast,artist-labor-and-economic-justice,IATSE|NYCArtC|WGAEast,1u|IASolidarity,https://x.com/WGAEast/status/1791554048627224646,recovered
recovered-0661,1791560762760028178,2024-05-17,repost,nypl,public-process-and-government-dialogue,NYCArtC|nyccouncil|nycmayor|nypl,NoCutsToLibraries,https://x.com/nypl/status/1791560762760028178,recovered
recovered-0662,1791807638092546107,2024-05-18,repost,future_of_music,coalition-ecosystem-amplification,future_of_music|NYCArtC,,https://x.com/future_of_music/status/1791807638092546107,recovered
recovered-0663,1792372148386103508,2024-05-20,repost,PeoplesPlanNYC,public-process-and-government-dialogue,NYCArtC|nycmayor|PeoplesPlanNYC,KidPower|PeoplesBudget,https://x.com/PeoplesPlanNYC/status/1792372148386103508,recovered
recovered-0664,1792909984767840448,2024-05-21,repost,nypl,public-process-and-government-dialogue,NYCArtC|NYCCouncil|NYCMayor|nypl,NoCutsToLibraries,https://x.com/nypl/status/1792909984767840448,recovered
recovered-0665,1793310091099181284,2024-05-22,repost,PeoplesPlanNYC,coalition-ecosystem-amplification,NYCArtC|PeoplesPlanNYC,,https://x.com/PeoplesPlanNYC/status/1793310091099181284,recovered
recovered-0666,1793346572631056830,2024-05-22,repost,CooperSq,artist-resources-and-opportunities,CooperSq|NYCArtC,,https://x.com/CooperSq/status/1793346572631056830,recovered
recovered-0667,1793379557162225914,2024-05-22,repost,BUJ_NYC,public-process-and-government-dialogue,BUJ_NYC|GrowBrooklyn|NYCArtC,,https://x.com/BUJ_NYC/status/1793379557162225914,recovered
recovered-0668,1795260552237006986,2024-05-28,repost,PeoplesPlanNYC,coalition-ecosystem-amplification,NYCArtC|PeoplesPlanNYC,,https://x.com/PeoplesPlanNYC/status/1795260552237006986,recovered
recovered-0669,1795547672981418054,2024-05-28,repost,future_of_music,coalition-ecosystem-amplification,future_of_music|JusticeATR|NYCArtC|rollingstone,,https://x.com/future_of_music/status/1795547672981418054,recovered
recovered-0670,1795564252666695693,2024-05-28,authored-post,NYCArtC,housing-land-and-community-ownership,NYCArtC,,https://x.com/NYCArtC/status/1795564252666695693,recovered
recovered-0671,1795804007446741276,2024-05-29,repost,jason_koebler,coalition-ecosystem-amplification,jason_koebler|NYCArtC,,https://x.com/jason_koebler/status/1795804007446741276,recovered
recovered-0672,1795866703030632506,2024-05-29,repost,nypl,public-process-and-government-dialogue,NYCArtC|NYCCouncil|NYCMayor|nypl,NoCutsToLibraries,https://x.com/nypl/status/1795866703030632506,recovered
recovered-0673,1795871085071585304,2024-05-29,repost,ChhayaCDC,housing-land-and-community-ownership,ChhayaCDC|NYCArtC,ChhayaCDC|FightForFairRent|QueensNY|TenantRights,https://x.com/ChhayaCDC/status/1795871085071585304,recovered
recovered-0674,1796621172844421138,2024-05-31,repost,EmilyAssembly,coalition-ecosystem-amplification,EmilyAssembly|NYCArtC,NationalHeatAwarenessDay,https://x.com/EmilyAssembly/status/1796621172844421138,recovered
recovered-0675,1796719156651274280,2024-06-01,repost,NYCLU,coalition-ecosystem-amplification,NYCArtC|NYCLU,,https://x.com/NYCLU/status/1796719156651274280,recovered
recovered-0676,1797254910402052524,2024-06-02,repost,actupny,coalition-ecosystem-amplification,actupny|NYCArtC,,https://x.com/actupny/status/1797254910402052524,recovered
recovered-0677,1798503685783523681,2024-06-05,repost,GVSHP,coalition-ecosystem-amplification,GVSHP|NYCArtC|OGTinaWeymouth,CBGB|OTD|TalkingHeads|WomenCrushWednesday,https://x.com/GVSHP/status/1798503685783523681,recovered
recovered-0678,1799580629886988700,2024-06-08,authored-post,NYCArtC,fair-rent-and-storefront-stability,DianaAyalaNYC|NYCArtC|NYCSpeakerAdams,FairRentNYC,https://x.com/NYCArtC/status/1799580629886988700,recovered
recovered-0679,1800916235116216352,2024-06-12,repost,nypl,public-process-and-government-dialogue,NYCArtC|NYCCouncil|NYCMayor|nypl,NoCutsToLibraries|PatienceSpeaking,https://x.com/nypl/status/1800916235116216352,recovered
recovered-0680,1801085806859198867,2024-06-13,repost,wqclt,housing-land-and-community-ownership,NYCArtC|wqclt,,https://x.com/wqclt/status/1801085806859198867,recovered
recovered-0681,1801323264771289097,2024-06-13,repost,VendorPower,coalition-ecosystem-amplification,NYCArtC|VendorPower,,https://x.com/VendorPower/status/1801323264771289097,recovered
recovered-0682,1801334966808178995,2024-06-13,repost,NYCCouncil,public-process-and-government-dialogue,CabanD22|NYCAging|NYCArtC|NYCCouncil,,https://x.com/NYCCouncil/status/1801334966808178995,recovered
recovered-0683,1803425437667746236,2024-06-19,repost,neilturkewitz,public-process-and-government-dialogue,jessicaramosqns|neilturkewitz|NYCArtC,,https://x.com/neilturkewitz/status/1803425437667746236,recovered
recovered-0684,1803477504029601798,2024-06-19,repost,nypl,public-process-and-government-dialogue,NYCArtC|NYCCouncil|NYCMayor|nypl,NoCutsToLibraries,https://x.com/nypl/status/1803477504029601798,recovered
recovered-0685,1804529195206557819,2024-06-22,repost,JPHilllllll,coalition-ecosystem-amplification,JFREJNYC|JPHilllllll|NYCArtC,,https://x.com/JPHilllllll/status/1804529195206557819,recovered
recovered-0686,1804971617627333062,2024-06-23,repost,MusicWorkers,artist-labor-and-economic-justice,MusicWorkers|NYCArtC,,https://x.com/MusicWorkers/status/1804971617627333062,recovered
recovered-0687,1805277332552253564,2024-06-24,repost,future_of_music,coalition-ecosystem-amplification,future_of_music|NYCArtC,,https://x.com/future_of_music/status/1805277332552253564,recovered
recovered-0688,1805658963616174134,2024-06-25,authored-post,NYCArtC,artist-resources-and-opportunities,NYCArtC|we_are_CUP,,https://x.com/NYCArtC/status/1805658963616174134,recovered
recovered-0689,1807957577050820653,2024-07-02,repost,MusicWorkers,artist-labor-and-economic-justice,MusicWorkers|NYCArtC,,https://x.com/MusicWorkers/status/1807957577050820653,recovered
recovered-0690,1817905780487512218,2024-07-29,repost,evgrieve,coalition-ecosystem-amplification,evgrieve|Joy_of_photos|NYCArtC,,https://x.com/evgrieve/status/1817905780487512218,recovered
recovered-0691,1818303748634038762,2024-07-30,repost,ArtistStudioAP,fair-rent-and-storefront-stability,artagainstnyc|ArtistStudioAP|bradlander|ChhayaCDC|GVSHP|NYCArtC|NYCCLI|NYCMayor|NYCSpeakerAdams|TakerootNYC|zellnor4ny,,https://x.com/ArtistStudioAP/status/1818303748634038762,recovered
recovered-0692,1833300884664553763,2024-09-10,repost,BOENYC,coalition-ecosystem-amplification,BOENYC|NYCArtC,,https://x.com/BOENYC/status/1833300884664553763,recovered
recovered-0693,1833505488354316371,2024-09-10,repost,NYWFP,coalition-ecosystem-amplification,NYCArtC|NYWFP,VoteWFP,https://x.com/NYWFP/status/1833505488354316371,recovered
recovered-0694,1834935786912805057,2024-09-14,authored-post,NYCArtC,fair-rent-and-storefront-stability,NYCArtC|NYCCouncil|NYCSpeakerAdams,FairRentNYC,https://x.com/NYCArtC/status/1834935786912805057,recovered
recovered-0695,1837861001212973237,2024-09-22,repost,LegalAidNYC,coalition-ecosystem-amplification,LegalAidNYC|NYCArtC,DoNYCJustice,https://x.com/LegalAidNYC/status/1837861001212973237,recovered
recovered-0696,1845643222011273429,2024-10-14,authored-post,NYCArtC,fair-rent-and-storefront-stability,DianaAyalaNYC|NYCArtC|NYCCouncil|NYCSpeakerAdams|tiffany_caban,FairRentNYC,https://x.com/NYCArtC/status/1845643222011273429,recovered
recovered-0697,1845649470777622791,2024-10-14,authored-post,NYCArtC,coalition-ecosystem-amplification,NYCArtC,,https://x.com/NYCArtC/status/1845649470777622791,recovered
recovered-0698,1845650073478185246,2024-10-14,authored-post,NYCArtC,fair-rent-and-storefront-stability,bradlander|jessicaramosqns|JumaaneWilliams|NYCArtC|scottmstringer|zellnor4ny|ZohranKMamdani,FairRentNYC,https://x.com/NYCArtC/status/1845650073478185246,recovered
recovered-0699,1845668059169648901,2024-10-14,repost,ArtistStudioAP,fair-rent-and-storefront-stability,ArtistStudioAP|NYCArtC,,https://x.com/ArtistStudioAP/status/1845668059169648901,recovered
recovered-0700,1848764138345894027,2024-10-22,authored-post,NYCArtC,artist-labor-and-economic-justice,MusicWorkers|NYCArtC,,https://x.com/NYCArtC/status/1848764138345894027,recovered
recovered-0701,1849782970837615050,2024-10-25,repost,BOENYC,coalition-ecosystem-amplification,BOENYC|NYCArtC,,https://x.com/BOENYC/status/1849782970837615050,recovered
recovered-0702,1849835680127472109,2024-10-25,repost,future_of_music,artist-labor-and-economic-justice,future_of_music|NYCArtC,,https://x.com/future_of_music/status/1849835680127472109,recovered
recovered-0703,1850145416618086744,2024-10-26,repost,NYCVotes,coalition-ecosystem-amplification,NYCArtC|NYCVotes,,https://x.com/NYCVotes/status/1850145416618086744,recovered
recovered-0704,1850174000082628774,2024-10-26,authored-post,NYCArtC,coalition-ecosystem-amplification,NYCArtC,,https://x.com/NYCArtC/status/1850174000082628774,recovered
recovered-0705,1850492645644406844,2024-10-27,repost,BOENYC,coalition-ecosystem-amplification,BOENYC|NYCArtC,,https://x.com/BOENYC/status/1850492645644406844,recovered
recovered-0706,1852367188432191948,2024-11-01,repost,future_of_music,coalition-ecosystem-amplification,future_of_music|NYCArtC|nytimes|RobertSmith|sisario|thecure,,https://x.com/future_of_music/status/1852367188432191948,recovered
recovered-0707,1852507410302157055,2024-11-02,repost,BOENYC,coalition-ecosystem-amplification,BOENYC|NYCArtC,,https://x.com/BOENYC/status/1852507410302157055,recovered
recovered-0708,1852682072613134836,2024-11-02,repost,NYCVotes,coalition-ecosystem-amplification,NYCArtC|NYCVotes,,https://x.com/NYCVotes/status/1852682072613134836,recovered
recovered-0709,1853421944819097771,2024-11-04,repost,BOENYC,coalition-ecosystem-amplification,BOENYC|NYCArtC,,https://x.com/BOENYC/status/1853421944819097771,recovered
recovered-0710,1866540688076312779,2024-12-10,repost,future_of_music,coalition-ecosystem-amplification,future_of_music|NYCArtC,,https://x.com/future_of_music/status/1866540688076312779,recovered
recovered-0711,1866549629157789715,2024-12-10,repost,MaketheRoadNY,coalition-ecosystem-amplification,MaketheRoadNY|NYCArtC,KnowYourRights,https://x.com/MaketheRoadNY/status/1866549629157789715,recovered
recovered-0712,1869015503689466227,2024-12-17,repost,future_of_music,coalition-ecosystem-amplification,future_of_music|NYCArtC,,https://x.com/future_of_music/status/1869015503689466227,recovered
recovered-0713,1869084357799092313,2024-12-17,repost,future_of_music,coalition-ecosystem-amplification,future_of_music|NYCArtC,,https://x.com/future_of_music/status/1869084357799092313,recovered
recovered-0714,1869367082338406879,2024-12-18,repost,MaketheRoadNY,coalition-ecosystem-amplification,MaketheRoadNY|NYCArtC,KnowYourRights|ProtectOurFutures,https://x.com/MaketheRoadNY/status/1869367082338406879,recovered
recovered-0715,1869397297798271232,2024-12-18,repost,thenyic,artist-resources-and-opportunities,NYCArtC|thenyic,InternationalMigrantsDay,https://x.com/thenyic/status/1869397297798271232,recovered
recovered-0716,1869413625074782546,2024-12-18,repost,future_of_music,coalition-ecosystem-amplification,future_of_music|NYCArtC,,https://x.com/future_of_music/status/1869413625074782546,recovered
recovered-0717,1869430744432685105,2024-12-18,repost,future_of_music,coalition-ecosystem-amplification,future_of_music|lizpelly|NYCArtC,,https://x.com/future_of_music/status/1869430744432685105,recovered
recovered-0718,1869488787577090280,2024-12-18,repost,future_of_music,coalition-ecosystem-amplification,future_of_music|NYCArtC,,https://x.com/future_of_music/status/1869488787577090280,recovered
recovered-0719,1869729537409634312,2024-12-19,authored-post,NYCArtC,nightlife-and-cultural-space-policy,NYCArtC,,https://x.com/NYCArtC/status/1869729537409634312,recovered
recovered-0720,1874810805239345638,2025-01-02,repost,wildprojectnyc,coalition-ecosystem-amplification,NYCArtC|wildprojectnyc,,https://x.com/wildprojectnyc/status/1874810805239345638,recovered
recovered-0721,1874833079853814180,2025-01-02,repost,MaketheRoadNY,coalition-ecosystem-amplification,MaketheRoadNY|NYCArtC,KnowYourRights|ProtectOurFutures,https://x.com/MaketheRoadNY/status/1874833079853814180,recovered
recovered-0722,1879233691521782073,2025-01-14,authored-post,NYCArtC,nightlife-and-cultural-space-policy,NYCArtC,,https://x.com/NYCArtC/status/1879233691521782073,recovered
recovered-0723,1899248117209264361,2025-03-10,repost,orangecloudz,coalition-ecosystem-amplification,NYCArtC|orangecloudz,,https://x.com/orangecloudz/status/1899248117209264361,recovered
recovered-0724,1899489917371052218,2025-03-11,repost,ArtistStudioAP,fair-rent-and-storefront-stability,ArtistStudioAP|ChhayaCDC|CooperSq|NYCArtC|olympiakazi|TakerootNYC|VendorPower,,https://x.com/ArtistStudioAP/status/1899489917371052218,recovered
recovered-0725,1904985849814450421,2025-03-26,repost,future_of_music,coalition-ecosystem-amplification,future_of_music|NYCArtC,,https://x.com/future_of_music/status/1904985849814450421,recovered
recovered-0726,1916525184795730125,2025-04-27,repost,NYCKidsPAC,coalition-ecosystem-amplification,Moms4Liberty|NYCArtC|NYCKidsPAC,,https://x.com/NYCKidsPAC/status/1916525184795730125,recovered
recovered-0727,1923180252206936418,2025-05-16,repost,future_of_music,mutual-aid-and-pandemic-response,artistrightsnow|future_of_music|NYCArtC,,https://x.com/future_of_music/status/1923180252206936418,recovered
recovered-0728,1925567879115612536,2025-05-22,repost,NYCulture,artist-resources-and-opportunities,MayorsPEU|NYC_SBS|NYCArtC|NYCHRO|NYCulture,PAIRnyc,https://x.com/NYCulture/status/1925567879115612536,recovered
recovered-0729,1932459675288518944,2025-06-10,repost,LegalAidNYC,coalition-ecosystem-amplification,LegalAidNYC|NYCArtC,,https://x.com/LegalAidNYC/status/1932459675288518944,recovered
recovered-0730,1932847679672914330,2025-06-11,repost,MoRUSNYC,coalition-ecosystem-amplification,MoRUSNYC|NYCArtC,bike|NYC|repair,https://x.com/MoRUSNYC/status/1932847679672914330,recovered
recovered-0731,1932919837745139943,2025-06-11,repost,taliaotg,coalition-ecosystem-amplification,NYCArtC|taliaotg,,https://x.com/taliaotg/status/1932919837745139943,recovered
recovered-0732,1933004394716364981,2025-06-12,repost,aaronAcarr,coalition-ecosystem-amplification,aaronAcarr|NYCArtC,,https://x.com/aaronAcarr/status/1933004394716364981,recovered
recovered-0733,1936756060817080364,2025-06-22,repost,BOENYC,coalition-ecosystem-amplification,BOENYC|NYCArtC,,https://x.com/BOENYC/status/1936756060817080364,recovered
recovered-0734,1937669479757979952,2025-06-25,repost,BOENYC,coalition-ecosystem-amplification,BOENYC|NYCArtC,,https://x.com/BOENYC/status/1937669479757979952,recovered
recovered-0735,1957309055778619877,2025-08-18,repost,olympiakazi,coalition-ecosystem-amplification,NYCArtC|olympiakazi,,https://x.com/olympiakazi/status/1957309055778619877,recovered
recovered-0736,1959523347596808245,2025-08-24,authored-post,NYCArtC,artist-resources-and-opportunities,NYCArtC,,https://x.com/NYCArtC/status/1959523347596808245,recovered
recovered-0737,1964012937841942655,2025-09-05,repost,future_of_music,coalition-ecosystem-amplification,future_of_music|NYCArtC,breakupticketmaster,https://x.com/future_of_music/status/1964012937841942655,recovered
recovered-0738,1964697486507061609,2025-09-07,repost,future_of_music,coalition-ecosystem-amplification,future_of_music|NYCArtC,,https://x.com/future_of_music/status/1964697486507061609,recovered
recovered-0739,1965565613952438410,2025-09-09,repost,future_of_music,coalition-ecosystem-amplification,future_of_music|NYCArtC,,https://x.com/future_of_music/status/1965565613952438410,recovered
recovered-0740,1965569448720695458,2025-09-10,repost,future_of_music,coalition-ecosystem-amplification,future_of_music|NYCArtC,,https://x.com/future_of_music/status/1965569448720695458,recovered
recovered-0741,1971370321455559057,2025-09-26,repost,future_of_music,coalition-ecosystem-amplification,future_of_music|NYCArtC,,https://x.com/future_of_music/status/1971370321455559057,recovered
recovered-0742,1972705893637628000,2025-09-29,repost,MorePerfectUS,artist-labor-and-economic-justice,MorePerfectUS|NYCArtC,,https://x.com/MorePerfectUS/status/1972705893637628000,recovered
recovered-0743,1973401610039521294,2025-10-01,repost,future_of_music,coalition-ecosystem-amplification,future_of_music|NYCArtC,,https://x.com/future_of_music/status/1973401610039521294,recovered
recovered-0744,1973529755262874014,2025-10-01,repost,future_of_music,coalition-ecosystem-amplification,future_of_music|NYCArtC,,https://x.com/future_of_music/status/1973529755262874014,recovered
recovered-0745,1974165463149301764,2025-10-03,repost,HellGateNY,coalition-ecosystem-amplification,HellGateNY|NYCArtC,,https://x.com/HellGateNY/status/1974165463149301764,recovered
recovered-0746,1974171303675637872,2025-10-03,authored-post,NYCArtC,nightlife-and-cultural-space-policy,adlankj|NYCArtC|nycnightlifegov|olympiakazi,TalksNotRaids,https://x.com/NYCArtC/status/1974171303675637872,recovered
recovered-0747,1985542598870605901,2025-11-04,repost,EmilyAssembly,fair-rent-and-storefront-stability,EmilyAssembly|NYCArtC,,https://x.com/EmilyAssembly/status/1985542598870605901,recovered
recovered-0748,1987183111231205734,2025-11-08,repost,michalovejohan,coalition-ecosystem-amplification,michalovejohan|NYCArtC,,https://x.com/michalovejohan/status/1987183111231205734,recovered
recovered-0749,1988245426676342981,2025-11-11,repost,NYCulture,artist-resources-and-opportunities,artny72|NYCArtC|NYCulture,,https://x.com/NYCulture/status/1988245426676342981,recovered
recovered-0750,1988381290899349547,2025-11-11,repost,nyfacurrent,artist-labor-and-economic-justice,NYCArtC|nyculture|nyfacurrent,,https://x.com/nyfacurrent/status/1988381290899349547,recovered
recovered-0751,1989347707849158978,2025-11-14,repost,nyfacurrent,artist-resources-and-opportunities,NYCArtC|nyculture|nyfacurrent,,https://x.com/nyfacurrent/status/1989347707849158978,recovered
recovered-0752,1989710654941331650,2025-11-15,authored-post,NYCArtC,artist-resources-and-opportunities,NYCArtC,,https://x.com/NYCArtC/status/1989710654941331650,recovered
recovered-0753,1989726832984207579,2025-11-15,authored-post,NYCArtC,fair-rent-and-storefront-stability,ArtistStudioAP|CatMDanceNYoga|ChhayaCDC|CooperSq|EmilyAssembly|indietheaternyc|JuliaCarmel__|NYCArtC|nycworker|olympiakazi|VendorPower|YAMAMerchants,FairRentNYC|StopClosingNY,https://x.com/NYCArtC/status/1989726832984207579,recovered
recovered-0754,1991563895958565035,2025-11-20,repost,CitizensUnionNY,artist-labor-and-economic-justice,CitizensUnionNY|NYCArtC,,https://x.com/CitizensUnionNY/status/1991563895958565035,recovered
recovered-0755,1993707227706978814,2025-11-26,repost,cdi_dance,artist-resources-and-opportunities,cdi_dance|LaundromatProj|NYCArtC,,https://x.com/cdi_dance/status/1993707227706978814,recovered
recovered-0756,1993707487032152258,2025-11-26,authored-post,NYCArtC,artist-labor-and-economic-justice,freelancersu|NYCArtC,,https://x.com/NYCArtC/status/1993707487032152258,recovered
recovered-0757,1993708123610095992,2025-11-26,authored-post,NYCArtC,coalition-ecosystem-amplification,NYCArtC,,https://x.com/NYCArtC/status/1993708123610095992,recovered
recovered-0758,1994534249249308745,2025-11-28,repost,JoeyQuits,artist-labor-and-economic-justice,JoeyQuits|NYCArtC,,https://x.com/JoeyQuits/status/1994534249249308745,recovered
recovered-0759,1995173357386690838,2025-11-30,repost,Uptowncollectiv,coalition-ecosystem-amplification,NYCArtC|Uptowncollectiv,NoMAA,https://x.com/Uptowncollectiv/status/1995173357386690838,recovered
recovered-0760,1995572684122648840,2025-12-01,repost,JoeyQuits,public-process-and-government-dialogue,JoeyQuits|NYCArtC|RepRashida,,https://x.com/JoeyQuits/status/1995572684122648840,recovered
recovered-0761,1995606947538829557,2025-12-01,repost,future_of_music,coalition-ecosystem-amplification,future_of_music|NYCArtC,,https://x.com/future_of_music/status/1995606947538829557,recovered
recovered-0762,1995607236459332045,2025-12-01,repost,future_of_music,coalition-ecosystem-amplification,FTC|future_of_music|NYCArtC,,https://x.com/future_of_music/status/1995607236459332045,recovered
recovered-0763,1995868766614462973,2025-12-02,repost,NYCArtC,fair-rent-and-storefront-stability,EmilyAssembly|JuliaCarmel__|JulieMenin|NYCArtC,FairRentNYC,https://x.com/NYCArtC/status/1995868766614462973,recovered
recovered-0764,1995875999276573009,2025-12-02,repost,Local_802_AFM,mutual-aid-and-pandemic-response,Local_802_AFM|NYCArtC,GivingTuesday|Local802,https://x.com/Local_802_AFM/status/1995875999276573009,recovered
recovered-0765,1995887475626275036,2025-12-02,repost,IfIWasDaKing,fair-rent-and-storefront-stability,IfIWasDaKing|NYCArtC,,https://x.com/IfIWasDaKing/status/1995887475626275036,recovered
recovered-0766,1995889603774218349,2025-12-02,repost,PopBase,coalition-ecosystem-amplification,NYCArtC|PopBase,,https://x.com/PopBase/status/1995889603774218349,recovered
recovered-0767,1996244028375912860,2025-12-03,repost,JoeyQuits,public-process-and-government-dialogue,JoeyQuits|NYCArtC|RepRashida,,https://x.com/JoeyQuits/status/1996244028375912860,recovered
recovered-0768,1996268802074431703,2025-12-03,repost,CooperSq,public-process-and-government-dialogue,CooperSq|NYCArtC,,https://x.com/CooperSq/status/1996268802074431703,recovered
recovered-0769,1996343280901235011,2025-12-03,repost,NewEconomyNYC,coalition-ecosystem-amplification,jacobin|NewEconomyNYC|NYCArtC|ZohranKMamdani,,https://x.com/NewEconomyNYC/status/1996343280901235011,recovered
recovered-0770,1996627690787574050,2025-12-04,repost,NewEconomyNYC,housing-land-and-community-ownership,NewEconomyNYC|NYCArtC,,https://x.com/NewEconomyNYC/status/1996627690787574050,recovered
recovered-0771,1996658341255459034,2025-12-04,repost,PublicBankNYC,artist-labor-and-economic-justice,jacobin|NYCArtC|PublicBankNYC,,https://x.com/PublicBankNYC/status/1996658341255459034,recovered
recovered-0772,1997763604238479566,2025-12-07,repost,Uptowncollectiv,artist-resources-and-opportunities,NYCArtC|Uptowncollectiv,,https://x.com/Uptowncollectiv/status/1997763604238479566,recovered
recovered-0773,1998069459064353270,2025-12-08,repost,VendorPower,public-process-and-government-dialogue,CMPiSanchez|NYCArtC|NYCCouncil|VendorPower,,https://x.com/VendorPower/status/1998069459064353270,recovered
recovered-0774,1998110680403075580,2025-12-08,repost,future_of_music,public-process-and-government-dialogue,future_of_music|NYCArtC,,https://x.com/future_of_music/status/1998110680403075580,recovered
recovered-0775,1998403617372413960,2025-12-09,repost,cdi_dance,artist-resources-and-opportunities,cdi_dance|CUNY|NYCArtC,,https://x.com/cdi_dance/status/1998403617372413960,recovered
recovered-0776,1998496684393775516,2025-12-09,repost,wqclt,housing-land-and-community-ownership,NYCArtC|NYCCouncil|NYCSpeakerAdams|tiffany_caban|wqclt|ZohranKMamdani,,https://x.com/wqclt/status/1998496684393775516,recovered
recovered-0777,1998498851133469004,2025-12-09,repost,future_of_music,public-process-and-government-dialogue,future_of_music|NYCArtC,,https://x.com/future_of_music/status/1998498851133469004,recovered
recovered-0778,1998516231209656547,2025-12-09,repost,future_of_music,public-process-and-government-dialogue,future_of_music|NYCArtC,,https://x.com/future_of_music/status/1998516231209656547,recovered
recovered-0779,1998768048979734898,2025-12-10,repost,VendorPower,coalition-ecosystem-amplification,CMPiSanchez|NYCArtC|VendorPower,,https://x.com/VendorPower/status/1998768048979734898,recovered
recovered-0780,1998784999152111964,2025-12-10,repost,nyfacurrent,artist-resources-and-opportunities,NYCArtC|nyfacurrent|nyscarts,,https://x.com/nyfacurrent/status/1998784999152111964,recovered
recovered-0781,1998854031893205466,2025-12-10,repost,wqclt,housing-land-and-community-ownership,CMShekarK|NYCArtC|wqclt,,https://x.com/wqclt/status/1998854031893205466,recovered
recovered-0782,1999141222976307586,2025-12-11,repost,cdi_dance,artist-resources-and-opportunities,cdi_dance|NYCArtC,,https://x.com/cdi_dance/status/1999141222976307586,recovered
recovered-0783,1999866988378902752,2025-12-13,repost,UAW7902,coalition-ecosystem-amplification,NYCArtC|TheNewSchool|UAW7902,,https://x.com/UAW7902/status/1999866988378902752,recovered
recovered-0784,2000217156747772216,2025-12-14,repost,VendorPower,public-process-and-government-dialogue,NYCArtC|nyccouncil|VendorPower,,https://x.com/VendorPower/status/2000217156747772216,recovered
recovered-0785,2000590231024607675,2025-12-15,authored-post,NYCArtC,fair-rent-and-storefront-stability,EmilyAssembly|GovKathyHochul|JuliaCarmel__|JulieMenin|NYCArtC|ZohranKMamdani,FairRentNYC,https://x.com/NYCArtC/status/2000590231024607675,recovered
recovered-0786,2000612409405288828,2025-12-15,repost,MoRUSNYC,coalition-ecosystem-amplification,MoRUSNYC|NYCArtC,,https://x.com/MoRUSNYC/status/2000612409405288828,recovered
recovered-0787,2000705126122623426,2025-12-15,repost,ArtistStudioAP,housing-land-and-community-ownership,ArtistStudioAP|NYCArtC|ZohranKMamdani,,https://x.com/ArtistStudioAP/status/2000705126122623426,recovered
recovered-0788,2000915633853042764,2025-12-16,repost,OsseChi,housing-land-and-community-ownership,NYCArtC|NYCCouncil|OsseChi,,https://x.com/OsseChi/status/2000915633853042764,recovered
recovered-0789,2001048644846244061,2025-12-16,repost,ChhayaCDC,housing-land-and-community-ownership,ChhayaCDC|NYCArtC,ChhayaCDC|communitypower|HousingJustice|QueensCLT,https://x.com/ChhayaCDC/status/2001048644846244061,recovered
recovered-0790,2001292618840297940,2025-12-17,repost,VendorPower,public-process-and-government-dialogue,cmpisanchez|NYCArtC|nyccouncil|VendorPower,,https://x.com/VendorPower/status/2001292618840297940,recovered
recovered-0791,2001347650378174612,2025-12-17,repost,VendorPower,public-process-and-government-dialogue,CMPiSanchez|NYCArtC|NYCCouncil|NYDailyNews|VendorPower,,https://x.com/VendorPower/status/2001347650378174612,recovered
recovered-0792,2001390858252222470,2025-12-17,repost,MoRUSNYC,coalition-ecosystem-amplification,MoRUSNYC|NYCArtC,,https://x.com/MoRUSNYC/status/2001390858252222470,recovered
recovered-0793,2005153428142784849,2025-12-28,repost,MoRUSNYC,coalition-ecosystem-amplification,MoRUSNYC|NYCArtC,,https://x.com/MoRUSNYC/status/2005153428142784849,recovered
recovered-0794,2008222131696349307,2026-01-05,repost,TakerootNYC,artist-resources-and-opportunities,IMPACCTBrooklyn|NYCArtC|TakerootNYC,,https://x.com/TakerootNYC/status/2008222131696349307,recovered
recovered-0795,2008282420039049725,2026-01-05,repost,NYCMayor,fair-rent-and-storefront-stability,NYCArtC|NYCMayor,,https://x.com/NYCMayor/status/2008282420039049725,recovered
recovered-0796,2008290639696318468,2026-01-05,repost,future_of_music,coalition-ecosystem-amplification,future_of_music|NYCArtC,,https://x.com/future_of_music/status/2008290639696318468,recovered
recovered-0797,2008292836861415655,2026-01-05,repost,future_of_music,coalition-ecosystem-amplification,future_of_music|NYCArtC|saalevine,,https://x.com/future_of_music/status/2008292836861415655,recovered
recovered-0798,2008319445911904712,2026-01-05,repost,future_of_music,coalition-ecosystem-amplification,future_of_music|NYCArtC|saalevine,,https://x.com/future_of_music/status/2008319445911904712,recovered
recovered-0799,2008532217287589954,2026-01-06,authored-post,NYCArtC,public-process-and-government-dialogue,lizpelly|NYCArtC|NYCMayor|nypl|olympiakazi,,https://x.com/NYCArtC/status/2008532217287589954,recovered
recovered-0800,2008666280430367200,2026-01-06,repost,NYCMayor,public-process-and-government-dialogue,NYCArtC|NYCMayor,,https://x.com/NYCMayor/status/2008666280430367200,recovered
recovered-0801,2008910077550280793,2026-01-07,repost,Local_802_AFM,artist-labor-and-economic-justice,AFLCIO|CentralLaborNYC|DanPoint|ericdkoch|Local_802_AFM|NYCArtC|NYSAFLCIO|rushafrica|The_AFM,LOCAL802,https://x.com/Local_802_AFM/status/2008910077550280793,recovered
recovered-0802,2009268872390574170,2026-01-08,repost,JoeyQuits,coalition-ecosystem-amplification,JoeyQuits|NYCArtC,,https://x.com/JoeyQuits/status/2009268872390574170,recovered
recovered-0803,2009295231875703289,2026-01-08,repost,GovKathyHochul,coalition-ecosystem-amplification,GovKathyHochul|NYCArtC,,https://x.com/GovKathyHochul/status/2009295231875703289,recovered
recovered-0804,2009363657730171046,2026-01-08,repost,VendorPower,public-process-and-government-dialogue,NYCArtC|SpeakerMenin|VendorPower,,https://x.com/VendorPower/status/2009363657730171046,recovered
recovered-0805,2009365285510218082,2026-01-08,repost,VendorPower,public-process-and-government-dialogue,helloDCWP|NYCArtC|NYCCouncil|saalevine|SpeakerMenin|VendorPower,,https://x.com/VendorPower/status/2009365285510218082,recovered
recovered-0806,2009372931114049637,2026-01-08,repost,JoeyQuits,coalition-ecosystem-amplification,JoeyQuits|NYCArtC,,https://x.com/JoeyQuits/status/2009372931114049637,recovered
recovered-0807,2009643941914939762,2026-01-09,repost,NYLSCoalition,coalition-ecosystem-amplification,NYCArtC|NYLSCoalition,,https://x.com/NYLSCoalition/status/2009643941914939762,recovered
recovered-0808,2010896893971509675,2026-01-13,repost,RLEspinal,artist-labor-and-economic-justice,MadeinNY|NYCArtC|NYCMayor|RLEspinal,,https://x.com/RLEspinal/status/2010896893971509675,recovered
recovered-0809,2011134880814379169,2026-01-13,repost,NYCSanitation,coalition-ecosystem-amplification,NYCArtC|NYCSanitation,NewYorksStrongest,https://x.com/NYCSanitation/status/2011134880814379169,recovered
recovered-0810,2011159431355257009,2026-01-13,repost,human_artistry,coalition-ecosystem-amplification,human_artistry|NYCArtC,,https://x.com/human_artistry/status/2011159431355257009,recovered
recovered-0811,2011163573893153022,2026-01-13,repost,TakerootNYC,artist-labor-and-economic-justice,bhipbk|fttenantunion|NYCArtC|TakerootNYC,,https://x.com/TakerootNYC/status/2011163573893153022,recovered
recovered-0812,2011445833443721280,2026-01-14,repost,cdi_dance,coalition-ecosystem-amplification,cdi_dance|CUNY|NYCArtC|SnugHarborCCBG,,https://x.com/cdi_dance/status/2011445833443721280,recovered
recovered-0813,2011521160861884556,2026-01-14,repost,Local_802_AFM,artist-labor-and-economic-justice,EricDKoch|Local_802_AFM|MadeinNY|NYCArtC|NYCMayor|NYCMayorsOffice|RLEspinal|rushafrica|The_AFM|ZohranKMamdani,Allegro|Local802,https://x.com/Local_802_AFM/status/2011521160861884556,recovered
recovered-0814,2011561772973703385,2026-01-14,repost,actingliketommy,coalition-ecosystem-amplification,actingliketommy|NYCArtC,,https://x.com/actingliketommy/status/2011561772973703385,recovered
recovered-0815,2011785631672746338,2026-01-15,repost,CooperSq,housing-land-and-community-ownership,CooperSq|NYCArtC,,https://x.com/CooperSq/status/2011785631672746338,recovered
recovered-0816,2012194491348746484,2026-01-16,authored-post,NYCArtC,artist-labor-and-economic-justice,MusicWorkers|NYCArtC,,https://x.com/NYCArtC/status/2012194491348746484,recovered
recovered-0817,2012953588813758754,2026-01-18,repost,MusicWorkers,artist-labor-and-economic-justice,MusicWorkers|NYCArtC,,https://x.com/MusicWorkers/status/2012953588813758754,recovered
recovered-0818,2013370968308088987,2026-01-19,repost,nyfacurrent,artist-resources-and-opportunities,NYCArtC|nyfacurrent|nyscarts,,https://x.com/nyfacurrent/status/2013370968308088987,recovered
recovered-0819,2013621566085488848,2026-01-20,repost,future_of_music,coalition-ecosystem-amplification,future_of_music|NYCArtC|sisario,,https://x.com/future_of_music/status/2013621566085488848,recovered
recovered-0820,2013819444892402074,2026-01-21,repost,future_of_music,coalition-ecosystem-amplification,future_of_music|NYCArtC,,https://x.com/future_of_music/status/2013819444892402074,recovered
recovered-0821,2014020757446111640,2026-01-21,repost,nycibo,public-process-and-government-dialogue,NYCArtC|nycibo|NYCulture,,https://x.com/nycibo/status/2014020757446111640,recovered
recovered-0822,2014123765597131135,2026-01-21,repost,SpeakerMenin,coalition-ecosystem-amplification,NYCArtC|nycfuture|SpeakerMenin,,https://x.com/SpeakerMenin/status/2014123765597131135,recovered
recovered-0823,2014275424042328162,2026-01-22,repost,IFPI_org,coalition-ecosystem-amplification,human_artistry|IFPI_org|NYCArtC,,https://x.com/IFPI_org/status/2014275424042328162,recovered
recovered-0824,2014314651119497646,2026-01-22,repost,CooperSq,housing-land-and-community-ownership,CooperSq|NYCArtC|TakerootNYC,,https://x.com/CooperSq/status/2014314651119497646,recovered
recovered-0825,2014415704045273294,2026-01-22,authored-post,NYCArtC,artist-resources-and-opportunities,NYCArtC,,https://x.com/NYCArtC/status/2014415704045273294,recovered
recovered-0826,2014688341308875178,2026-01-23,repost,CooperSq,artist-resources-and-opportunities,CooperSq|NYCArtC,,https://x.com/CooperSq/status/2014688341308875178,recovered
recovered-0827,2014764119979622486,2026-01-23,repost,CooperSq,housing-land-and-community-ownership,CooperSq|JulieMenin|NYCArtC,,https://x.com/CooperSq/status/2014764119979622486,recovered
recovered-0828,2015836365867323516,2026-01-26,repost,tchapmanonline,coalition-ecosystem-amplification,NYCArtC|tchapmanonline,,https://x.com/tchapmanonline/status/2015836365867323516,recovered
recovered-0829,2015896276429078816,2026-01-26,repost,NYCulture,artist-resources-and-opportunities,NYCArtC|NYCulture|StatenArts,,https://x.com/NYCulture/status/2015896276429078816,recovered
recovered-0830,2015907304168714495,2026-01-26,repost,VendorPower,public-process-and-government-dialogue,NYCArtC|NYCCouncil|SpeakerMenin|VendorPower,,https://x.com/VendorPower/status/2015907304168714495,recovered
recovered-0831,2016632671862923526,2026-01-28,repost,sesamestreet,coalition-ecosystem-amplification,NYCArtC|sesamestreet,,https://x.com/sesamestreet/status/2016632671862923526,recovered
recovered-0832,2016654767494222305,2026-01-28,repost,amyklobuchar,coalition-ecosystem-amplification,amyklobuchar|NYCArtC,,https://x.com/amyklobuchar/status/2016654767494222305,recovered
recovered-0833,2016661741246026228,2026-01-28,repost,future_of_music,coalition-ecosystem-amplification,future_of_music|NYCArtC,,https://x.com/future_of_music/status/2016661741246026228,recovered
recovered-0834,2016900313521721392,2026-01-29,repost,VendorPower,artist-resources-and-opportunities,CMAmandaFarias|CMPiSanchez|JumaaneWilliams|NYCArtC|NYCCouncil|nytimes|SpeakerMenin|VendorPower,,https://x.com/VendorPower/status/2016900313521721392,recovered
recovered-0835,2016985272269844789,2026-01-29,authored-post,NYCArtC,artist-resources-and-opportunities,NYCArtC,,https://x.com/NYCArtC/status/2016985272269844789,recovered
recovered-0836,2018705127427977241,2026-02-03,repost,allenanalysis,coalition-ecosystem-amplification,allenanalysis|NYCArtC,,https://x.com/allenanalysis/status/2018705127427977241,recovered
recovered-0837,2018715222828073414,2026-02-03,repost,cdi_dance,artist-resources-and-opportunities,cdi_dance|NYCArtC|TheShedNY,,https://x.com/cdi_dance/status/2018715222828073414,recovered
recovered-0838,2018753068104315091,2026-02-03,authored-post,NYCArtC,coalition-ecosystem-amplification,NYCArtC,,https://x.com/NYCArtC/status/2018753068104315091,recovered
recovered-0839,2019465790051758490,2026-02-05,repost,NYC_DOT,artist-resources-and-opportunities,NYC_DOT|NYCArtC,,https://x.com/NYC_DOT/status/2019465790051758490,recovered
recovered-0840,2019487079382618591,2026-02-05,repost,CooperSq,public-process-and-government-dialogue,CooperSq|NYCArtC,,https://x.com/CooperSq/status/2019487079382618591,recovered
recovered-0841,2019756066100191590,2026-02-06,authored-post,NYCArtC,artist-resources-and-opportunities,NYCArtC,,https://x.com/NYCArtC/status/2019756066100191590,recovered
recovered-0842,2019876671151591866,2026-02-06,authored-post,NYCArtC,artist-resources-and-opportunities,NYCArtC,,https://x.com/NYCArtC/status/2019876671151591866,recovered
recovered-0843,2020870899650469903,2026-02-09,repost,IATSE,artist-labor-and-economic-justice,IATSE|NYCArtC,,https://x.com/IATSE/status/2020870899650469903,recovered
recovered-0844,2020916292744548741,2026-02-09,authored-post,NYCArtC,artist-resources-and-opportunities,NYCArtC,,https://x.com/NYCArtC/status/2020916292744548741,recovered
recovered-0845,2021228675845271638,2026-02-10,repost,bradhoylman,artist-resources-and-opportunities,bradhoylman|NYCArtC|NYCulture,,https://x.com/bradhoylman/status/2021228675845271638,recovered
recovered-0846,2021230539861074350,2026-02-10,repost,NYCMayor,public-process-and-government-dialogue,NYCArtC|NYCMayor,,https://x.com/NYCMayor/status/2021230539861074350,recovered
recovered-0847,2021282527697133609,2026-02-10,authored-post,NYCArtC,artist-resources-and-opportunities,NYCArtC,,https://x.com/NYCArtC/status/2021282527697133609,recovered
recovered-0848,2022030446423404970,2026-02-12,repost,SnugHarborCCBG,artist-resources-and-opportunities,NYCArtC|SnugHarborCCBG,,https://x.com/SnugHarborCCBG/status/2022030446423404970,recovered
recovered-0849,2024510485974901236,2026-02-19,authored-post,NYCArtC,fair-rent-and-storefront-stability,EmilyAssembly|JuliaCarmel__|NYCArtC|olympiakazi,,https://x.com/NYCArtC/status/2024510485974901236,recovered
recovered-0850,2024963751196135470,2026-02-20,repost,EmilyAssembly,fair-rent-and-storefront-stability,EmilyAssembly|NYCArtC,,https://x.com/EmilyAssembly/status/2024963751196135470,recovered
recovered-0851,2025297706818605356,2026-02-21,authored-post,NYCArtC,fair-rent-and-storefront-stability,_rebeccaclewis|NYCArtC,,https://x.com/NYCArtC/status/2025297706818605356,recovered
recovered-0852,2026026218496336009,2026-02-23,repost,SalazarSenate,fair-rent-and-storefront-stability,NYCArtC|SalazarSenate,,https://x.com/SalazarSenate/status/2026026218496336009,recovered
recovered-0853,2026128513900924971,2026-02-24,repost,Mollyploofkins,coalition-ecosystem-amplification,Mollyploofkins|NYCArtC,,https://x.com/Mollyploofkins/status/2026128513900924971,recovered
recovered-0854,2026314070287110339,2026-02-24,repost,saalevine,artist-labor-and-economic-justice,NYCArtC|NYCMOMECommish|saalevine,,https://x.com/saalevine/status/2026314070287110339,recovered
recovered-0855,2026428534822998131,2026-02-24,repost,SalazarSenate,fair-rent-and-storefront-stability,NYCArtC|SalazarSenate,,https://x.com/SalazarSenate/status/2026428534822998131,recovered
recovered-0856,2026708631899521041,2026-02-25,repost,PSC_CUNY,coalition-ecosystem-amplification,NYCArtC|PSC_CUNY,,https://x.com/PSC_CUNY/status/2026708631899521041,recovered
recovered-0857,2026727186447691999,2026-02-25,repost,sohrabsaadat,coalition-ecosystem-amplification,NYCArtC|sohrabsaadat,,https://x.com/sohrabsaadat/status/2026727186447691999,recovered
recovered-0858,2026731409168044397,2026-02-25,repost,EmilyAssembly,coalition-ecosystem-amplification,EmilyAssembly|NYCArtC,,https://x.com/EmilyAssembly/status/2026731409168044397,recovered
recovered-0859,2027893384883396966,2026-02-28,repost,NYCulture,public-process-and-government-dialogue,NYCArtC|NYCMayor|NYCulture,,https://x.com/NYCulture/status/2027893384883396966,recovered
recovered-0860,2029660743529058317,2026-03-05,repost,CMPiSanchez,artist-resources-and-opportunities,CMPiSanchez|NYCArtC|NYCulture,,https://x.com/CMPiSanchez/status/2029660743529058317,recovered
recovered-0861,2029734108784476353,2026-03-06,repost,CMCrystalHudson,coalition-ecosystem-amplification,CMCrystalHudson|NYCArtC,,https://x.com/CMCrystalHudson/status/2029734108784476353,recovered
recovered-0862,2031134197469864348,2026-03-09,repost,NYCulture,public-process-and-government-dialogue,NYCArtC|NYCulture,,https://x.com/NYCulture/status/2031134197469864348,recovered
recovered-0863,2031167298321461360,2026-03-10,repost,WestHarlemDC,coalition-ecosystem-amplification,NYCArtC|WestHarlemDC,,https://x.com/WestHarlemDC/status/2031167298321461360,recovered
recovered-0864,2031470281127035337,2026-03-10,repost,NYCMOMECommish,artist-labor-and-economic-justice,NYCArtC|NYCMOMECommish|wgaeast,,https://x.com/NYCMOMECommish/status/2031470281127035337,recovered
recovered-0865,2031705790210269485,2026-03-11,authored-post,NYCArtC,artist-labor-and-economic-justice,MusicWorkers|NYCArtC|The_AFM,,https://x.com/NYCArtC/status/2031705790210269485,recovered
recovered-0866,2031844448355668314,2026-03-11,repost,NYCMOMECommish,coalition-ecosystem-amplification,NYCArtC|NYCMOMECommish,,https://x.com/NYCMOMECommish/status/2031844448355668314,recovered
recovered-0867,2032140598350684402,2026-03-12,repost,Local_802_AFM,artist-labor-and-economic-justice,ActorsEquity|AFMLocal47|allenfoglehorn|alvincentjr|DanPoint|EricDKoch|Local_802_AFM|nashmusicians|NYCArtC|RepJerryNadler|rushafrica|The_AFM|WGAEast,Local802|TinoGagliardi,https://x.com/Local_802_AFM/status/2032140598350684402,recovered
recovered-0868,2032226444739313888,2026-03-12,repost,MusicWorkers,artist-labor-and-economic-justice,actorsequity|AFMLocal47|Local_802_AFM|MusicWorkers|nashmusicians|NYCArtC|RepJerryNadler|The_AFM|wgaeast,,https://x.com/MusicWorkers/status/2032226444739313888,recovered
recovered-0869,2032442113439256843,2026-03-13,authored-post,NYCArtC,fair-rent-and-storefront-stability,NYCArtC|NYCulture,,https://x.com/NYCArtC/status/2032442113439256843,recovered
recovered-0870,2033895946367434913,2026-03-17,repost,NYCMayor,fair-rent-and-storefront-stability,NYCArtC|NYCMayor,,https://x.com/NYCMayor/status/2033895946367434913,recovered
recovered-0871,2034298410023501937,2026-03-18,repost,CooperSq,public-process-and-government-dialogue,CooperSq|NYCArtC,,https://x.com/CooperSq/status/2034298410023501937,recovered
recovered-0872,2034387619736412337,2026-03-18,repost,NYCulture,fair-rent-and-storefront-stability,NYCArtC|NYCulture,,https://x.com/NYCulture/status/2034387619736412337,recovered
recovered-0873,2034387622160646648,2026-03-18,repost,NYCulture,public-process-and-government-dialogue,NYCArtC|NYCulture,,https://x.com/NYCulture/status/2034387622160646648,recovered
recovered-0874,2035442038905212978,2026-03-21,repost,NYCMOMECommish,coalition-ecosystem-amplification,ArtHouseNY|MadeinNY|NYCArtC|NYCMOMECommish,,https://x.com/NYCMOMECommish/status/2035442038905212978,recovered
recovered-0875,2038635901799055524,2026-03-30,repost,NYCulture,artist-resources-and-opportunities,CUNY|NYCArtC|NYCulture,,https://x.com/NYCulture/status/2038635901799055524,recovered
recovered-0876,2039738817372971434,2026-04-02,repost,NYCulture,public-process-and-government-dialogue,NYCArtC|NYCulture|WNYC,,https://x.com/NYCulture/status/2039738817372971434,recovered
recovered-0877,2042664375161397381,2026-04-10,repost,EmilyAssembly,fair-rent-and-storefront-stability,EmilyAssembly|NYCArtC,,https://x.com/EmilyAssembly/status/2042664375161397381,recovered
recovered-0878,2042695269444137329,2026-04-10,repost,SalazarSenate,fair-rent-and-storefront-stability,NYCArtC|SalazarSenate,,https://x.com/SalazarSenate/status/2042695269444137329,recovered
recovered-0879,2042777380511490533,2026-04-11,repost,SalazarSenate,fair-rent-and-storefront-stability,NYCArtC|SalazarSenate,,https://x.com/SalazarSenate/status/2042777380511490533,recovered
recovered-0880,2042778321486741668,2026-04-11,repost,SalazarSenate,fair-rent-and-storefront-stability,EmilyAssembly|NYCArtC|SalazarSenate,,https://x.com/SalazarSenate/status/2042778321486741668,recovered
recovered-0881,2044061920345350347,2026-04-14,repost,MadeinNY,artist-labor-and-economic-justice,MadeinNY|nyc_hub|NYCArtC,FreelanceIsntFree,https://x.com/MadeinNY/status/2044061920345350347,recovered
recovered-0882,2044127445054341523,2026-04-14,repost,SalazarSenate,fair-rent-and-storefront-stability,EmilyAssembly|NYCArtC|SalazarSenate,,https://x.com/SalazarSenate/status/2044127445054341523,recovered
recovered-0883,2044129750147375489,2026-04-14,repost,SalazarSenate,fair-rent-and-storefront-stability,NYCArtC|SalazarSenate,,https://x.com/SalazarSenate/status/2044129750147375489,recovered
recovered-0884,2044408092717113686,2026-04-15,authored-post,NYCArtC,fair-rent-and-storefront-stability,EmilyAssembly|GovKathyHochul|JuliaCarmel__|NYCArtC|SpeakerMenin|ZohranKMamdani,,https://x.com/NYCArtC/status/2044408092717113686,recovered
recovered-0885,2044891076008304793,2026-04-16,repost,wqclt,fair-rent-and-storefront-stability,NYCArtC|wqclt,,https://x.com/wqclt/status/2044891076008304793,recovered
recovered-0886,2052418171970146568,2026-05-07,authored-post,NYCArtC,artist-resources-and-opportunities,NYCArtC,,https://x.com/NYCArtC/status/2052418171970146568,recovered
recovered-0887,2053148250320806193,2026-05-09,repost,MusicWorkers,artist-labor-and-economic-justice,MusicWorkers|NYCArtC,,https://x.com/MusicWorkers/status/2053148250320806193,recovered
recovered-0888,2053148372823912921,2026-05-09,repost,MusicWorkers,artist-labor-and-economic-justice,MusicWorkers|NYCArtC,,https://x.com/MusicWorkers/status/2053148372823912921,recovered
recovered-0889,2054892314493911211,2026-05-14,authored-post,NYCArtC,fair-rent-and-storefront-stability,brandonwestnyc|GovKathyHochul|NYCArtC|NYCMayor|SpeakerMenin,,https://x.com/NYCArtC/status/2054892314493911211,recovered
recovered-0890,2055127598556999881,2026-05-15,repost,MusicWorkers,artist-labor-and-economic-justice,MusicWorkers|NYCArtC,,https://x.com/MusicWorkers/status/2055127598556999881,recovered
recovered-0891,2055127994264424571,2026-05-15,repost,MusicWorkers,artist-labor-and-economic-justice,MusicWorkers|NYCArtC,,https://x.com/MusicWorkers/status/2055127994264424571,recovered
recovered-0892,2056429664436895998,2026-05-18,repost,MadeinNY,artist-resources-and-opportunities,cunycat74|MadeinNY|NYCArtC|NYCSchools,,https://x.com/MadeinNY/status/2056429664436895998,recovered
unresolved-0001,,,unresolved,,unresolved,,,,unresolved
unresolved-0002,,,unresolved,,unresolved,,,,unresolved
unresolved-0003,,,unresolved,,unresolved,,,,unresolved
unresolved-0004,,,unresolved,,unresolved,,,,unresolved
unresolved-0005,,,unresolved,,unresolved,,,,unresolved
unresolved-0006,,,unresolved,,unresolved,,,,unresolved
unresolved-0007,,,unresolved,,unresolved,,,,unresolved
unresolved-0008,,,unresolved,,unresolved,,,,unresolved
unresolved-0009,,,unresolved,,unresolved,,,,unresolved
unresolved-0010,,,unresolved,,unresolved,,,,unresolved
unresolved-0011,,,unresolved,,unresolved,,,,unresolved
unresolved-0012,,,unresolved,,unresolved,,,,unresolved
unresolved-0013,,,unresolved,,unresolved,,,,unresolved
unresolved-0014,,,unresolved,,unresolved,,,,unresolved
unresolved-0015,,,unresolved,,unresolved,,,,unresolved
unresolved-0016,,,unresolved,,unresolved,,,,unresolved
unresolved-0017,,,unresolved,,unresolved,,,,unresolved
unresolved-0018,,,unresolved,,unresolved,,,,unresolved
unresolved-0019,,,unresolved,,unresolved,,,,unresolved
unresolved-0020,,,unresolved,,unresolved,,,,unresolved
unresolved-0021,,,unresolved,,unresolved,,,,unresolved
unresolved-0022,,,unresolved,,unresolved,,,,unresolved
unresolved-0023,,,unresolved,,unresolved,,,,unresolved
unresolved-0024,,,unresolved,,unresolved,,,,unresolved
unresolved-0025,,,unresolved,,unresolved,,,,unresolved
unresolved-0026,,,unresolved,,unresolved,,,,unresolved
unresolved-0027,,,unresolved,,unresolved,,,,unresolved
unresolved-0028,,,unresolved,,unresolved,,,,unresolved
unresolved-0029,,,unresolved,,unresolved,,,,unresolved
unresolved-0030,,,unresolved,,unresolved,,,,unresolved
unresolved-0031,,,unresolved,,unresolved,,,,unresolved
unresolved-0032,,,unresolved,,unresolved,,,,unresolved
unresolved-0033,,,unresolved,,unresolved,,,,unresolved
unresolved-0034,,,unresolved,,unresolved,,,,unresolved
unresolved-0035,,,unresolved,,unresolved,,,,unresolved
unresolved-0036,,,unresolved,,unresolved,,,,unresolved
unresolved-0037,,,unresolved,,unresolved,,,,unresolved
unresolved-0038,,,unresolved,,unresolved,,,,unresolved
unresolved-0039,,,unresolved,,unresolved,,,,unresolved
unresolved-0040,,,unresolved,,unresolved,,,,unresolved
unresolved-0041,,,unresolved,,unresolved,,,,unresolved
unresolved-0042,,,unresolved,,unresolved,,,,unresolved
unresolved-0043,,,unresolved,,unresolved,,,,unresolved
unresolved-0044,,,unresolved,,unresolved,,,,unresolved
unresolved-0045,,,unresolved,,unresolved,,,,unresolved
unresolved-0046,,,unresolved,,unresolved,,,,unresolved
unresolved-0047,,,unresolved,,unresolved,,,,unresolved
unresolved-0048,,,unresolved,,unresolved,,,,unresolved
unresolved-0049,,,unresolved,,unresolved,,,,unresolved
unresolved-0050,,,unresolved,,unresolved,,,,unresolved
unresolved-0051,,,unresolved,,unresolved,,,,unresolved
unresolved-0052,,,unresolved,,unresolved,,,,unresolved
unresolved-0053,,,unresolved,,unresolved,,,,unresolved
unresolved-0054,,,unresolved,,unresolved,,,,unresolved
unresolved-0055,,,unresolved,,unresolved,,,,unresolved
unresolved-0056,,,unresolved,,unresolved,,,,unresolved
unresolved-0057,,,unresolved,,unresolved,,,,unresolved
unresolved-0058,,,unresolved,,unresolved,,,,unresolved
unresolved-0059,,,unresolved,,unresolved,,,,unresolved
unresolved-0060,,,unresolved,,unresolved,,,,unresolved
unresolved-0061,,,unresolved,,unresolved,,,,unresolved
unresolved-0062,,,unresolved,,unresolved,,,,unresolved
unresolved-0063,,,unresolved,,unresolved,,,,unresolved
unresolved-0064,,,unresolved,,unresolved,,,,unresolved
unresolved-0065,,,unresolved,,unresolved,,,,unresolved
unresolved-0066,,,unresolved,,unresolved,,,,unresolved
unresolved-0067,,,unresolved,,unresolved,,,,unresolved
unresolved-0068,,,unresolved,,unresolved,,,,unresolved
unresolved-0069,,,unresolved,,unresolved,,,,unresolved
unresolved-0070,,,unresolved,,unresolved,,,,unresolved
unresolved-0071,,,unresolved,,unresolved,,,,unresolved
unresolved-0072,,,unresolved,,unresolved,,,,unresolved
unresolved-0073,,,unresolved,,unresolved,,,,unresolved
unresolved-0074,,,unresolved,,unresolved,,,,unresolved
unresolved-0075,,,unresolved,,unresolved,,,,unresolved
unresolved-0076,,,unresolved,,unresolved,,,,unresolved
unresolved-0077,,,unresolved,,unresolved,,,,unresolved
unresolved-0078,,,unresolved,,unresolved,,,,unresolved
unresolved-0079,,,unresolved,,unresolved,,,,unresolved
unresolved-0080,,,unresolved,,unresolved,,,,unresolved
unresolved-0081,,,unresolved,,unresolved,,,,unresolved
unresolved-0082,,,unresolved,,unresolved,,,,unresolved
unresolved-0083,,,unresolved,,unresolved,,,,unresolved
unresolved-0084,,,unresolved,,unresolved,,,,unresolved
unresolved-0085,,,unresolved,,unresolved,,,,unresolved
unresolved-0086,,,unresolved,,unresolved,,,,unresolved
unresolved-0087,,,unresolved,,unresolved,,,,unresolved
unresolved-0088,,,unresolved,,unresolved,,,,unresolved
unresolved-0089,,,unresolved,,unresolved,,,,unresolved
unresolved-0090,,,unresolved,,unresolved,,,,unresolved
unresolved-0091,,,unresolved,,unresolved,,,,unresolved
unresolved-0092,,,unresolved,,unresolved,,,,unresolved
unresolved-0093,,,unresolved,,unresolved,,,,unresolved
unresolved-0094,,,unresolved,,unresolved,,,,unresolved
unresolved-0095,,,unresolved,,unresolved,,,,unresolved
unresolved-0096,,,unresolved,,unresolved,,,,unresolved
unresolved-0097,,,unresolved,,unresolved,,,,unresolved
unresolved-0098,,,unresolved,,unresolved,,,,unresolved
unresolved-0099,,,unresolved,,unresolved,,,,unresolved
unresolved-0100,,,unresolved,,unresolved,,,,unresolved
unresolved-0101,,,unresolved,,unresolved,,,,unresolved
unresolved-0102,,,unresolved,,unresolved,,,,unresolved
unresolved-0103,,,unresolved,,unresolved,,,,unresolved
unresolved-0104,,,unresolved,,unresolved,,,,unresolved
unresolved-0105,,,unresolved,,unresolved,,,,unresolved
unresolved-0106,,,unresolved,,unresolved,,,,unresolved
unresolved-0107,,,unresolved,,unresolved,,,,unresolved
unresolved-0108,,,unresolved,,unresolved,,,,unresolved
unresolved-0109,,,unresolved,,unresolved,,,,unresolved
unresolved-0110,,,unresolved,,unresolved,,,,unresolved
unresolved-0111,,,unresolved,,unresolved,,,,unresolved
unresolved-0112,,,unresolved,,unresolved,,,,unresolved
unresolved-0113,,,unresolved,,unresolved,,,,unresolved
unresolved-0114,,,unresolved,,unresolved,,,,unresolved
unresolved-0115,,,unresolved,,unresolved,,,,unresolved
unresolved-0116,,,unresolved,,unresolved,,,,unresolved
unresolved-0117,,,unresolved,,unresolved,,,,unresolved
unresolved-0118,,,unresolved,,unresolved,,,,unresolved
unresolved-0119,,,unresolved,,unresolved,,,,unresolved
unresolved-0120,,,unresolved,,unresolved,,,,unresolved
unresolved-0121,,,unresolved,,unresolved,,,,unresolved
unresolved-0122,,,unresolved,,unresolved,,,,unresolved
unresolved-0123,,,unresolved,,unresolved,,,,unresolved
unresolved-0124,,,unresolved,,unresolved,,,,unresolved
unresolved-0125,,,unresolved,,unresolved,,,,unresolved
unresolved-0126,,,unresolved,,unresolved,,,,unresolved
unresolved-0127,,,unresolved,,unresolved,,,,unresolved
unresolved-0128,,,unresolved,,unresolved,,,,unresolved
unresolved-0129,,,unresolved,,unresolved,,,,unresolved
unresolved-0130,,,unresolved,,unresolved,,,,unresolved
unresolved-0131,,,unresolved,,unresolved,,,,unresolved
unresolved-0132,,,unresolved,,unresolved,,,,unresolved
unresolved-0133,,,unresolved,,unresolved,,,,unresolved
unresolved-0134,,,unresolved,,unresolved,,,,unresolved
unresolved-0135,,,unresolved,,unresolved,,,,unresolved
unresolved-0136,,,unresolved,,unresolved,,,,unresolved
unresolved-0137,,,unresolved,,unresolved,,,,unresolved
unresolved-0138,,,unresolved,,unresolved,,,,unresolved
unresolved-0139,,,unresolved,,unresolved,,,,unresolved
unresolved-0140,,,unresolved,,unresolved,,,,unresolved
unresolved-0141,,,unresolved,,unresolved,,,,unresolved
unresolved-0142,,,unresolved,,unresolved,,,,unresolved
unresolved-0143,,,unresolved,,unresolved,,,,unresolved
unresolved-0144,,,unresolved,,unresolved,,,,unresolved
unresolved-0145,,,unresolved,,unresolved,,,,unresolved
unresolved-0146,,,unresolved,,unresolved,,,,unresolved
unresolved-0147,,,unresolved,,unresolved,,,,unresolved
unresolved-0148,,,unresolved,,unresolved,,,,unresolved
unresolved-0149,,,unresolved,,unresolved,,,,unresolved
unresolved-0150,,,unresolved,,unresolved,,,,unresolved
unresolved-0151,,,unresolved,,unresolved,,,,unresolved
unresolved-0152,,,unresolved,,unresolved,,,,unresolved
unresolved-0153,,,unresolved,,unresolved,,,,unresolved
unresolved-0154,,,unresolved,,unresolved,,,,unresolved
unresolved-0155,,,unresolved,,unresolved,,,,unresolved
unresolved-0156,,,unresolved,,unresolved,,,,unresolved
unresolved-0157,,,unresolved,,unresolved,,,,unresolved
unresolved-0158,,,unresolved,,unresolved,,,,unresolved
unresolved-0159,,,unresolved,,unresolved,,,,unresolved
unresolved-0160,,,unresolved,,unresolved,,,,unresolved
unresolved-0161,,,unresolved,,unresolved,,,,unresolved
unresolved-0162,,,unresolved,,unresolved,,,,unresolved
unresolved-0163,,,unresolved,,unresolved,,,,unresolved
unresolved-0164,,,unresolved,,unresolved,,,,unresolved
unresolved-0165,,,unresolved,,unresolved,,,,unresolved
unresolved-0166,,,unresolved,,unresolved,,,,unresolved
unresolved-0167,,,unresolved,,unresolved,,,,unresolved
unresolved-0168,,,unresolved,,unresolved,,,,unresolved
unresolved-0169,,,unresolved,,unresolved,,,,unresolved
unresolved-0170,,,unresolved,,unresolved,,,,unresolved
unresolved-0171,,,unresolved,,unresolved,,,,unresolved
unresolved-0172,,,unresolved,,unresolved,,,,unresolved
unresolved-0173,,,unresolved,,unresolved,,,,unresolved
unresolved-0174,,,unresolved,,unresolved,,,,unresolved
unresolved-0175,,,unresolved,,unresolved,,,,unresolved
unresolved-0176,,,unresolved,,unresolved,,,,unresolved
unresolved-0177,,,unresolved,,unresolved,,,,unresolved
unresolved-0178,,,unresolved,,unresolved,,,,unresolved
unresolved-0179,,,unresolved,,unresolved,,,,unresolved
unresolved-0180,,,unresolved,,unresolved,,,,unresolved
unresolved-0181,,,unresolved,,unresolved,,,,unresolved
unresolved-0182,,,unresolved,,unresolved,,,,unresolved
unresolved-0183,,,unresolved,,unresolved,,,,unresolved
unresolved-0184,,,unresolved,,unresolved,,,,unresolved
unresolved-0185,,,unresolved,,unresolved,,,,unresolved
unresolved-0186,,,unresolved,,unresolved,,,,unresolved
unresolved-0187,,,unresolved,,unresolved,,,,unresolved
unresolved-0188,,,unresolved,,unresolved,,,,unresolved
unresolved-0189,,,unresolved,,unresolved,,,,unresolved
unresolved-0190,,,unresolved,,unresolved,,,,unresolved
unresolved-0191,,,unresolved,,unresolved,,,,unresolved
unresolved-0192,,,unresolved,,unresolved,,,,unresolved
unresolved-0193,,,unresolved,,unresolved,,,,unresolved
unresolved-0194,,,unresolved,,unresolved,,,,unresolved
unresolved-0195,,,unresolved,,unresolved,,,,unresolved
unresolved-0196,,,unresolved,,unresolved,,,,unresolved
unresolved-0197,,,unresolved,,unresolved,,,,unresolved
unresolved-0198,,,unresolved,,unresolved,,,,unresolved
unresolved-0199,,,unresolved,,unresolved,,,,unresolved
unresolved-0200,,,unresolved,,unresolved,,,,unresolved
unresolved-0201,,,unresolved,,unresolved,,,,unresolved
unresolved-0202,,,unresolved,,unresolved,,,,unresolved
unresolved-0203,,,unresolved,,unresolved,,,,unresolved
unresolved-0204,,,unresolved,,unresolved,,,,unresolved
unresolved-0205,,,unresolved,,unresolved,,,,unresolved
unresolved-0206,,,unresolved,,unresolved,,,,unresolved
unresolved-0207,,,unresolved,,unresolved,,,,unresolved
unresolved-0208,,,unresolved,,unresolved,,,,unresolved
unresolved-0209,,,unresolved,,unresolved,,,,unresolved
unresolved-0210,,,unresolved,,unresolved,,,,unresolved
unresolved-0211,,,unresolved,,unresolved,,,,unresolved
unresolved-0212,,,unresolved,,unresolved,,,,unresolved
unresolved-0213,,,unresolved,,unresolved,,,,unresolved
unresolved-0214,,,unresolved,,unresolved,,,,unresolved
unresolved-0215,,,unresolved,,unresolved,,,,unresolved
unresolved-0216,,,unresolved,,unresolved,,,,unresolved
unresolved-0217,,,unresolved,,unresolved,,,,unresolved
unresolved-0218,,,unresolved,,unresolved,,,,unresolved
unresolved-0219,,,unresolved,,unresolved,,,,unresolved
unresolved-0220,,,unresolved,,unresolved,,,,unresolved
unresolved-0221,,,unresolved,,unresolved,,,,unresolved
unresolved-0222,,,unresolved,,unresolved,,,,unresolved
unresolved-0223,,,unresolved,,unresolved,,,,unresolved
unresolved-0224,,,unresolved,,unresolved,,,,unresolved
unresolved-0225,,,unresolved,,unresolved,,,,unresolved
unresolved-0226,,,unresolved,,unresolved,,,,unresolved
unresolved-0227,,,unresolved,,unresolved,,,,unresolved
unresolved-0228,,,unresolved,,unresolved,,,,unresolved
unresolved-0229,,,unresolved,,unresolved,,,,unresolved
unresolved-0230,,,unresolved,,unresolved,,,,unresolved
unresolved-0231,,,unresolved,,unresolved,,,,unresolved
unresolved-0232,,,unresolved,,unresolved,,,,unresolved
unresolved-0233,,,unresolved,,unresolved,,,,unresolved
unresolved-0234,,,unresolved,,unresolved,,,,unresolved
unresolved-0235,,,unresolved,,unresolved,,,,unresolved
unresolved-0236,,,unresolved,,unresolved,,,,unresolved
unresolved-0237,,,unresolved,,unresolved,,,,unresolved
unresolved-0238,,,unresolved,,unresolved,,,,unresolved
unresolved-0239,,,unresolved,,unresolved,,,,unresolved
unresolved-0240,,,unresolved,,unresolved,,,,unresolved
unresolved-0241,,,unresolved,,unresolved,,,,unresolved
unresolved-0242,,,unresolved,,unresolved,,,,unresolved
unresolved-0243,,,unresolved,,unresolved,,,,unresolved
unresolved-0244,,,unresolved,,unresolved,,,,unresolved
unresolved-0245,,,unresolved,,unresolved,,,,unresolved
unresolved-0246,,,unresolved,,unresolved,,,,unresolved
unresolved-0247,,,unresolved,,unresolved,,,,unresolved
unresolved-0248,,,unresolved,,unresolved,,,,unresolved
unresolved-0249,,,unresolved,,unresolved,,,,unresolved
unresolved-0250,,,unresolved,,unresolved,,,,unresolved
unresolved-0251,,,unresolved,,unresolved,,,,unresolved
unresolved-0252,,,unresolved,,unresolved,,,,unresolved
unresolved-0253,,,unresolved,,unresolved,,,,unresolved
unresolved-0254,,,unresolved,,unresolved,,,,unresolved
unresolved-0255,,,unresolved,,unresolved,,,,unresolved
unresolved-0256,,,unresolved,,unresolved,,,,unresolved
unresolved-0257,,,unresolved,,unresolved,,,,unresolved
unresolved-0258,,,unresolved,,unresolved,,,,unresolved
unresolved-0259,,,unresolved,,unresolved,,,,unresolved
unresolved-0260,,,unresolved,,unresolved,,,,unresolved
unresolved-0261,,,unresolved,,unresolved,,,,unresolved
unresolved-0262,,,unresolved,,unresolved,,,,unresolved
unresolved-0263,,,unresolved,,unresolved,,,,unresolved
unresolved-0264,,,unresolved,,unresolved,,,,unresolved
unresolved-0265,,,unresolved,,unresolved,,,,unresolved
unresolved-0266,,,unresolved,,unresolved,,,,unresolved
unresolved-0267,,,unresolved,,unresolved,,,,unresolved
unresolved-0268,,,unresolved,,unresolved,,,,unresolved
unresolved-0269,,,unresolved,,unresolved,,,,unresolved
unresolved-0270,,,unresolved,,unresolved,,,,unresolved
unresolved-0271,,,unresolved,,unresolved,,,,unresolved
unresolved-0272,,,unresolved,,unresolved,,,,unresolved
unresolved-0273,,,unresolved,,unresolved,,,,unresolved
unresolved-0274,,,unresolved,,unresolved,,,,unresolved
unresolved-0275,,,unresolved,,unresolved,,,,unresolved
unresolved-0276,,,unresolved,,unresolved,,,,unresolved
unresolved-0277,,,unresolved,,unresolved,,,,unresolved
unresolved-0278,,,unresolved,,unresolved,,,,unresolved
unresolved-0279,,,unresolved,,unresolved,,,,unresolved
unresolved-0280,,,unresolved,,unresolved,,,,unresolved
unresolved-0281,,,unresolved,,unresolved,,,,unresolved
unresolved-0282,,,unresolved,,unresolved,,,,unresolved
unresolved-0283,,,unresolved,,unresolved,,,,unresolved
unresolved-0284,,,unresolved,,unresolved,,,,unresolved
unresolved-0285,,,unresolved,,unresolved,,,,unresolved
unresolved-0286,,,unresolved,,unresolved,,,,unresolved
unresolved-0287,,,unresolved,,unresolved,,,,unresolved
unresolved-0288,,,unresolved,,unresolved,,,,unresolved
unresolved-0289,,,unresolved,,unresolved,,,,unresolved
unresolved-0290,,,unresolved,,unresolved,,,,unresolved
unresolved-0291,,,unresolved,,unresolved,,,,unresolved
unresolved-0292,,,unresolved,,unresolved,,,,unresolved
unresolved-0293,,,unresolved,,unresolved,,,,unresolved
unresolved-0294,,,unresolved,,unresolved,,,,unresolved
unresolved-0295,,,unresolved,,unresolved,,,,unresolved
unresolved-0296,,,unresolved,,unresolved,,,,unresolved
unresolved-0297,,,unresolved,,unresolved,,,,unresolved
unresolved-0298,,,unresolved,,unresolved,,,,unresolved
unresolved-0299,,,unresolved,,unresolved,,,,unresolved
unresolved-0300,,,unresolved,,unresolved,,,,unresolved
unresolved-0301,,,unresolved,,unresolved,,,,unresolved
unresolved-0302,,,unresolved,,unresolved,,,,unresolved
unresolved-0303,,,unresolved,,unresolved,,,,unresolved
unresolved-0304,,,unresolved,,unresolved,,,,unresolved
unresolved-0305,,,unresolved,,unresolved,,,,unresolved
unresolved-0306,,,unresolved,,unresolved,,,,unresolved
unresolved-0307,,,unresolved,,unresolved,,,,unresolved
unresolved-0308,,,unresolved,,unresolved,,,,unresolved
unresolved-0309,,,unresolved,,unresolved,,,,unresolved
unresolved-0310,,,unresolved,,unresolved,,,,unresolved
unresolved-0311,,,unresolved,,unresolved,,,,unresolved
unresolved-0312,,,unresolved,,unresolved,,,,unresolved
unresolved-0313,,,unresolved,,unresolved,,,,unresolved
unresolved-0314,,,unresolved,,unresolved,,,,unresolved
unresolved-0315,,,unresolved,,unresolved,,,,unresolved
unresolved-0316,,,unresolved,,unresolved,,,,unresolved
unresolved-0317,,,unresolved,,unresolved,,,,unresolved
unresolved-0318,,,unresolved,,unresolved,,,,unresolved
unresolved-0319,,,unresolved,,unresolved,,,,unresolved
unresolved-0320,,,unresolved,,unresolved,,,,unresolved
unresolved-0321,,,unresolved,,unresolved,,,,unresolved
unresolved-0322,,,unresolved,,unresolved,,,,unresolved
unresolved-0323,,,unresolved,,unresolved,,,,unresolved
unresolved-0324,,,unresolved,,unresolved,,,,unresolved
unresolved-0325,,,unresolved,,unresolved,,,,unresolved
unresolved-0326,,,unresolved,,unresolved,,,,unresolved
unresolved-0327,,,unresolved,,unresolved,,,,unresolved
unresolved-0328,,,unresolved,,unresolved,,,,unresolved
unresolved-0329,,,unresolved,,unresolved,,,,unresolved
unresolved-0330,,,unresolved,,unresolved,,,,unresolved
unresolved-0331,,,unresolved,,unresolved,,,,unresolved
unresolved-0332,,,unresolved,,unresolved,,,,unresolved
unresolved-0333,,,unresolved,,unresolved,,,,unresolved
unresolved-0334,,,unresolved,,unresolved,,,,unresolved
unresolved-0335,,,unresolved,,unresolved,,,,unresolved
unresolved-0336,,,unresolved,,unresolved,,,,unresolved
unresolved-0337,,,unresolved,,unresolved,,,,unresolved
unresolved-0338,,,unresolved,,unresolved,,,,unresolved
unresolved-0339,,,unresolved,,unresolved,,,,unresolved
unresolved-0340,,,unresolved,,unresolved,,,,unresolved
unresolved-0341,,,unresolved,,unresolved,,,,unresolved
unresolved-0342,,,unresolved,,unresolved,,,,unresolved
unresolved-0343,,,unresolved,,unresolved,,,,unresolved
unresolved-0344,,,unresolved,,unresolved,,,,unresolved
unresolved-0345,,,unresolved,,unresolved,,,,unresolved
unresolved-0346,,,unresolved,,unresolved,,,,unresolved
unresolved-0347,,,unresolved,,unresolved,,,,unresolved
unresolved-0348,,,unresolved,,unresolved,,,,unresolved
unresolved-0349,,,unresolved,,unresolved,,,,unresolved
unresolved-0350,,,unresolved,,unresolved,,,,unresolved
unresolved-0351,,,unresolved,,unresolved,,,,unresolved
unresolved-0352,,,unresolved,,unresolved,,,,unresolved
unresolved-0353,,,unresolved,,unresolved,,,,unresolved
unresolved-0354,,,unresolved,,unresolved,,,,unresolved
unresolved-0355,,,unresolved,,unresolved,,,,unresolved
unresolved-0356,,,unresolved,,unresolved,,,,unresolved
unresolved-0357,,,unresolved,,unresolved,,,,unresolved
unresolved-0358,,,unresolved,,unresolved,,,,unresolved
unresolved-0359,,,unresolved,,unresolved,,,,unresolved
unresolved-0360,,,unresolved,,unresolved,,,,unresolved
unresolved-0361,,,unresolved,,unresolved,,,,unresolved
unresolved-0362,,,unresolved,,unresolved,,,,unresolved
unresolved-0363,,,unresolved,,unresolved,,,,unresolved
unresolved-0364,,,unresolved,,unresolved,,,,unresolved
unresolved-0365,,,unresolved,,unresolved,,,,unresolved
unresolved-0366,,,unresolved,,unresolved,,,,unresolved
unresolved-0367,,,unresolved,,unresolved,,,,unresolved
unresolved-0368,,,unresolved,,unresolved,,,,unresolved
unresolved-0369,,,unresolved,,unresolved,,,,unresolved
unresolved-0370,,,unresolved,,unresolved,,,,unresolved
unresolved-0371,,,unresolved,,unresolved,,,,unresolved
unresolved-0372,,,unresolved,,unresolved,,,,unresolved
unresolved-0373,,,unresolved,,unresolved,,,,unresolved
unresolved-0374,,,unresolved,,unresolved,,,,unresolved
unresolved-0375,,,unresolved,,unresolved,,,,unresolved
unresolved-0376,,,unresolved,,unresolved,,,,unresolved
unresolved-0377,,,unresolved,,unresolved,,,,unresolved
unresolved-0378,,,unresolved,,unresolved,,,,unresolved
unresolved-0379,,,unresolved,,unresolved,,,,unresolved
unresolved-0380,,,unresolved,,unresolved,,,,unresolved
unresolved-0381,,,unresolved,,unresolved,,,,unresolved
unresolved-0382,,,unresolved,,unresolved,,,,unresolved
unresolved-0383,,,unresolved,,unresolved,,,,unresolved
unresolved-0384,,,unresolved,,unresolved,,,,unresolved
unresolved-0385,,,unresolved,,unresolved,,,,unresolved
unresolved-0386,,,unresolved,,unresolved,,,,unresolved
unresolved-0387,,,unresolved,,unresolved,,,,unresolved
unresolved-0388,,,unresolved,,unresolved,,,,unresolved
unresolved-0389,,,unresolved,,unresolved,,,,unresolved
unresolved-0390,,,unresolved,,unresolved,,,,unresolved
unresolved-0391,,,unresolved,,unresolved,,,,unresolved
unresolved-0392,,,unresolved,,unresolved,,,,unresolved
unresolved-0393,,,unresolved,,unresolved,,,,unresolved
unresolved-0394,,,unresolved,,unresolved,,,,unresolved
unresolved-0395,,,unresolved,,unresolved,,,,unresolved
unresolved-0396,,,unresolved,,unresolved,,,,unresolved
unresolved-0397,,,unresolved,,unresolved,,,,unresolved
unresolved-0398,,,unresolved,,unresolved,,,,unresolved
unresolved-0399,,,unresolved,,unresolved,,,,unresolved
unresolved-0400,,,unresolved,,unresolved,,,,unresolved
unresolved-0401,,,unresolved,,unresolved,,,,unresolved
unresolved-0402,,,unresolved,,unresolved,,,,unresolved
unresolved-0403,,,unresolved,,unresolved,,,,unresolved
unresolved-0404,,,unresolved,,unresolved,,,,unresolved
unresolved-0405,,,unresolved,,unresolved,,,,unresolved
unresolved-0406,,,unresolved,,unresolved,,,,unresolved
unresolved-0407,,,unresolved,,unresolved,,,,unresolved
unresolved-0408,,,unresolved,,unresolved,,,,unresolved
unresolved-0409,,,unresolved,,unresolved,,,,unresolved
unresolved-0410,,,unresolved,,unresolved,,,,unresolved
unresolved-0411,,,unresolved,,unresolved,,,,unresolved
unresolved-0412,,,unresolved,,unresolved,,,,unresolved
unresolved-0413,,,unresolved,,unresolved,,,,unresolved
unresolved-0414,,,unresolved,,unresolved,,,,unresolved
unresolved-0415,,,unresolved,,unresolved,,,,unresolved
unresolved-0416,,,unresolved,,unresolved,,,,unresolved
unresolved-0417,,,unresolved,,unresolved,,,,unresolved
unresolved-0418,,,unresolved,,unresolved,,,,unresolved
unresolved-0419,,,unresolved,,unresolved,,,,unresolved
unresolved-0420,,,unresolved,,unresolved,,,,unresolved
unresolved-0421,,,unresolved,,unresolved,,,,unresolved
unresolved-0422,,,unresolved,,unresolved,,,,unresolved
unresolved-0423,,,unresolved,,unresolved,,,,unresolved
unresolved-0424,,,unresolved,,unresolved,,,,unresolved
unresolved-0425,,,unresolved,,unresolved,,,,unresolved
unresolved-0426,,,unresolved,,unresolved,,,,unresolved
unresolved-0427,,,unresolved,,unresolved,,,,unresolved
unresolved-0428,,,unresolved,,unresolved,,,,unresolved
unresolved-0429,,,unresolved,,unresolved,,,,unresolved
unresolved-0430,,,unresolved,,unresolved,,,,unresolved
unresolved-0431,,,unresolved,,unresolved,,,,unresolved
unresolved-0432,,,unresolved,,unresolved,,,,unresolved
unresolved-0433,,,unresolved,,unresolved,,,,unresolved
unresolved-0434,,,unresolved,,unresolved,,,,unresolved
unresolved-0435,,,unresolved,,unresolved,,,,unresolved
unresolved-0436,,,unresolved,,unresolved,,,,unresolved
unresolved-0437,,,unresolved,,unresolved,,,,unresolved
unresolved-0438,,,unresolved,,unresolved,,,,unresolved
unresolved-0439,,,unresolved,,unresolved,,,,unresolved
unresolved-0440,,,unresolved,,unresolved,,,,unresolved
unresolved-0441,,,unresolved,,unresolved,,,,unresolved
unresolved-0442,,,unresolved,,unresolved,,,,unresolved
unresolved-0443,,,unresolved,,unresolved,,,,unresolved
unresolved-0444,,,unresolved,,unresolved,,,,unresolved
unresolved-0445,,,unresolved,,unresolved,,,,unresolved
unresolved-0446,,,unresolved,,unresolved,,,,unresolved
unresolved-0447,,,unresolved,,unresolved,,,,unresolved
unresolved-0448,,,unresolved,,unresolved,,,,unresolved
unresolved-0449,,,unresolved,,unresolved,,,,unresolved
unresolved-0450,,,unresolved,,unresolved,,,,unresolved
unresolved-0451,,,unresolved,,unresolved,,,,unresolved
unresolved-0452,,,unresolved,,unresolved,,,,unresolved
unresolved-0453,,,unresolved,,unresolved,,,,unresolved
unresolved-0454,,,unresolved,,unresolved,,,,unresolved
unresolved-0455,,,unresolved,,unresolved,,,,unresolved
unresolved-0456,,,unresolved,,unresolved,,,,unresolved
unresolved-0457,,,unresolved,,unresolved,,,,unresolved
unresolved-0458,,,unresolved,,unresolved,,,,unresolved
unresolved-0459,,,unresolved,,unresolved,,,,unresolved
unresolved-0460,,,unresolved,,unresolved,,,,unresolved
unresolved-0461,,,unresolved,,unresolved,,,,unresolved
unresolved-0462,,,unresolved,,unresolved,,,,unresolved
unresolved-0463,,,unresolved,,unresolved,,,,unresolved
unresolved-0464,,,unresolved,,unresolved,,,,unresolved
unresolved-0465,,,unresolved,,unresolved,,,,unresolved
unresolved-0466,,,unresolved,,unresolved,,,,unresolved
unresolved-0467,,,unresolved,,unresolved,,,,unresolved
unresolved-0468,,,unresolved,,unresolved,,,,unresolved
unresolved-0469,,,unresolved,,unresolved,,,,unresolved
unresolved-0470,,,unresolved,,unresolved,,,,unresolved
unresolved-0471,,,unresolved,,unresolved,,,,unresolved
unresolved-0472,,,unresolved,,unresolved,,,,unresolved
unresolved-0473,,,unresolved,,unresolved,,,,unresolved
unresolved-0474,,,unresolved,,unresolved,,,,unresolved
unresolved-0475,,,unresolved,,unresolved,,,,unresolved
unresolved-0476,,,unresolved,,unresolved,,,,unresolved
unresolved-0477,,,unresolved,,unresolved,,,,unresolved
unresolved-0478,,,unresolved,,unresolved,,,,unresolved
unresolved-0479,,,unresolved,,unresolved,,,,unresolved
unresolved-0480,,,unresolved,,unresolved,,,,unresolved
unresolved-0481,,,unresolved,,unresolved,,,,unresolved
unresolved-0482,,,unresolved,,unresolved,,,,unresolved
unresolved-0483,,,unresolved,,unresolved,,,,unresolved
unresolved-0484,,,unresolved,,unresolved,,,,unresolved
unresolved-0485,,,unresolved,,unresolved,,,,unresolved
unresolved-0486,,,unresolved,,unresolved,,,,unresolved
unresolved-0487,,,unresolved,,unresolved,,,,unresolved
unresolved-0488,,,unresolved,,unresolved,,,,unresolved
unresolved-0489,,,unresolved,,unresolved,,,,unresolved
unresolved-0490,,,unresolved,,unresolved,,,,unresolved
unresolved-0491,,,unresolved,,unresolved,,,,unresolved
unresolved-0492,,,unresolved,,unresolved,,,,unresolved
unresolved-0493,,,unresolved,,unresolved,,,,unresolved
unresolved-0494,,,unresolved,,unresolved,,,,unresolved
unresolved-0495,,,unresolved,,unresolved,,,,unresolved
unresolved-0496,,,unresolved,,unresolved,,,,unresolved
unresolved-0497,,,unresolved,,unresolved,,,,unresolved
unresolved-0498,,,unresolved,,unresolved,,,,unresolved
unresolved-0499,,,unresolved,,unresolved,,,,unresolved
unresolved-0500,,,unresolved,,unresolved,,,,unresolved
unresolved-0501,,,unresolved,,unresolved,,,,unresolved
unresolved-0502,,,unresolved,,unresolved,,,,unresolved
unresolved-0503,,,unresolved,,unresolved,,,,unresolved
unresolved-0504,,,unresolved,,unresolved,,,,unresolved
unresolved-0505,,,unresolved,,unresolved,,,,unresolved
unresolved-0506,,,unresolved,,unresolved,,,,unresolved
unresolved-0507,,,unresolved,,unresolved,,,,unresolved
unresolved-0508,,,unresolved,,unresolved,,,,unresolved
unresolved-0509,,,unresolved,,unresolved,,,,unresolved
unresolved-0510,,,unresolved,,unresolved,,,,unresolved
unresolved-0511,,,unresolved,,unresolved,,,,unresolved
unresolved-0512,,,unresolved,,unresolved,,,,unresolved
unresolved-0513,,,unresolved,,unresolved,,,,unresolved
unresolved-0514,,,unresolved,,unresolved,,,,unresolved
unresolved-0515,,,unresolved,,unresolved,,,,unresolved
unresolved-0516,,,unresolved,,unresolved,,,,unresolved
unresolved-0517,,,unresolved,,unresolved,,,,unresolved
unresolved-0518,,,unresolved,,unresolved,,,,unresolved
unresolved-0519,,,unresolved,,unresolved,,,,unresolved
unresolved-0520,,,unresolved,,unresolved,,,,unresolved
unresolved-0521,,,unresolved,,unresolved,,,,unresolved
unresolved-0522,,,unresolved,,unresolved,,,,unresolved
unresolved-0523,,,unresolved,,unresolved,,,,unresolved
unresolved-0524,,,unresolved,,unresolved,,,,unresolved
unresolved-0525,,,unresolved,,unresolved,,,,unresolved
unresolved-0526,,,unresolved,,unresolved,,,,unresolved
unresolved-0527,,,unresolved,,unresolved,,,,unresolved
unresolved-0528,,,unresolved,,unresolved,,,,unresolved
unresolved-0529,,,unresolved,,unresolved,,,,unresolved
unresolved-0530,,,unresolved,,unresolved,,,,unresolved
unresolved-0531,,,unresolved,,unresolved,,,,unresolved
unresolved-0532,,,unresolved,,unresolved,,,,unresolved
unresolved-0533,,,unresolved,,unresolved,,,,unresolved
unresolved-0534,,,unresolved,,unresolved,,,,unresolved
unresolved-0535,,,unresolved,,unresolved,,,,unresolved
unresolved-0536,,,unresolved,,unresolved,,,,unresolved
unresolved-0537,,,unresolved,,unresolved,,,,unresolved
unresolved-0538,,,unresolved,,unresolved,,,,unresolved
unresolved-0539,,,unresolved,,unresolved,,,,unresolved
unresolved-0540,,,unresolved,,unresolved,,,,unresolved
unresolved-0541,,,unresolved,,unresolved,,,,unresolved
unresolved-0542,,,unresolved,,unresolved,,,,unresolved
unresolved-0543,,,unresolved,,unresolved,,,,unresolved
unresolved-0544,,,unresolved,,unresolved,,,,unresolved
unresolved-0545,,,unresolved,,unresolved,,,,unresolved
unresolved-0546,,,unresolved,,unresolved,,,,unresolved
unresolved-0547,,,unresolved,,unresolved,,,,unresolved
unresolved-0548,,,unresolved,,unresolved,,,,unresolved
unresolved-0549,,,unresolved,,unresolved,,,,unresolved
unresolved-0550,,,unresolved,,unresolved,,,,unresolved
unresolved-0551,,,unresolved,,unresolved,,,,unresolved
unresolved-0552,,,unresolved,,unresolved,,,,unresolved
unresolved-0553,,,unresolved,,unresolved,,,,unresolved
unresolved-0554,,,unresolved,,unresolved,,,,unresolved
unresolved-0555,,,unresolved,,unresolved,,,,unresolved
unresolved-0556,,,unresolved,,unresolved,,,,unresolved
unresolved-0557,,,unresolved,,unresolved,,,,unresolved
unresolved-0558,,,unresolved,,unresolved,,,,unresolved
unresolved-0559,,,unresolved,,unresolved,,,,unresolved
unresolved-0560,,,unresolved,,unresolved,,,,unresolved
unresolved-0561,,,unresolved,,unresolved,,,,unresolved
unresolved-0562,,,unresolved,,unresolved,,,,unresolved
unresolved-0563,,,unresolved,,unresolved,,,,unresolved
unresolved-0564,,,unresolved,,unresolved,,,,unresolved
unresolved-0565,,,unresolved,,unresolved,,,,unresolved
unresolved-0566,,,unresolved,,unresolved,,,,unresolved
unresolved-0567,,,unresolved,,unresolved,,,,unresolved
unresolved-0568,,,unresolved,,unresolved,,,,unresolved
unresolved-0569,,,unresolved,,unresolved,,,,unresolved
unresolved-0570,,,unresolved,,unresolved,,,,unresolved
unresolved-0571,,,unresolved,,unresolved,,,,unresolved
unresolved-0572,,,unresolved,,unresolved,,,,unresolved
unresolved-0573,,,unresolved,,unresolved,,,,unresolved
unresolved-0574,,,unresolved,,unresolved,,,,unresolved
unresolved-0575,,,unresolved,,unresolved,,,,unresolved
unresolved-0576,,,unresolved,,unresolved,,,,unresolved
unresolved-0577,,,unresolved,,unresolved,,,,unresolved
unresolved-0578,,,unresolved,,unresolved,,,,unresolved
unresolved-0579,,,unresolved,,unresolved,,,,unresolved
unresolved-0580,,,unresolved,,unresolved,,,,unresolved
unresolved-0581,,,unresolved,,unresolved,,,,unresolved
unresolved-0582,,,unresolved,,unresolved,,,,unresolved
unresolved-0583,,,unresolved,,unresolved,,,,unresolved
unresolved-0584,,,unresolved,,unresolved,,,,unresolved
unresolved-0585,,,unresolved,,unresolved,,,,unresolved
unresolved-0586,,,unresolved,,unresolved,,,,unresolved
unresolved-0587,,,unresolved,,unresolved,,,,unresolved
unresolved-0588,,,unresolved,,unresolved,,,,unresolved
unresolved-0589,,,unresolved,,unresolved,,,,unresolved
unresolved-0590,,,unresolved,,unresolved,,,,unresolved
unresolved-0591,,,unresolved,,unresolved,,,,unresolved
unresolved-0592,,,unresolved,,unresolved,,,,unresolved
unresolved-0593,,,unresolved,,unresolved,,,,unresolved
unresolved-0594,,,unresolved,,unresolved,,,,unresolved
unresolved-0595,,,unresolved,,unresolved,,,,unresolved
unresolved-0596,,,unresolved,,unresolved,,,,unresolved
unresolved-0597,,,unresolved,,unresolved,,,,unresolved
unresolved-0598,,,unresolved,,unresolved,,,,unresolved
unresolved-0599,,,unresolved,,unresolved,,,,unresolved
unresolved-0600,,,unresolved,,unresolved,,,,unresolved
unresolved-0601,,,unresolved,,unresolved,,,,unresolved
unresolved-0602,,,unresolved,,unresolved,,,,unresolved
unresolved-0603,,,unresolved,,unresolved,,,,unresolved
unresolved-0604,,,unresolved,,unresolved,,,,unresolved
unresolved-0605,,,unresolved,,unresolved,,,,unresolved
unresolved-0606,,,unresolved,,unresolved,,,,unresolved
unresolved-0607,,,unresolved,,unresolved,,,,unresolved
unresolved-0608,,,unresolved,,unresolved,,,,unresolved
unresolved-0609,,,unresolved,,unresolved,,,,unresolved
unresolved-0610,,,unresolved,,unresolved,,,,unresolved
unresolved-0611,,,unresolved,,unresolved,,,,unresolved
unresolved-0612,,,unresolved,,unresolved,,,,unresolved
unresolved-0613,,,unresolved,,unresolved,,,,unresolved
unresolved-0614,,,unresolved,,unresolved,,,,unresolved
unresolved-0615,,,unresolved,,unresolved,,,,unresolved
unresolved-0616,,,unresolved,,unresolved,,,,unresolved
unresolved-0617,,,unresolved,,unresolved,,,,unresolved
unresolved-0618,,,unresolved,,unresolved,,,,unresolved
unresolved-0619,,,unresolved,,unresolved,,,,unresolved
unresolved-0620,,,unresolved,,unresolved,,,,unresolved
unresolved-0621,,,unresolved,,unresolved,,,,unresolved
unresolved-0622,,,unresolved,,unresolved,,,,unresolved
unresolved-0623,,,unresolved,,unresolved,,,,unresolved
unresolved-0624,,,unresolved,,unresolved,,,,unresolved
unresolved-0625,,,unresolved,,unresolved,,,,unresolved
unresolved-0626,,,unresolved,,unresolved,,,,unresolved
unresolved-0627,,,unresolved,,unresolved,,,,unresolved
unresolved-0628,,,unresolved,,unresolved,,,,unresolved
unresolved-0629,,,unresolved,,unresolved,,,,unresolved
unresolved-0630,,,unresolved,,unresolved,,,,unresolved
unresolved-0631,,,unresolved,,unresolved,,,,unresolved
unresolved-0632,,,unresolved,,unresolved,,,,unresolved
unresolved-0633,,,unresolved,,unresolved,,,,unresolved
unresolved-0634,,,unresolved,,unresolved,,,,unresolved
unresolved-0635,,,unresolved,,unresolved,,,,unresolved
unresolved-0636,,,unresolved,,unresolved,,,,unresolved
unresolved-0637,,,unresolved,,unresolved,,,,unresolved
unresolved-0638,,,unresolved,,unresolved,,,,unresolved
unresolved-0639,,,unresolved,,unresolved,,,,unresolved
unresolved-0640,,,unresolved,,unresolved,,,,unresolved
unresolved-0641,,,unresolved,,unresolved,,,,unresolved
unresolved-0642,,,unresolved,,unresolved,,,,unresolved
unresolved-0643,,,unresolved,,unresolved,,,,unresolved
unresolved-0644,,,unresolved,,unresolved,,,,unresolved
unresolved-0645,,,unresolved,,unresolved,,,,unresolved
unresolved-0646,,,unresolved,,unresolved,,,,unresolved
unresolved-0647,,,unresolved,,unresolved,,,,unresolved
unresolved-0648,,,unresolved,,unresolved,,,,unresolved
unresolved-0649,,,unresolved,,unresolved,,,,unresolved
unresolved-0650,,,unresolved,,unresolved,,,,unresolved
unresolved-0651,,,unresolved,,unresolved,,,,unresolved
unresolved-0652,,,unresolved,,unresolved,,,,unresolved
unresolved-0653,,,unresolved,,unresolved,,,,unresolved
unresolved-0654,,,unresolved,,unresolved,,,,unresolved
unresolved-0655,,,unresolved,,unresolved,,,,unresolved
unresolved-0656,,,unresolved,,unresolved,,,,unresolved
unresolved-0657,,,unresolved,,unresolved,,,,unresolved
unresolved-0658,,,unresolved,,unresolved,,,,unresolved
unresolved-0659,,,unresolved,,unresolved,,,,unresolved
unresolved-0660,,,unresolved,,unresolved,,,,unresolved
unresolved-0661,,,unresolved,,unresolved,,,,unresolved
unresolved-0662,,,unresolved,,unresolved,,,,unresolved
unresolved-0663,,,unresolved,,unresolved,,,,unresolved
unresolved-0664,,,unresolved,,unresolved,,,,unresolved
unresolved-0665,,,unresolved,,unresolved,,,,unresolved
unresolved-0666,,,unresolved,,unresolved,,,,unresolved
unresolved-0667,,,unresolved,,unresolved,,,,unresolved
unresolved-0668,,,unresolved,,unresolved,,,,unresolved
unresolved-0669,,,unresolved,,unresolved,,,,unresolved
unresolved-0670,,,unresolved,,unresolved,,,,unresolved
unresolved-0671,,,unresolved,,unresolved,,,,unresolved
unresolved-0672,,,unresolved,,unresolved,,,,unresolved
unresolved-0673,,,unresolved,,unresolved,,,,unresolved
unresolved-0674,,,unresolved,,unresolved,,,,unresolved
unresolved-0675,,,unresolved,,unresolved,,,,unresolved
unresolved-0676,,,unresolved,,unresolved,,,,unresolved
unresolved-0677,,,unresolved,,unresolved,,,,unresolved
unresolved-0678,,,unresolved,,unresolved,,,,unresolved
unresolved-0679,,,unresolved,,unresolved,,,,unresolved
unresolved-0680,,,unresolved,,unresolved,,,,unresolved
unresolved-0681,,,unresolved,,unresolved,,,,unresolved
unresolved-0682,,,unresolved,,unresolved,,,,unresolved
unresolved-0683,,,unresolved,,unresolved,,,,unresolved
unresolved-0684,,,unresolved,,unresolved,,,,unresolved
unresolved-0685,,,unresolved,,unresolved,,,,unresolved
unresolved-0686,,,unresolved,,unresolved,,,,unresolved
unresolved-0687,,,unresolved,,unresolved,,,,unresolved
unresolved-0688,,,unresolved,,unresolved,,,,unresolved
unresolved-0689,,,unresolved,,unresolved,,,,unresolved
unresolved-0690,,,unresolved,,unresolved,,,,unresolved
unresolved-0691,,,unresolved,,unresolved,,,,unresolved
unresolved-0692,,,unresolved,,unresolved,,,,unresolved
unresolved-0693,,,unresolved,,unresolved,,,,unresolved
unresolved-0694,,,unresolved,,unresolved,,,,unresolved
unresolved-0695,,,unresolved,,unresolved,,,,unresolved
unresolved-0696,,,unresolved,,unresolved,,,,unresolved
unresolved-0697,,,unresolved,,unresolved,,,,unresolved
unresolved-0698,,,unresolved,,unresolved,,,,unresolved
unresolved-0699,,,unresolved,,unresolved,,,,unresolved
unresolved-0700,,,unresolved,,unresolved,,,,unresolved
unresolved-0701,,,unresolved,,unresolved,,,,unresolved
unresolved-0702,,,unresolved,,unresolved,,,,unresolved
unresolved-0703,,,unresolved,,unresolved,,,,unresolved
unresolved-0704,,,unresolved,,unresolved,,,,unresolved
unresolved-0705,,,unresolved,,unresolved,,,,unresolved
unresolved-0706,,,unresolved,,unresolved,,,,unresolved
unresolved-0707,,,unresolved,,unresolved,,,,unresolved
unresolved-0708,,,unresolved,,unresolved,,,,unresolved
unresolved-0709,,,unresolved,,unresolved,,,,unresolved
unresolved-0710,,,unresolved,,unresolved,,,,unresolved
unresolved-0711,,,unresolved,,unresolved,,,,unresolved
unresolved-0712,,,unresolved,,unresolved,,,,unresolved
unresolved-0713,,,unresolved,,unresolved,,,,unresolved
unresolved-0714,,,unresolved,,unresolved,,,,unresolved
unresolved-0715,,,unresolved,,unresolved,,,,unresolved
unresolved-0716,,,unresolved,,unresolved,,,,unresolved
unresolved-0717,,,unresolved,,unresolved,,,,unresolved
unresolved-0718,,,unresolved,,unresolved,,,,unresolved
unresolved-0719,,,unresolved,,unresolved,,,,unresolved
unresolved-0720,,,unresolved,,unresolved,,,,unresolved
unresolved-0721,,,unresolved,,unresolved,,,,unresolved
unresolved-0722,,,unresolved,,unresolved,,,,unresolved
unresolved-0723,,,unresolved,,unresolved,,,,unresolved
unresolved-0724,,,unresolved,,unresolved,,,,unresolved
unresolved-0725,,,unresolved,,unresolved,,,,unresolved
unresolved-0726,,,unresolved,,unresolved,,,,unresolved
unresolved-0727,,,unresolved,,unresolved,,,,unresolved
unresolved-0728,,,unresolved,,unresolved,,,,unresolved
unresolved-0729,,,unresolved,,unresolved,,,,unresolved
unresolved-0730,,,unresolved,,unresolved,,,,unresolved
unresolved-0731,,,unresolved,,unresolved,,,,unresolved
unresolved-0732,,,unresolved,,unresolved,,,,unresolved
unresolved-0733,,,unresolved,,unresolved,,,,unresolved
unresolved-0734,,,unresolved,,unresolved,,,,unresolved
unresolved-0735,,,unresolved,,unresolved,,,,unresolved
unresolved-0736,,,unresolved,,unresolved,,,,unresolved
unresolved-0737,,,unresolved,,unresolved,,,,unresolved
unresolved-0738,,,unresolved,,unresolved,,,,unresolved
unresolved-0739,,,unresolved,,unresolved,,,,unresolved
unresolved-0740,,,unresolved,,unresolved,,,,unresolved
unresolved-0741,,,unresolved,,unresolved,,,,unresolved
unresolved-0742,,,unresolved,,unresolved,,,,unresolved
unresolved-0743,,,unresolved,,unresolved,,,,unresolved
unresolved-0744,,,unresolved,,unresolved,,,,unresolved
unresolved-0745,,,unresolved,,unresolved,,,,unresolved
unresolved-0746,,,unresolved,,unresolved,,,,unresolved
unresolved-0747,,,unresolved,,unresolved,,,,unresolved
unresolved-0748,,,unresolved,,unresolved,,,,unresolved
unresolved-0749,,,unresolved,,unresolved,,,,unresolved
unresolved-0750,,,unresolved,,unresolved,,,,unresolved
unresolved-0751,,,unresolved,,unresolved,,,,unresolved
unresolved-0752,,,unresolved,,unresolved,,,,unresolved
unresolved-0753,,,unresolved,,unresolved,,,,unresolved
unresolved-0754,,,unresolved,,unresolved,,,,unresolved
unresolved-0755,,,unresolved,,unresolved,,,,unresolved
unresolved-0756,,,unresolved,,unresolved,,,,unresolved
unresolved-0757,,,unresolved,,unresolved,,,,unresolved
unresolved-0758,,,unresolved,,unresolved,,,,unresolved
unresolved-0759,,,unresolved,,unresolved,,,,unresolved
unresolved-0760,,,unresolved,,unresolved,,,,unresolved
unresolved-0761,,,unresolved,,unresolved,,,,unresolved
unresolved-0762,,,unresolved,,unresolved,,,,unresolved
unresolved-0763,,,unresolved,,unresolved,,,,unresolved
unresolved-0764,,,unresolved,,unresolved,,,,unresolved
unresolved-0765,,,unresolved,,unresolved,,,,unresolved
unresolved-0766,,,unresolved,,unresolved,,,,unresolved
unresolved-0767,,,unresolved,,unresolved,,,,unresolved
unresolved-0768,,,unresolved,,unresolved,,,,unresolved
unresolved-0769,,,unresolved,,unresolved,,,,unresolved
unresolved-0770,,,unresolved,,unresolved,,,,unresolved
unresolved-0771,,,unresolved,,unresolved,,,,unresolved
unresolved-0772,,,unresolved,,unresolved,,,,unresolved
unresolved-0773,,,unresolved,,unresolved,,,,unresolved
unresolved-0774,,,unresolved,,unresolved,,,,unresolved
unresolved-0775,,,unresolved,,unresolved,,,,unresolved
unresolved-0776,,,unresolved,,unresolved,,,,unresolved
unresolved-0777,,,unresolved,,unresolved,,,,unresolved
unresolved-0778,,,unresolved,,unresolved,,,,unresolved
unresolved-0779,,,unresolved,,unresolved,,,,unresolved
unresolved-0780,,,unresolved,,unresolved,,,,unresolved
unresolved-0781,,,unresolved,,unresolved,,,,unresolved
unresolved-0782,,,unresolved,,unresolved,,,,unresolved
unresolved-0783,,,unresolved,,unresolved,,,,unresolved
unresolved-0784,,,unresolved,,unresolved,,,,unresolved
unresolved-0785,,,unresolved,,unresolved,,,,unresolved
unresolved-0786,,,unresolved,,unresolved,,,,unresolved
unresolved-0787,,,unresolved,,unresolved,,,,unresolved
unresolved-0788,,,unresolved,,unresolved,,,,unresolved
unresolved-0789,,,unresolved,,unresolved,,,,unresolved
unresolved-0790,,,unresolved,,unresolved,,,,unresolved
unresolved-0791,,,unresolved,,unresolved,,,,unresolved
unresolved-0792,,,unresolved,,unresolved,,,,unresolved
unresolved-0793,,,unresolved,,unresolved,,,,unresolved
unresolved-0794,,,unresolved,,unresolved,,,,unresolved
unresolved-0795,,,unresolved,,unresolved,,,,unresolved
unresolved-0796,,,unresolved,,unresolved,,,,unresolved
unresolved-0797,,,unresolved,,unresolved,,,,unresolved
unresolved-0798,,,unresolved,,unresolved,,,,unresolved
unresolved-0799,,,unresolved,,unresolved,,,,unresolved
unresolved-0800,,,unresolved,,unresolved,,,,unresolved
unresolved-0801,,,unresolved,,unresolved,,,,unresolved
unresolved-0802,,,unresolved,,unresolved,,,,unresolved
unresolved-0803,,,unresolved,,unresolved,,,,unresolved
unresolved-0804,,,unresolved,,unresolved,,,,unresolved
unresolved-0805,,,unresolved,,unresolved,,,,unresolved
unresolved-0806,,,unresolved,,unresolved,,,,unresolved
unresolved-0807,,,unresolved,,unresolved,,,,unresolved
unresolved-0808,,,unresolved,,unresolved,,,,unresolved
unresolved-0809,,,unresolved,,unresolved,,,,unresolved
unresolved-0810,,,unresolved,,unresolved,,,,unresolved
unresolved-0811,,,unresolved,,unresolved,,,,unresolved
unresolved-0812,,,unresolved,,unresolved,,,,unresolved
unresolved-0813,,,unresolved,,unresolved,,,,unresolved
unresolved-0814,,,unresolved,,unresolved,,,,unresolved
unresolved-0815,,,unresolved,,unresolved,,,,unresolved
unresolved-0816,,,unresolved,,unresolved,,,,unresolved
unresolved-0817,,,unresolved,,unresolved,,,,unresolved
unresolved-0818,,,unresolved,,unresolved,,,,unresolved
unresolved-0819,,,unresolved,,unresolved,,,,unresolved
unresolved-0820,,,unresolved,,unresolved,,,,unresolved
unresolved-0821,,,unresolved,,unresolved,,,,unresolved
unresolved-0822,,,unresolved,,unresolved,,,,unresolved
unresolved-0823,,,unresolved,,unresolved,,,,unresolved
unresolved-0824,,,unresolved,,unresolved,,,,unresolved
unresolved-0825,,,unresolved,,unresolved,,,,unresolved
unresolved-0826,,,unresolved,,unresolved,,,,unresolved
unresolved-0827,,,unresolved,,unresolved,,,,unresolved
unresolved-0828,,,unresolved,,unresolved,,,,unresolved
unresolved-0829,,,unresolved,,unresolved,,,,unresolved
unresolved-0830,,,unresolved,,unresolved,,,,unresolved
unresolved-0831,,,unresolved,,unresolved,,,,unresolved
unresolved-0832,,,unresolved,,unresolved,,,,unresolved
unresolved-0833,,,unresolved,,unresolved,,,,unresolved
unresolved-0834,,,unresolved,,unresolved,,,,unresolved
unresolved-0835,,,unresolved,,unresolved,,,,unresolved
unresolved-0836,,,unresolved,,unresolved,,,,unresolved
unresolved-0837,,,unresolved,,unresolved,,,,unresolved
unresolved-0838,,,unresolved,,unresolved,,,,unresolved
unresolved-0839,,,unresolved,,unresolved,,,,unresolved
unresolved-0840,,,unresolved,,unresolved,,,,unresolved
unresolved-0841,,,unresolved,,unresolved,,,,unresolved
unresolved-0842,,,unresolved,,unresolved,,,,unresolved
unresolved-0843,,,unresolved,,unresolved,,,,unresolved
unresolved-0844,,,unresolved,,unresolved,,,,unresolved
unresolved-0845,,,unresolved,,unresolved,,,,unresolved
unresolved-0846,,,unresolved,,unresolved,,,,unresolved
unresolved-0847,,,unresolved,,unresolved,,,,unresolved
unresolved-0848,,,unresolved,,unresolved,,,,unresolved
unresolved-0849,,,unresolved,,unresolved,,,,unresolved
unresolved-0850,,,unresolved,,unresolved,,,,unresolved
unresolved-0851,,,unresolved,,unresolved,,,,unresolved
unresolved-0852,,,unresolved,,unresolved,,,,unresolved
unresolved-0853,,,unresolved,,unresolved,,,,unresolved
unresolved-0854,,,unresolved,,unresolved,,,,unresolved
unresolved-0855,,,unresolved,,unresolved,,,,unresolved
unresolved-0856,,,unresolved,,unresolved,,,,unresolved
unresolved-0857,,,unresolved,,unresolved,,,,unresolved
unresolved-0858,,,unresolved,,unresolved,,,,unresolved
unresolved-0859,,,unresolved,,unresolved,,,,unresolved
unresolved-0860,,,unresolved,,unresolved,,,,unresolved
unresolved-0861,,,unresolved,,unresolved,,,,unresolved
unresolved-0862,,,unresolved,,unresolved,,,,unresolved
unresolved-0863,,,unresolved,,unresolved,,,,unresolved
unresolved-0864,,,unresolved,,unresolved,,,,unresolved
unresolved-0865,,,unresolved,,unresolved,,,,unresolved
unresolved-0866,,,unresolved,,unresolved,,,,unresolved
unresolved-0867,,,unresolved,,unresolved,,,,unresolved
unresolved-0868,,,unresolved,,unresolved,,,,unresolved
unresolved-0869,,,unresolved,,unresolved,,,,unresolved
unresolved-0870,,,unresolved,,unresolved,,,,unresolved
unresolved-0871,,,unresolved,,unresolved,,,,unresolved
unresolved-0872,,,unresolved,,unresolved,,,,unresolved
unresolved-0873,,,unresolved,,unresolved,,,,unresolved
unresolved-0874,,,unresolved,,unresolved,,,,unresolved
unresolved-0875,,,unresolved,,unresolved,,,,unresolved
unresolved-0876,,,unresolved,,unresolved,,,,unresolved
unresolved-0877,,,unresolved,,unresolved,,,,unresolved
unresolved-0878,,,unresolved,,unresolved,,,,unresolved
unresolved-0879,,,unresolved,,unresolved,,,,unresolved
unresolved-0880,,,unresolved,,unresolved,,,,unresolved
unresolved-0881,,,unresolved,,unresolved,,,,unresolved
unresolved-0882,,,unresolved,,unresolved,,,,unresolved
unresolved-0883,,,unresolved,,unresolved,,,,unresolved
unresolved-0884,,,unresolved,,unresolved,,,,unresolved
unresolved-0885,,,unresolved,,unresolved,,,,unresolved
unresolved-0886,,,unresolved,,unresolved,,,,unresolved
unresolved-0887,,,unresolved,,unresolved,,,,unresolved
unresolved-0888,,,unresolved,,unresolved,,,,unresolved
unresolved-0889,,,unresolved,,unresolved,,,,unresolved
unresolved-0890,,,unresolved,,unresolved,,,,unresolved
unresolved-0891,,,unresolved,,unresolved,,,,unresolved
unresolved-0892,,,unresolved,,unresolved,,,,unresolved
unresolved-0893,,,unresolved,,unresolved,,,,unresolved
unresolved-0894,,,unresolved,,unresolved,,,,unresolved
unresolved-0895,,,unresolved,,unresolved,,,,unresolved
unresolved-0896,,,unresolved,,unresolved,,,,unresolved
unresolved-0897,,,unresolved,,unresolved,,,,unresolved
unresolved-0898,,,unresolved,,unresolved,,,,unresolved
unresolved-0899,,,unresolved,,unresolved,,,,unresolved
unresolved-0900,,,unresolved,,unresolved,,,,unresolved
unresolved-0901,,,unresolved,,unresolved,,,,unresolved
unresolved-0902,,,unresolved,,unresolved,,,,unresolved
unresolved-0903,,,unresolved,,unresolved,,,,unresolved
unresolved-0904,,,unresolved,,unresolved,,,,unresolved
unresolved-0905,,,unresolved,,unresolved,,,,unresolved
unresolved-0906,,,unresolved,,unresolved,,,,unresolved
unresolved-0907,,,unresolved,,unresolved,,,,unresolved
unresolved-0908,,,unresolved,,unresolved,,,,unresolved
unresolved-0909,,,unresolved,,unresolved,,,,unresolved
unresolved-0910,,,unresolved,,unresolved,,,,unresolved
unresolved-0911,,,unresolved,,unresolved,,,,unresolved
unresolved-0912,,,unresolved,,unresolved,,,,unresolved
unresolved-0913,,,unresolved,,unresolved,,,,unresolved
unresolved-0914,,,unresolved,,unresolved,,,,unresolved
unresolved-0915,,,unresolved,,unresolved,,,,unresolved
unresolved-0916,,,unresolved,,unresolved,,,,unresolved
unresolved-0917,,,unresolved,,unresolved,,,,unresolved
unresolved-0918,,,unresolved,,unresolved,,,,unresolved
unresolved-0919,,,unresolved,,unresolved,,,,unresolved
unresolved-0920,,,unresolved,,unresolved,,,,unresolved
unresolved-0921,,,unresolved,,unresolved,,,,unresolved
unresolved-0922,,,unresolved,,unresolved,,,,unresolved
unresolved-0923,,,unresolved,,unresolved,,,,unresolved
unresolved-0924,,,unresolved,,unresolved,,,,unresolved
unresolved-0925,,,unresolved,,unresolved,,,,unresolved
unresolved-0926,,,unresolved,,unresolved,,,,unresolved
unresolved-0927,,,unresolved,,unresolved,,,,unresolved
unresolved-0928,,,unresolved,,unresolved,,,,unresolved
unresolved-0929,,,unresolved,,unresolved,,,,unresolved
unresolved-0930,,,unresolved,,unresolved,,,,unresolved
unresolved-0931,,,unresolved,,unresolved,,,,unresolved
unresolved-0932,,,unresolved,,unresolved,,,,unresolved
unresolved-0933,,,unresolved,,unresolved,,,,unresolved
unresolved-0934,,,unresolved,,unresolved,,,,unresolved
unresolved-0935,,,unresolved,,unresolved,,,,unresolved
unresolved-0936,,,unresolved,,unresolved,,,,unresolved
unresolved-0937,,,unresolved,,unresolved,,,,unresolved
unresolved-0938,,,unresolved,,unresolved,,,,unresolved
unresolved-0939,,,unresolved,,unresolved,,,,unresolved
unresolved-0940,,,unresolved,,unresolved,,,,unresolved
unresolved-0941,,,unresolved,,unresolved,,,,unresolved
unresolved-0942,,,unresolved,,unresolved,,,,unresolved
unresolved-0943,,,unresolved,,unresolved,,,,unresolved
unresolved-0944,,,unresolved,,unresolved,,,,unresolved
unresolved-0945,,,unresolved,,unresolved,,,,unresolved
unresolved-0946,,,unresolved,,unresolved,,,,unresolved
unresolved-0947,,,unresolved,,unresolved,,,,unresolved
unresolved-0948,,,unresolved,,unresolved,,,,unresolved
unresolved-0949,,,unresolved,,unresolved,,,,unresolved
unresolved-0950,,,unresolved,,unresolved,,,,unresolved
unresolved-0951,,,unresolved,,unresolved,,,,unresolved
unresolved-0952,,,unresolved,,unresolved,,,,unresolved
unresolved-0953,,,unresolved,,unresolved,,,,unresolved
unresolved-0954,,,unresolved,,unresolved,,,,unresolved
unresolved-0955,,,unresolved,,unresolved,,,,unresolved
unresolved-0956,,,unresolved,,unresolved,,,,unresolved
unresolved-0957,,,unresolved,,unresolved,,,,unresolved
unresolved-0958,,,unresolved,,unresolved,,,,unresolved
unresolved-0959,,,unresolved,,unresolved,,,,unresolved
unresolved-0960,,,unresolved,,unresolved,,,,unresolved
unresolved-0961,,,unresolved,,unresolved,,,,unresolved
unresolved-0962,,,unresolved,,unresolved,,,,unresolved
unresolved-0963,,,unresolved,,unresolved,,,,unresolved
unresolved-0964,,,unresolved,,unresolved,,,,unresolved
unresolved-0965,,,unresolved,,unresolved,,,,unresolved
unresolved-0966,,,unresolved,,unresolved,,,,unresolved
unresolved-0967,,,unresolved,,unresolved,,,,unresolved
unresolved-0968,,,unresolved,,unresolved,,,,unresolved
unresolved-0969,,,unresolved,,unresolved,,,,unresolved
unresolved-0970,,,unresolved,,unresolved,,,,unresolved
unresolved-0971,,,unresolved,,unresolved,,,,unresolved
unresolved-0972,,,unresolved,,unresolved,,,,unresolved
unresolved-0973,,,unresolved,,unresolved,,,,unresolved
unresolved-0974,,,unresolved,,unresolved,,,,unresolved
unresolved-0975,,,unresolved,,unresolved,,,,unresolved
unresolved-0976,,,unresolved,,unresolved,,,,unresolved
unresolved-0977,,,unresolved,,unresolved,,,,unresolved
unresolved-0978,,,unresolved,,unresolved,,,,unresolved
unresolved-0979,,,unresolved,,unresolved,,,,unresolved
unresolved-0980,,,unresolved,,unresolved,,,,unresolved
unresolved-0981,,,unresolved,,unresolved,,,,unresolved
unresolved-0982,,,unresolved,,unresolved,,,,unresolved
unresolved-0983,,,unresolved,,unresolved,,,,unresolved
unresolved-0984,,,unresolved,,unresolved,,,,unresolved
unresolved-0985,,,unresolved,,unresolved,,,,unresolved
unresolved-0986,,,unresolved,,unresolved,,,,unresolved
unresolved-0987,,,unresolved,,unresolved,,,,unresolved
unresolved-0988,,,unresolved,,unresolved,,,,unresolved
unresolved-0989,,,unresolved,,unresolved,,,,unresolved
unresolved-0990,,,unresolved,,unresolved,,,,unresolved
unresolved-0991,,,unresolved,,unresolved,,,,unresolved
unresolved-0992,,,unresolved,,unresolved,,,,unresolved
unresolved-0993,,,unresolved,,unresolved,,,,unresolved
unresolved-0994,,,unresolved,,unresolved,,,,unresolved
unresolved-0995,,,unresolved,,unresolved,,,,unresolved
unresolved-0996,,,unresolved,,unresolved,,,,unresolved
unresolved-0997,,,unresolved,,unresolved,,,,unresolved
unresolved-0998,,,unresolved,,unresolved,,,,unresolved
unresolved-0999,,,unresolved,,unresolved,,,,unresolved
unresolved-1000,,,unresolved,,unresolved,,,,unresolved
unresolved-1001,,,unresolved,,unresolved,,,,unresolved
unresolved-1002,,,unresolved,,unresolved,,,,unresolved
unresolved-1003,,,unresolved,,unresolved,,,,unresolved
unresolved-1004,,,unresolved,,unresolved,,,,unresolved
unresolved-1005,,,unresolved,,unresolved,,,,unresolved
unresolved-1006,,,unresolved,,unresolved,,,,unresolved
unresolved-1007,,,unresolved,,unresolved,,,,unresolved
unresolved-1008,,,unresolved,,unresolved,,,,unresolved
unresolved-1009,,,unresolved,,unresolved,,,,unresolved
unresolved-1010,,,unresolved,,unresolved,,,,unresolved
unresolved-1011,,,unresolved,,unresolved,,,,unresolved
unresolved-1012,,,unresolved,,unresolved,,,,unresolved
unresolved-1013,,,unresolved,,unresolved,,,,unresolved
unresolved-1014,,,unresolved,,unresolved,,,,unresolved
unresolved-1015,,,unresolved,,unresolved,,,,unresolved
unresolved-1016,,,unresolved,,unresolved,,,,unresolved
unresolved-1017,,,unresolved,,unresolved,,,,unresolved
unresolved-1018,,,unresolved,,unresolved,,,,unresolved
unresolved-1019,,,unresolved,,unresolved,,,,unresolved
unresolved-1020,,,unresolved,,unresolved,,,,unresolved
unresolved-1021,,,unresolved,,unresolved,,,,unresolved
unresolved-1022,,,unresolved,,unresolved,,,,unresolved
unresolved-1023,,,unresolved,,unresolved,,,,unresolved
unresolved-1024,,,unresolved,,unresolved,,,,unresolved
unresolved-1025,,,unresolved,,unresolved,,,,unresolved
unresolved-1026,,,unresolved,,unresolved,,,,unresolved
unresolved-1027,,,unresolved,,unresolved,,,,unresolved
unresolved-1028,,,unresolved,,unresolved,,,,unresolved
unresolved-1029,,,unresolved,,unresolved,,,,unresolved
unresolved-1030,,,unresolved,,unresolved,,,,unresolved
unresolved-1031,,,unresolved,,unresolved,,,,unresolved
unresolved-1032,,,unresolved,,unresolved,,,,unresolved
unresolved-1033,,,unresolved,,unresolved,,,,unresolved
unresolved-1034,,,unresolved,,unresolved,,,,unresolved
unresolved-1035,,,unresolved,,unresolved,,,,unresolved
unresolved-1036,,,unresolved,,unresolved,,,,unresolved
unresolved-1037,,,unresolved,,unresolved,,,,unresolved
unresolved-1038,,,unresolved,,unresolved,,,,unresolved
unresolved-1039,,,unresolved,,unresolved,,,,unresolved
unresolved-1040,,,unresolved,,unresolved,,,,unresolved
unresolved-1041,,,unresolved,,unresolved,,,,unresolved
unresolved-1042,,,unresolved,,unresolved,,,,unresolved
unresolved-1043,,,unresolved,,unresolved,,,,unresolved
unresolved-1044,,,unresolved,,unresolved,,,,unresolved
unresolved-1045,,,unresolved,,unresolved,,,,unresolved
unresolved-1046,,,unresolved,,unresolved,,,,unresolved
unresolved-1047,,,unresolved,,unresolved,,,,unresolved
unresolved-1048,,,unresolved,,unresolved,,,,unresolved
unresolved-1049,,,unresolved,,unresolved,,,,unresolved
unresolved-1050,,,unresolved,,unresolved,,,,unresolved
unresolved-1051,,,unresolved,,unresolved,,,,unresolved
unresolved-1052,,,unresolved,,unresolved,,,,unresolved
unresolved-1053,,,unresolved,,unresolved,,,,unresolved
unresolved-1054,,,unresolved,,unresolved,,,,unresolved
unresolved-1055,,,unresolved,,unresolved,,,,unresolved
unresolved-1056,,,unresolved,,unresolved,,,,unresolved
unresolved-1057,,,unresolved,,unresolved,,,,unresolved
unresolved-1058,,,unresolved,,unresolved,,,,unresolved
unresolved-1059,,,unresolved,,unresolved,,,,unresolved
unresolved-1060,,,unresolved,,unresolved,,,,unresolved
unresolved-1061,,,unresolved,,unresolved,,,,unresolved
unresolved-1062,,,unresolved,,unresolved,,,,unresolved
unresolved-1063,,,unresolved,,unresolved,,,,unresolved
unresolved-1064,,,unresolved,,unresolved,,,,unresolved
unresolved-1065,,,unresolved,,unresolved,,,,unresolved
unresolved-1066,,,unresolved,,unresolved,,,,unresolved
unresolved-1067,,,unresolved,,unresolved,,,,unresolved
unresolved-1068,,,unresolved,,unresolved,,,,unresolved
unresolved-1069,,,unresolved,,unresolved,,,,unresolved
unresolved-1070,,,unresolved,,unresolved,,,,unresolved
unresolved-1071,,,unresolved,,unresolved,,,,unresolved
unresolved-1072,,,unresolved,,unresolved,,,,unresolved
unresolved-1073,,,unresolved,,unresolved,,,,unresolved
unresolved-1074,,,unresolved,,unresolved,,,,unresolved
unresolved-1075,,,unresolved,,unresolved,,,,unresolved
unresolved-1076,,,unresolved,,unresolved,,,,unresolved
unresolved-1077,,,unresolved,,unresolved,,,,unresolved
unresolved-1078,,,unresolved,,unresolved,,,,unresolved
unresolved-1079,,,unresolved,,unresolved,,,,unresolved
unresolved-1080,,,unresolved,,unresolved,,,,unresolved
unresolved-1081,,,unresolved,,unresolved,,,,unresolved
unresolved-1082,,,unresolved,,unresolved,,,,unresolved
unresolved-1083,,,unresolved,,unresolved,,,,unresolved
unresolved-1084,,,unresolved,,unresolved,,,,unresolved
unresolved-1085,,,unresolved,,unresolved,,,,unresolved
unresolved-1086,,,unresolved,,unresolved,,,,unresolved
unresolved-1087,,,unresolved,,unresolved,,,,unresolved
unresolved-1088,,,unresolved,,unresolved,,,,unresolved
unresolved-1089,,,unresolved,,unresolved,,,,unresolved
unresolved-1090,,,unresolved,,unresolved,,,,unresolved
unresolved-1091,,,unresolved,,unresolved,,,,unresolved
unresolved-1092,,,unresolved,,unresolved,,,,unresolved
unresolved-1093,,,unresolved,,unresolved,,,,unresolved
unresolved-1094,,,unresolved,,unresolved,,,,unresolved
unresolved-1095,,,unresolved,,unresolved,,,,unresolved
unresolved-1096,,,unresolved,,unresolved,,,,unresolved
unresolved-1097,,,unresolved,,unresolved,,,,unresolved
unresolved-1098,,,unresolved,,unresolved,,,,unresolved
unresolved-1099,,,unresolved,,unresolved,,,,unresolved
unresolved-1100,,,unresolved,,unresolved,,,,unresolved
unresolved-1101,,,unresolved,,unresolved,,,,unresolved
unresolved-1102,,,unresolved,,unresolved,,,,unresolved
unresolved-1103,,,unresolved,,unresolved,,,,unresolved
unresolved-1104,,,unresolved,,unresolved,,,,unresolved
unresolved-1105,,,unresolved,,unresolved,,,,unresolved
unresolved-1106,,,unresolved,,unresolved,,,,unresolved
unresolved-1107,,,unresolved,,unresolved,,,,unresolved
unresolved-1108,,,unresolved,,unresolved,,,,unresolved
unresolved-1109,,,unresolved,,unresolved,,,,unresolved
unresolved-1110,,,unresolved,,unresolved,,,,unresolved
unresolved-1111,,,unresolved,,unresolved,,,,unresolved
unresolved-1112,,,unresolved,,unresolved,,,,unresolved
unresolved-1113,,,unresolved,,unresolved,,,,unresolved
unresolved-1114,,,unresolved,,unresolved,,,,unresolved
unresolved-1115,,,unresolved,,unresolved,,,,unresolved
unresolved-1116,,,unresolved,,unresolved,,,,unresolved
unresolved-1117,,,unresolved,,unresolved,,,,unresolved
unresolved-1118,,,unresolved,,unresolved,,,,unresolved
unresolved-1119,,,unresolved,,unresolved,,,,unresolved
unresolved-1120,,,unresolved,,unresolved,,,,unresolved
unresolved-1121,,,unresolved,,unresolved,,,,unresolved
unresolved-1122,,,unresolved,,unresolved,,,,unresolved
unresolved-1123,,,unresolved,,unresolved,,,,unresolved
unresolved-1124,,,unresolved,,unresolved,,,,unresolved
unresolved-1125,,,unresolved,,unresolved,,,,unresolved
unresolved-1126,,,unresolved,,unresolved,,,,unresolved
unresolved-1127,,,unresolved,,unresolved,,,,unresolved
unresolved-1128,,,unresolved,,unresolved,,,,unresolved
unresolved-1129,,,unresolved,,unresolved,,,,unresolved
unresolved-1130,,,unresolved,,unresolved,,,,unresolved
unresolved-1131,,,unresolved,,unresolved,,,,unresolved
unresolved-1132,,,unresolved,,unresolved,,,,unresolved
unresolved-1133,,,unresolved,,unresolved,,,,unresolved
unresolved-1134,,,unresolved,,unresolved,,,,unresolved
unresolved-1135,,,unresolved,,unresolved,,,,unresolved
unresolved-1136,,,unresolved,,unresolved,,,,unresolved
unresolved-1137,,,unresolved,,unresolved,,,,unresolved
unresolved-1138,,,unresolved,,unresolved,,,,unresolved
unresolved-1139,,,unresolved,,unresolved,,,,unresolved
unresolved-1140,,,unresolved,,unresolved,,,,unresolved
unresolved-1141,,,unresolved,,unresolved,,,,unresolved
unresolved-1142,,,unresolved,,unresolved,,,,unresolved
unresolved-1143,,,unresolved,,unresolved,,,,unresolved
unresolved-1144,,,unresolved,,unresolved,,,,unresolved
unresolved-1145,,,unresolved,,unresolved,,,,unresolved
unresolved-1146,,,unresolved,,unresolved,,,,unresolved
unresolved-1147,,,unresolved,,unresolved,,,,unresolved
unresolved-1148,,,unresolved,,unresolved,,,,unresolved
unresolved-1149,,,unresolved,,unresolved,,,,unresolved
unresolved-1150,,,unresolved,,unresolved,,,,unresolved
unresolved-1151,,,unresolved,,unresolved,,,,unresolved
unresolved-1152,,,unresolved,,unresolved,,,,unresolved
unresolved-1153,,,unresolved,,unresolved,,,,unresolved
unresolved-1154,,,unresolved,,unresolved,,,,unresolved
unresolved-1155,,,unresolved,,unresolved,,,,unresolved
unresolved-1156,,,unresolved,,unresolved,,,,unresolved
unresolved-1157,,,unresolved,,unresolved,,,,unresolved
unresolved-1158,,,unresolved,,unresolved,,,,unresolved
unresolved-1159,,,unresolved,,unresolved,,,,unresolved
unresolved-1160,,,unresolved,,unresolved,,,,unresolved
unresolved-1161,,,unresolved,,unresolved,,,,unresolved
unresolved-1162,,,unresolved,,unresolved,,,,unresolved
unresolved-1163,,,unresolved,,unresolved,,,,unresolved
unresolved-1164,,,unresolved,,unresolved,,,,unresolved
unresolved-1165,,,unresolved,,unresolved,,,,unresolved
unresolved-1166,,,unresolved,,unresolved,,,,unresolved
unresolved-1167,,,unresolved,,unresolved,,,,unresolved
unresolved-1168,,,unresolved,,unresolved,,,,unresolved
unresolved-1169,,,unresolved,,unresolved,,,,unresolved
unresolved-1170,,,unresolved,,unresolved,,,,unresolved
unresolved-1171,,,unresolved,,unresolved,,,,unresolved
unresolved-1172,,,unresolved,,unresolved,,,,unresolved
unresolved-1173,,,unresolved,,unresolved,,,,unresolved
unresolved-1174,,,unresolved,,unresolved,,,,unresolved
unresolved-1175,,,unresolved,,unresolved,,,,unresolved
unresolved-1176,,,unresolved,,unresolved,,,,unresolved
unresolved-1177,,,unresolved,,unresolved,,,,unresolved
unresolved-1178,,,unresolved,,unresolved,,,,unresolved
unresolved-1179,,,unresolved,,unresolved,,,,unresolved
unresolved-1180,,,unresolved,,unresolved,,,,unresolved
unresolved-1181,,,unresolved,,unresolved,,,,unresolved
unresolved-1182,,,unresolved,,unresolved,,,,unresolved
unresolved-1183,,,unresolved,,unresolved,,,,unresolved
unresolved-1184,,,unresolved,,unresolved,,,,unresolved
unresolved-1185,,,unresolved,,unresolved,,,,unresolved
unresolved-1186,,,unresolved,,unresolved,,,,unresolved
unresolved-1187,,,unresolved,,unresolved,,,,unresolved
unresolved-1188,,,unresolved,,unresolved,,,,unresolved
unresolved-1189,,,unresolved,,unresolved,,,,unresolved
unresolved-1190,,,unresolved,,unresolved,,,,unresolved
unresolved-1191,,,unresolved,,unresolved,,,,unresolved
unresolved-1192,,,unresolved,,unresolved,,,,unresolved
unresolved-1193,,,unresolved,,unresolved,,,,unresolved
unresolved-1194,,,unresolved,,unresolved,,,,unresolved
unresolved-1195,,,unresolved,,unresolved,,,,unresolved
unresolved-1196,,,unresolved,,unresolved,,,,unresolved
unresolved-1197,,,unresolved,,unresolved,,,,unresolved
unresolved-1198,,,unresolved,,unresolved,,,,unresolved
unresolved-1199,,,unresolved,,unresolved,,,,unresolved
unresolved-1200,,,unresolved,,unresolved,,,,unresolved
unresolved-1201,,,unresolved,,unresolved,,,,unresolved
unresolved-1202,,,unresolved,,unresolved,,,,unresolved
unresolved-1203,,,unresolved,,unresolved,,,,unresolved
unresolved-1204,,,unresolved,,unresolved,,,,unresolved
unresolved-1205,,,unresolved,,unresolved,,,,unresolved
unresolved-1206,,,unresolved,,unresolved,,,,unresolved
unresolved-1207,,,unresolved,,unresolved,,,,unresolved
unresolved-1208,,,unresolved,,unresolved,,,,unresolved
unresolved-1209,,,unresolved,,unresolved,,,,unresolved
unresolved-1210,,,unresolved,,unresolved,,,,unresolved
unresolved-1211,,,unresolved,,unresolved,,,,unresolved
unresolved-1212,,,unresolved,,unresolved,,,,unresolved
unresolved-1213,,,unresolved,,unresolved,,,,unresolved
unresolved-1214,,,unresolved,,unresolved,,,,unresolved
unresolved-1215,,,unresolved,,unresolved,,,,unresolved
unresolved-1216,,,unresolved,,unresolved,,,,unresolved
unresolved-1217,,,unresolved,,unresolved,,,,unresolved
unresolved-1218,,,unresolved,,unresolved,,,,unresolved
unresolved-1219,,,unresolved,,unresolved,,,,unresolved
unresolved-1220,,,unresolved,,unresolved,,,,unresolved
unresolved-1221,,,unresolved,,unresolved,,,,unresolved
unresolved-1222,,,unresolved,,unresolved,,,,unresolved
unresolved-1223,,,unresolved,,unresolved,,,,unresolved
unresolved-1224,,,unresolved,,unresolved,,,,unresolved
unresolved-1225,,,unresolved,,unresolved,,,,unresolved
unresolved-1226,,,unresolved,,unresolved,,,,unresolved
unresolved-1227,,,unresolved,,unresolved,,,,unresolved
unresolved-1228,,,unresolved,,unresolved,,,,unresolved
unresolved-1229,,,unresolved,,unresolved,,,,unresolved
unresolved-1230,,,unresolved,,unresolved,,,,unresolved
unresolved-1231,,,unresolved,,unresolved,,,,unresolved
unresolved-1232,,,unresolved,,unresolved,,,,unresolved
unresolved-1233,,,unresolved,,unresolved,,,,unresolved
unresolved-1234,,,unresolved,,unresolved,,,,unresolved
unresolved-1235,,,unresolved,,unresolved,,,,unresolved
unresolved-1236,,,unresolved,,unresolved,,,,unresolved
unresolved-1237,,,unresolved,,unresolved,,,,unresolved
unresolved-1238,,,unresolved,,unresolved,,,,unresolved
unresolved-1239,,,unresolved,,unresolved,,,,unresolved
unresolved-1240,,,unresolved,,unresolved,,,,unresolved
unresolved-1241,,,unresolved,,unresolved,,,,unresolved
unresolved-1242,,,unresolved,,unresolved,,,,unresolved
unresolved-1243,,,unresolved,,unresolved,,,,unresolved
unresolved-1244,,,unresolved,,unresolved,,,,unresolved
unresolved-1245,,,unresolved,,unresolved,,,,unresolved
unresolved-1246,,,unresolved,,unresolved,,,,unresolved
unresolved-1247,,,unresolved,,unresolved,,,,unresolved
unresolved-1248,,,unresolved,,unresolved,,,,unresolved
unresolved-1249,,,unresolved,,unresolved,,,,unresolved
unresolved-1250,,,unresolved,,unresolved,,,,unresolved
unresolved-1251,,,unresolved,,unresolved,,,,unresolved
unresolved-1252,,,unresolved,,unresolved,,,,unresolved
unresolved-1253,,,unresolved,,unresolved,,,,unresolved
unresolved-1254,,,unresolved,,unresolved,,,,unresolved
unresolved-1255,,,unresolved,,unresolved,,,,unresolved
unresolved-1256,,,unresolved,,unresolved,,,,unresolved
unresolved-1257,,,unresolved,,unresolved,,,,unresolved
unresolved-1258,,,unresolved,,unresolved,,,,unresolved
unresolved-1259,,,unresolved,,unresolved,,,,unresolved
unresolved-1260,,,unresolved,,unresolved,,,,unresolved
unresolved-1261,,,unresolved,,unresolved,,,,unresolved
unresolved-1262,,,unresolved,,unresolved,,,,unresolved
unresolved-1263,,,unresolved,,unresolved,,,,unresolved
unresolved-1264,,,unresolved,,unresolved,,,,unresolved
unresolved-1265,,,unresolved,,unresolved,,,,unresolved
unresolved-1266,,,unresolved,,unresolved,,,,unresolved
unresolved-1267,,,unresolved,,unresolved,,,,unresolved
unresolved-1268,,,unresolved,,unresolved,,,,unresolved
unresolved-1269,,,unresolved,,unresolved,,,,unresolved
unresolved-1270,,,unresolved,,unresolved,,,,unresolved
unresolved-1271,,,unresolved,,unresolved,,,,unresolved
unresolved-1272,,,unresolved,,unresolved,,,,unresolved
unresolved-1273,,,unresolved,,unresolved,,,,unresolved
unresolved-1274,,,unresolved,,unresolved,,,,unresolved
unresolved-1275,,,unresolved,,unresolved,,,,unresolved
unresolved-1276,,,unresolved,,unresolved,,,,unresolved
unresolved-1277,,,unresolved,,unresolved,,,,unresolved
unresolved-1278,,,unresolved,,unresolved,,,,unresolved
unresolved-1279,,,unresolved,,unresolved,,,,unresolved
unresolved-1280,,,unresolved,,unresolved,,,,unresolved
unresolved-1281,,,unresolved,,unresolved,,,,unresolved
unresolved-1282,,,unresolved,,unresolved,,,,unresolved
unresolved-1283,,,unresolved,,unresolved,,,,unresolved
unresolved-1284,,,unresolved,,unresolved,,,,unresolved
unresolved-1285,,,unresolved,,unresolved,,,,unresolved
unresolved-1286,,,unresolved,,unresolved,,,,unresolved
unresolved-1287,,,unresolved,,unresolved,,,,unresolved
unresolved-1288,,,unresolved,,unresolved,,,,unresolved
unresolved-1289,,,unresolved,,unresolved,,,,unresolved
unresolved-1290,,,unresolved,,unresolved,,,,unresolved
unresolved-1291,,,unresolved,,unresolved,,,,unresolved
unresolved-1292,,,unresolved,,unresolved,,,,unresolved
unresolved-1293,,,unresolved,,unresolved,,,,unresolved
unresolved-1294,,,unresolved,,unresolved,,,,unresolved
unresolved-1295,,,unresolved,,unresolved,,,,unresolved
unresolved-1296,,,unresolved,,unresolved,,,,unresolved
unresolved-1297,,,unresolved,,unresolved,,,,unresolved
unresolved-1298,,,unresolved,,unresolved,,,,unresolved
unresolved-1299,,,unresolved,,unresolved,,,,unresolved
unresolved-1300,,,unresolved,,unresolved,,,,unresolved
unresolved-1301,,,unresolved,,unresolved,,,,unresolved
unresolved-1302,,,unresolved,,unresolved,,,,unresolved
unresolved-1303,,,unresolved,,unresolved,,,,unresolved
unresolved-1304,,,unresolved,,unresolved,,,,unresolved
unresolved-1305,,,unresolved,,unresolved,,,,unresolved
unresolved-1306,,,unresolved,,unresolved,,,,unresolved
unresolved-1307,,,unresolved,,unresolved,,,,unresolved
unresolved-1308,,,unresolved,,unresolved,,,,unresolved
unresolved-1309,,,unresolved,,unresolved,,,,unresolved
unresolved-1310,,,unresolved,,unresolved,,,,unresolved
unresolved-1311,,,unresolved,,unresolved,,,,unresolved
unresolved-1312,,,unresolved,,unresolved,,,,unresolved
unresolved-1313,,,unresolved,,unresolved,,,,unresolved
unresolved-1314,,,unresolved,,unresolved,,,,unresolved
unresolved-1315,,,unresolved,,unresolved,,,,unresolved
unresolved-1316,,,unresolved,,unresolved,,,,unresolved
unresolved-1317,,,unresolved,,unresolved,,,,unresolved
unresolved-1318,,,unresolved,,unresolved,,,,unresolved
unresolved-1319,,,unresolved,,unresolved,,,,unresolved
unresolved-1320,,,unresolved,,unresolved,,,,unresolved
unresolved-1321,,,unresolved,,unresolved,,,,unresolved
unresolved-1322,,,unresolved,,unresolved,,,,unresolved
unresolved-1323,,,unresolved,,unresolved,,,,unresolved
unresolved-1324,,,unresolved,,unresolved,,,,unresolved
unresolved-1325,,,unresolved,,unresolved,,,,unresolved
unresolved-1326,,,unresolved,,unresolved,,,,unresolved
unresolved-1327,,,unresolved,,unresolved,,,,unresolved
unresolved-1328,,,unresolved,,unresolved,,,,unresolved
unresolved-1329,,,unresolved,,unresolved,,,,unresolved
unresolved-1330,,,unresolved,,unresolved,,,,unresolved
unresolved-1331,,,unresolved,,unresolved,,,,unresolved
unresolved-1332,,,unresolved,,unresolved,,,,unresolved
unresolved-1333,,,unresolved,,unresolved,,,,unresolved
unresolved-1334,,,unresolved,,unresolved,,,,unresolved
unresolved-1335,,,unresolved,,unresolved,,,,unresolved
unresolved-1336,,,unresolved,,unresolved,,,,unresolved
unresolved-1337,,,unresolved,,unresolved,,,,unresolved
unresolved-1338,,,unresolved,,unresolved,,,,unresolved
unresolved-1339,,,unresolved,,unresolved,,,,unresolved
unresolved-1340,,,unresolved,,unresolved,,,,unresolved
unresolved-1341,,,unresolved,,unresolved,,,,unresolved
unresolved-1342,,,unresolved,,unresolved,,,,unresolved
unresolved-1343,,,unresolved,,unresolved,,,,unresolved
unresolved-1344,,,unresolved,,unresolved,,,,unresolved
unresolved-1345,,,unresolved,,unresolved,,,,unresolved
unresolved-1346,,,unresolved,,unresolved,,,,unresolved
unresolved-1347,,,unresolved,,unresolved,,,,unresolved
unresolved-1348,,,unresolved,,unresolved,,,,unresolved
unresolved-1349,,,unresolved,,unresolved,,,,unresolved
unresolved-1350,,,unresolved,,unresolved,,,,unresolved
unresolved-1351,,,unresolved,,unresolved,,,,unresolved
unresolved-1352,,,unresolved,,unresolved,,,,unresolved
unresolved-1353,,,unresolved,,unresolved,,,,unresolved
unresolved-1354,,,unresolved,,unresolved,,,,unresolved
unresolved-1355,,,unresolved,,unresolved,,,,unresolved
unresolved-1356,,,unresolved,,unresolved,,,,unresolved
unresolved-1357,,,unresolved,,unresolved,,,,unresolved
unresolved-1358,,,unresolved,,unresolved,,,,unresolved
unresolved-1359,,,unresolved,,unresolved,,,,unresolved
unresolved-1360,,,unresolved,,unresolved,,,,unresolved
unresolved-1361,,,unresolved,,unresolved,,,,unresolved
unresolved-1362,,,unresolved,,unresolved,,,,unresolved
unresolved-1363,,,unresolved,,unresolved,,,,unresolved
unresolved-1364,,,unresolved,,unresolved,,,,unresolved
unresolved-1365,,,unresolved,,unresolved,,,,unresolved
unresolved-1366,,,unresolved,,unresolved,,,,unresolved
unresolved-1367,,,unresolved,,unresolved,,,,unresolved
unresolved-1368,,,unresolved,,unresolved,,,,unresolved
unresolved-1369,,,unresolved,,unresolved,,,,unresolved
unresolved-1370,,,unresolved,,unresolved,,,,unresolved
unresolved-1371,,,unresolved,,unresolved,,,,unresolved
unresolved-1372,,,unresolved,,unresolved,,,,unresolved
unresolved-1373,,,unresolved,,unresolved,,,,unresolved
unresolved-1374,,,unresolved,,unresolved,,,,unresolved
unresolved-1375,,,unresolved,,unresolved,,,,unresolved
unresolved-1376,,,unresolved,,unresolved,,,,unresolved
unresolved-1377,,,unresolved,,unresolved,,,,unresolved
unresolved-1378,,,unresolved,,unresolved,,,,unresolved
unresolved-1379,,,unresolved,,unresolved,,,,unresolved
unresolved-1380,,,unresolved,,unresolved,,,,unresolved
unresolved-1381,,,unresolved,,unresolved,,,,unresolved
unresolved-1382,,,unresolved,,unresolved,,,,unresolved
unresolved-1383,,,unresolved,,unresolved,,,,unresolved
unresolved-1384,,,unresolved,,unresolved,,,,unresolved
unresolved-1385,,,unresolved,,unresolved,,,,unresolved
unresolved-1386,,,unresolved,,unresolved,,,,unresolved
unresolved-1387,,,unresolved,,unresolved,,,,unresolved
unresolved-1388,,,unresolved,,unresolved,,,,unresolved
unresolved-1389,,,unresolved,,unresolved,,,,unresolved
unresolved-1390,,,unresolved,,unresolved,,,,unresolved
unresolved-1391,,,unresolved,,unresolved,,,,unresolved
unresolved-1392,,,unresolved,,unresolved,,,,unresolved
unresolved-1393,,,unresolved,,unresolved,,,,unresolved
unresolved-1394,,,unresolved,,unresolved,,,,unresolved
unresolved-1395,,,unresolved,,unresolved,,,,unresolved
unresolved-1396,,,unresolved,,unresolved,,,,unresolved
unresolved-1397,,,unresolved,,unresolved,,,,unresolved
unresolved-1398,,,unresolved,,unresolved,,,,unresolved
unresolved-1399,,,unresolved,,unresolved,,,,unresolved
unresolved-1400,,,unresolved,,unresolved,,,,unresolved
unresolved-1401,,,unresolved,,unresolved,,,,unresolved
unresolved-1402,,,unresolved,,unresolved,,,,unresolved
unresolved-1403,,,unresolved,,unresolved,,,,unresolved
unresolved-1404,,,unresolved,,unresolved,,,,unresolved
unresolved-1405,,,unresolved,,unresolved,,,,unresolved
unresolved-1406,,,unresolved,,unresolved,,,,unresolved
unresolved-1407,,,unresolved,,unresolved,,,,unresolved
unresolved-1408,,,unresolved,,unresolved,,,,unresolved
unresolved-1409,,,unresolved,,unresolved,,,,unresolved
unresolved-1410,,,unresolved,,unresolved,,,,unresolved
unresolved-1411,,,unresolved,,unresolved,,,,unresolved
unresolved-1412,,,unresolved,,unresolved,,,,unresolved
unresolved-1413,,,unresolved,,unresolved,,,,unresolved
unresolved-1414,,,unresolved,,unresolved,,,,unresolved
unresolved-1415,,,unresolved,,unresolved,,,,unresolved
unresolved-1416,,,unresolved,,unresolved,,,,unresolved
unresolved-1417,,,unresolved,,unresolved,,,,unresolved
unresolved-1418,,,unresolved,,unresolved,,,,unresolved
unresolved-1419,,,unresolved,,unresolved,,,,unresolved
unresolved-1420,,,unresolved,,unresolved,,,,unresolved
unresolved-1421,,,unresolved,,unresolved,,,,unresolved
unresolved-1422,,,unresolved,,unresolved,,,,unresolved
unresolved-1423,,,unresolved,,unresolved,,,,unresolved
unresolved-1424,,,unresolved,,unresolved,,,,unresolved
unresolved-1425,,,unresolved,,unresolved,,,,unresolved
unresolved-1426,,,unresolved,,unresolved,,,,unresolved
unresolved-1427,,,unresolved,,unresolved,,,,unresolved
unresolved-1428,,,unresolved,,unresolved,,,,unresolved
unresolved-1429,,,unresolved,,unresolved,,,,unresolved
unresolved-1430,,,unresolved,,unresolved,,,,unresolved
unresolved-1431,,,unresolved,,unresolved,,,,unresolved
unresolved-1432,,,unresolved,,unresolved,,,,unresolved
unresolved-1433,,,unresolved,,unresolved,,,,unresolved
unresolved-1434,,,unresolved,,unresolved,,,,unresolved
unresolved-1435,,,unresolved,,unresolved,,,,unresolved
unresolved-1436,,,unresolved,,unresolved,,,,unresolved
unresolved-1437,,,unresolved,,unresolved,,,,unresolved
unresolved-1438,,,unresolved,,unresolved,,,,unresolved
unresolved-1439,,,unresolved,,unresolved,,,,unresolved
unresolved-1440,,,unresolved,,unresolved,,,,unresolved
unresolved-1441,,,unresolved,,unresolved,,,,unresolved
unresolved-1442,,,unresolved,,unresolved,,,,unresolved
unresolved-1443,,,unresolved,,unresolved,,,,unresolved
unresolved-1444,,,unresolved,,unresolved,,,,unresolved
unresolved-1445,,,unresolved,,unresolved,,,,unresolved
unresolved-1446,,,unresolved,,unresolved,,,,unresolved
unresolved-1447,,,unresolved,,unresolved,,,,unresolved
unresolved-1448,,,unresolved,,unresolved,,,,unresolved
unresolved-1449,,,unresolved,,unresolved,,,,unresolved
unresolved-1450,,,unresolved,,unresolved,,,,unresolved
unresolved-1451,,,unresolved,,unresolved,,,,unresolved
unresolved-1452,,,unresolved,,unresolved,,,,unresolved
unresolved-1453,,,unresolved,,unresolved,,,,unresolved
unresolved-1454,,,unresolved,,unresolved,,,,unresolved
unresolved-1455,,,unresolved,,unresolved,,,,unresolved
unresolved-1456,,,unresolved,,unresolved,,,,unresolved
unresolved-1457,,,unresolved,,unresolved,,,,unresolved
unresolved-1458,,,unresolved,,unresolved,,,,unresolved
unresolved-1459,,,unresolved,,unresolved,,,,unresolved
unresolved-1460,,,unresolved,,unresolved,,,,unresolved
unresolved-1461,,,unresolved,,unresolved,,,,unresolved
unresolved-1462,,,unresolved,,unresolved,,,,unresolved
unresolved-1463,,,unresolved,,unresolved,,,,unresolved
unresolved-1464,,,unresolved,,unresolved,,,,unresolved
unresolved-1465,,,unresolved,,unresolved,,,,unresolved
unresolved-1466,,,unresolved,,unresolved,,,,unresolved
unresolved-1467,,,unresolved,,unresolved,,,,unresolved
unresolved-1468,,,unresolved,,unresolved,,,,unresolved
unresolved-1469,,,unresolved,,unresolved,,,,unresolved
unresolved-1470,,,unresolved,,unresolved,,,,unresolved
unresolved-1471,,,unresolved,,unresolved,,,,unresolved
unresolved-1472,,,unresolved,,unresolved,,,,unresolved
unresolved-1473,,,unresolved,,unresolved,,,,unresolved
unresolved-1474,,,unresolved,,unresolved,,,,unresolved
unresolved-1475,,,unresolved,,unresolved,,,,unresolved
unresolved-1476,,,unresolved,,unresolved,,,,unresolved
unresolved-1477,,,unresolved,,unresolved,,,,unresolved
unresolved-1478,,,unresolved,,unresolved,,,,unresolved
unresolved-1479,,,unresolved,,unresolved,,,,unresolved
unresolved-1480,,,unresolved,,unresolved,,,,unresolved
unresolved-1481,,,unresolved,,unresolved,,,,unresolved
unresolved-1482,,,unresolved,,unresolved,,,,unresolved
unresolved-1483,,,unresolved,,unresolved,,,,unresolved
unresolved-1484,,,unresolved,,unresolved,,,,unresolved
unresolved-1485,,,unresolved,,unresolved,,,,unresolved
unresolved-1486,,,unresolved,,unresolved,,,,unresolved
unresolved-1487,,,unresolved,,unresolved,,,,unresolved
unresolved-1488,,,unresolved,,unresolved,,,,unresolved
unresolved-1489,,,unresolved,,unresolved,,,,unresolved
unresolved-1490,,,unresolved,,unresolved,,,,unresolved
unresolved-1491,,,unresolved,,unresolved,,,,unresolved
unresolved-1492,,,unresolved,,unresolved,,,,unresolved
unresolved-1493,,,unresolved,,unresolved,,,,unresolved
unresolved-1494,,,unresolved,,unresolved,,,,unresolved
unresolved-1495,,,unresolved,,unresolved,,,,unresolved
unresolved-1496,,,unresolved,,unresolved,,,,unresolved
unresolved-1497,,,unresolved,,unresolved,,,,unresolved
unresolved-1498,,,unresolved,,unresolved,,,,unresolved
unresolved-1499,,,unresolved,,unresolved,,,,unresolved
unresolved-1500,,,unresolved,,unresolved,,,,unresolved
unresolved-1501,,,unresolved,,unresolved,,,,unresolved
unresolved-1502,,,unresolved,,unresolved,,,,unresolved
unresolved-1503,,,unresolved,,unresolved,,,,unresolved
unresolved-1504,,,unresolved,,unresolved,,,,unresolved
unresolved-1505,,,unresolved,,unresolved,,,,unresolved
unresolved-1506,,,unresolved,,unresolved,,,,unresolved
unresolved-1507,,,unresolved,,unresolved,,,,unresolved
unresolved-1508,,,unresolved,,unresolved,,,,unresolved
unresolved-1509,,,unresolved,,unresolved,,,,unresolved
unresolved-1510,,,unresolved,,unresolved,,,,unresolved
unresolved-1511,,,unresolved,,unresolved,,,,unresolved
unresolved-1512,,,unresolved,,unresolved,,,,unresolved
unresolved-1513,,,unresolved,,unresolved,,,,unresolved
unresolved-1514,,,unresolved,,unresolved,,,,unresolved
unresolved-1515,,,unresolved,,unresolved,,,,unresolved
unresolved-1516,,,unresolved,,unresolved,,,,unresolved
unresolved-1517,,,unresolved,,unresolved,,,,unresolved
unresolved-1518,,,unresolved,,unresolved,,,,unresolved
unresolved-1519,,,unresolved,,unresolved,,,,unresolved
unresolved-1520,,,unresolved,,unresolved,,,,unresolved
unresolved-1521,,,unresolved,,unresolved,,,,unresolved
unresolved-1522,,,unresolved,,unresolved,,,,unresolved
unresolved-1523,,,unresolved,,unresolved,,,,unresolved
unresolved-1524,,,unresolved,,unresolved,,,,unresolved
unresolved-1525,,,unresolved,,unresolved,,,,unresolved
unresolved-1526,,,unresolved,,unresolved,,,,unresolved
unresolved-1527,,,unresolved,,unresolved,,,,unresolved
unresolved-1528,,,unresolved,,unresolved,,,,unresolved
unresolved-1529,,,unresolved,,unresolved,,,,unresolved
unresolved-1530,,,unresolved,,unresolved,,,,unresolved
unresolved-1531,,,unresolved,,unresolved,,,,unresolved
unresolved-1532,,,unresolved,,unresolved,,,,unresolved
unresolved-1533,,,unresolved,,unresolved,,,,unresolved
unresolved-1534,,,unresolved,,unresolved,,,,unresolved
unresolved-1535,,,unresolved,,unresolved,,,,unresolved
unresolved-1536,,,unresolved,,unresolved,,,,unresolved
unresolved-1537,,,unresolved,,unresolved,,,,unresolved
unresolved-1538,,,unresolved,,unresolved,,,,unresolved
unresolved-1539,,,unresolved,,unresolved,,,,unresolved
unresolved-1540,,,unresolved,,unresolved,,,,unresolved
unresolved-1541,,,unresolved,,unresolved,,,,unresolved
unresolved-1542,,,unresolved,,unresolved,,,,unresolved
unresolved-1543,,,unresolved,,unresolved,,,,unresolved
unresolved-1544,,,unresolved,,unresolved,,,,unresolved
unresolved-1545,,,unresolved,,unresolved,,,,unresolved
unresolved-1546,,,unresolved,,unresolved,,,,unresolved
unresolved-1547,,,unresolved,,unresolved,,,,unresolved
unresolved-1548,,,unresolved,,unresolved,,,,unresolved
unresolved-1549,,,unresolved,,unresolved,,,,unresolved
unresolved-1550,,,unresolved,,unresolved,,,,unresolved
unresolved-1551,,,unresolved,,unresolved,,,,unresolved
unresolved-1552,,,unresolved,,unresolved,,,,unresolved
unresolved-1553,,,unresolved,,unresolved,,,,unresolved
unresolved-1554,,,unresolved,,unresolved,,,,unresolved
unresolved-1555,,,unresolved,,unresolved,,,,unresolved
unresolved-1556,,,unresolved,,unresolved,,,,unresolved
unresolved-1557,,,unresolved,,unresolved,,,,unresolved
unresolved-1558,,,unresolved,,unresolved,,,,unresolved
unresolved-1559,,,unresolved,,unresolved,,,,unresolved
unresolved-1560,,,unresolved,,unresolved,,,,unresolved
unresolved-1561,,,unresolved,,unresolved,,,,unresolved
unresolved-1562,,,unresolved,,unresolved,,,,unresolved
unresolved-1563,,,unresolved,,unresolved,,,,unresolved
unresolved-1564,,,unresolved,,unresolved,,,,unresolved
unresolved-1565,,,unresolved,,unresolved,,,,unresolved
unresolved-1566,,,unresolved,,unresolved,,,,unresolved
unresolved-1567,,,unresolved,,unresolved,,,,unresolved
unresolved-1568,,,unresolved,,unresolved,,,,unresolved
unresolved-1569,,,unresolved,,unresolved,,,,unresolved
unresolved-1570,,,unresolved,,unresolved,,,,unresolved
unresolved-1571,,,unresolved,,unresolved,,,,unresolved
unresolved-1572,,,unresolved,,unresolved,,,,unresolved
unresolved-1573,,,unresolved,,unresolved,,,,unresolved
unresolved-1574,,,unresolved,,unresolved,,,,unresolved
unresolved-1575,,,unresolved,,unresolved,,,,unresolved
unresolved-1576,,,unresolved,,unresolved,,,,unresolved
unresolved-1577,,,unresolved,,unresolved,,,,unresolved
unresolved-1578,,,unresolved,,unresolved,,,,unresolved
unresolved-1579,,,unresolved,,unresolved,,,,unresolved
unresolved-1580,,,unresolved,,unresolved,,,,unresolved
unresolved-1581,,,unresolved,,unresolved,,,,unresolved
unresolved-1582,,,unresolved,,unresolved,,,,unresolved
unresolved-1583,,,unresolved,,unresolved,,,,unresolved
unresolved-1584,,,unresolved,,unresolved,,,,unresolved
unresolved-1585,,,unresolved,,unresolved,,,,unresolved
unresolved-1586,,,unresolved,,unresolved,,,,unresolved
unresolved-1587,,,unresolved,,unresolved,,,,unresolved
unresolved-1588,,,unresolved,,unresolved,,,,unresolved
unresolved-1589,,,unresolved,,unresolved,,,,unresolved
unresolved-1590,,,unresolved,,unresolved,,,,unresolved
unresolved-1591,,,unresolved,,unresolved,,,,unresolved
unresolved-1592,,,unresolved,,unresolved,,,,unresolved
unresolved-1593,,,unresolved,,unresolved,,,,unresolved
unresolved-1594,,,unresolved,,unresolved,,,,unresolved
unresolved-1595,,,unresolved,,unresolved,,,,unresolved
unresolved-1596,,,unresolved,,unresolved,,,,unresolved
unresolved-1597,,,unresolved,,unresolved,,,,unresolved
unresolved-1598,,,unresolved,,unresolved,,,,unresolved
unresolved-1599,,,unresolved,,unresolved,,,,unresolved
unresolved-1600,,,unresolved,,unresolved,,,,unresolved
unresolved-1601,,,unresolved,,unresolved,,,,unresolved
unresolved-1602,,,unresolved,,unresolved,,,,unresolved
unresolved-1603,,,unresolved,,unresolved,,,,unresolved
unresolved-1604,,,unresolved,,unresolved,,,,unresolved
unresolved-1605,,,unresolved,,unresolved,,,,unresolved
unresolved-1606,,,unresolved,,unresolved,,,,unresolved
unresolved-1607,,,unresolved,,unresolved,,,,unresolved
unresolved-1608,,,unresolved,,unresolved,,,,unresolved
unresolved-1609,,,unresolved,,unresolved,,,,unresolved
unresolved-1610,,,unresolved,,unresolved,,,,unresolved
unresolved-1611,,,unresolved,,unresolved,,,,unresolved
unresolved-1612,,,unresolved,,unresolved,,,,unresolved
unresolved-1613,,,unresolved,,unresolved,,,,unresolved
unresolved-1614,,,unresolved,,unresolved,,,,unresolved
unresolved-1615,,,unresolved,,unresolved,,,,unresolved
unresolved-1616,,,unresolved,,unresolved,,,,unresolved
unresolved-1617,,,unresolved,,unresolved,,,,unresolved
unresolved-1618,,,unresolved,,unresolved,,,,unresolved
unresolved-1619,,,unresolved,,unresolved,,,,unresolved
unresolved-1620,,,unresolved,,unresolved,,,,unresolved
unresolved-1621,,,unresolved,,unresolved,,,,unresolved
unresolved-1622,,,unresolved,,unresolved,,,,unresolved
unresolved-1623,,,unresolved,,unresolved,,,,unresolved
unresolved-1624,,,unresolved,,unresolved,,,,unresolved
unresolved-1625,,,unresolved,,unresolved,,,,unresolved
unresolved-1626,,,unresolved,,unresolved,,,,unresolved
unresolved-1627,,,unresolved,,unresolved,,,,unresolved
unresolved-1628,,,unresolved,,unresolved,,,,unresolved
unresolved-1629,,,unresolved,,unresolved,,,,unresolved
unresolved-1630,,,unresolved,,unresolved,,,,unresolved
unresolved-1631,,,unresolved,,unresolved,,,,unresolved
unresolved-1632,,,unresolved,,unresolved,,,,unresolved
unresolved-1633,,,unresolved,,unresolved,,,,unresolved
unresolved-1634,,,unresolved,,unresolved,,,,unresolved
unresolved-1635,,,unresolved,,unresolved,,,,unresolved
unresolved-1636,,,unresolved,,unresolved,,,,unresolved
unresolved-1637,,,unresolved,,unresolved,,,,unresolved
unresolved-1638,,,unresolved,,unresolved,,,,unresolved
unresolved-1639,,,unresolved,,unresolved,,,,unresolved
unresolved-1640,,,unresolved,,unresolved,,,,unresolved
unresolved-1641,,,unresolved,,unresolved,,,,unresolved
unresolved-1642,,,unresolved,,unresolved,,,,unresolved
unresolved-1643,,,unresolved,,unresolved,,,,unresolved
unresolved-1644,,,unresolved,,unresolved,,,,unresolved
unresolved-1645,,,unresolved,,unresolved,,,,unresolved
unresolved-1646,,,unresolved,,unresolved,,,,unresolved
unresolved-1647,,,unresolved,,unresolved,,,,unresolved
unresolved-1648,,,unresolved,,unresolved,,,,unresolved
unresolved-1649,,,unresolved,,unresolved,,,,unresolved
unresolved-1650,,,unresolved,,unresolved,,,,unresolved
unresolved-1651,,,unresolved,,unresolved,,,,unresolved
unresolved-1652,,,unresolved,,unresolved,,,,unresolved
unresolved-1653,,,unresolved,,unresolved,,,,unresolved
unresolved-1654,,,unresolved,,unresolved,,,,unresolved
unresolved-1655,,,unresolved,,unresolved,,,,unresolved
unresolved-1656,,,unresolved,,unresolved,,,,unresolved
unresolved-1657,,,unresolved,,unresolved,,,,unresolved
unresolved-1658,,,unresolved,,unresolved,,,,unresolved
unresolved-1659,,,unresolved,,unresolved,,,,unresolved
unresolved-1660,,,unresolved,,unresolved,,,,unresolved
unresolved-1661,,,unresolved,,unresolved,,,,unresolved
unresolved-1662,,,unresolved,,unresolved,,,,unresolved
unresolved-1663,,,unresolved,,unresolved,,,,unresolved
unresolved-1664,,,unresolved,,unresolved,,,,unresolved
unresolved-1665,,,unresolved,,unresolved,,,,unresolved
unresolved-1666,,,unresolved,,unresolved,,,,unresolved
unresolved-1667,,,unresolved,,unresolved,,,,unresolved
unresolved-1668,,,unresolved,,unresolved,,,,unresolved
unresolved-1669,,,unresolved,,unresolved,,,,unresolved
unresolved-1670,,,unresolved,,unresolved,,,,unresolved
unresolved-1671,,,unresolved,,unresolved,,,,unresolved
unresolved-1672,,,unresolved,,unresolved,,,,unresolved
unresolved-1673,,,unresolved,,unresolved,,,,unresolved
unresolved-1674,,,unresolved,,unresolved,,,,unresolved
unresolved-1675,,,unresolved,,unresolved,,,,unresolved
unresolved-1676,,,unresolved,,unresolved,,,,unresolved
unresolved-1677,,,unresolved,,unresolved,,,,unresolved
unresolved-1678,,,unresolved,,unresolved,,,,unresolved
unresolved-1679,,,unresolved,,unresolved,,,,unresolved
unresolved-1680,,,unresolved,,unresolved,,,,unresolved
unresolved-1681,,,unresolved,,unresolved,,,,unresolved
unresolved-1682,,,unresolved,,unresolved,,,,unresolved
unresolved-1683,,,unresolved,,unresolved,,,,unresolved
unresolved-1684,,,unresolved,,unresolved,,,,unresolved
unresolved-1685,,,unresolved,,unresolved,,,,unresolved
unresolved-1686,,,unresolved,,unresolved,,,,unresolved
unresolved-1687,,,unresolved,,unresolved,,,,unresolved
unresolved-1688,,,unresolved,,unresolved,,,,unresolved
unresolved-1689,,,unresolved,,unresolved,,,,unresolved
unresolved-1690,,,unresolved,,unresolved,,,,unresolved
unresolved-1691,,,unresolved,,unresolved,,,,unresolved
unresolved-1692,,,unresolved,,unresolved,,,,unresolved
unresolved-1693,,,unresolved,,unresolved,,,,unresolved
unresolved-1694,,,unresolved,,unresolved,,,,unresolved
unresolved-1695,,,unresolved,,unresolved,,,,unresolved
unresolved-1696,,,unresolved,,unresolved,,,,unresolved
unresolved-1697,,,unresolved,,unresolved,,,,unresolved
unresolved-1698,,,unresolved,,unresolved,,,,unresolved
unresolved-1699,,,unresolved,,unresolved,,,,unresolved
unresolved-1700,,,unresolved,,unresolved,,,,unresolved
unresolved-1701,,,unresolved,,unresolved,,,,unresolved
unresolved-1702,,,unresolved,,unresolved,,,,unresolved
unresolved-1703,,,unresolved,,unresolved,,,,unresolved
unresolved-1704,,,unresolved,,unresolved,,,,unresolved
unresolved-1705,,,unresolved,,unresolved,,,,unresolved
unresolved-1706,,,unresolved,,unresolved,,,,unresolved
unresolved-1707,,,unresolved,,unresolved,,,,unresolved
unresolved-1708,,,unresolved,,unresolved,,,,unresolved
unresolved-1709,,,unresolved,,unresolved,,,,unresolved
unresolved-1710,,,unresolved,,unresolved,,,,unresolved
unresolved-1711,,,unresolved,,unresolved,,,,unresolved
unresolved-1712,,,unresolved,,unresolved,,,,unresolved
unresolved-1713,,,unresolved,,unresolved,,,,unresolved
unresolved-1714,,,unresolved,,unresolved,,,,unresolved
unresolved-1715,,,unresolved,,unresolved,,,,unresolved
unresolved-1716,,,unresolved,,unresolved,,,,unresolved
unresolved-1717,,,unresolved,,unresolved,,,,unresolved
unresolved-1718,,,unresolved,,unresolved,,,,unresolved
unresolved-1719,,,unresolved,,unresolved,,,,unresolved
unresolved-1720,,,unresolved,,unresolved,,,,unresolved
unresolved-1721,,,unresolved,,unresolved,,,,unresolved
unresolved-1722,,,unresolved,,unresolved,,,,unresolved
unresolved-1723,,,unresolved,,unresolved,,,,unresolved
unresolved-1724,,,unresolved,,unresolved,,,,unresolved
unresolved-1725,,,unresolved,,unresolved,,,,unresolved
unresolved-1726,,,unresolved,,unresolved,,,,unresolved
unresolved-1727,,,unresolved,,unresolved,,,,unresolved
unresolved-1728,,,unresolved,,unresolved,,,,unresolved
unresolved-1729,,,unresolved,,unresolved,,,,unresolved
unresolved-1730,,,unresolved,,unresolved,,,,unresolved
unresolved-1731,,,unresolved,,unresolved,,,,unresolved
unresolved-1732,,,unresolved,,unresolved,,,,unresolved
unresolved-1733,,,unresolved,,unresolved,,,,unresolved
unresolved-1734,,,unresolved,,unresolved,,,,unresolved
unresolved-1735,,,unresolved,,unresolved,,,,unresolved
unresolved-1736,,,unresolved,,unresolved,,,,unresolved
unresolved-1737,,,unresolved,,unresolved,,,,unresolved
unresolved-1738,,,unresolved,,unresolved,,,,unresolved
unresolved-1739,,,unresolved,,unresolved,,,,unresolved
unresolved-1740,,,unresolved,,unresolved,,,,unresolved
unresolved-1741,,,unresolved,,unresolved,,,,unresolved
unresolved-1742,,,unresolved,,unresolved,,,,unresolved
unresolved-1743,,,unresolved,,unresolved,,,,unresolved
unresolved-1744,,,unresolved,,unresolved,,,,unresolved
unresolved-1745,,,unresolved,,unresolved,,,,unresolved
unresolved-1746,,,unresolved,,unresolved,,,,unresolved
unresolved-1747,,,unresolved,,unresolved,,,,unresolved
unresolved-1748,,,unresolved,,unresolved,,,,unresolved
unresolved-1749,,,unresolved,,unresolved,,,,unresolved
unresolved-1750,,,unresolved,,unresolved,,,,unresolved
unresolved-1751,,,unresolved,,unresolved,,,,unresolved
unresolved-1752,,,unresolved,,unresolved,,,,unresolved
unresolved-1753,,,unresolved,,unresolved,,,,unresolved
unresolved-1754,,,unresolved,,unresolved,,,,unresolved
unresolved-1755,,,unresolved,,unresolved,,,,unresolved
unresolved-1756,,,unresolved,,unresolved,,,,unresolved
unresolved-1757,,,unresolved,,unresolved,,,,unresolved
unresolved-1758,,,unresolved,,unresolved,,,,unresolved
unresolved-1759,,,unresolved,,unresolved,,,,unresolved
unresolved-1760,,,unresolved,,unresolved,,,,unresolved
unresolved-1761,,,unresolved,,unresolved,,,,unresolved
unresolved-1762,,,unresolved,,unresolved,,,,unresolved
unresolved-1763,,,unresolved,,unresolved,,,,unresolved
unresolved-1764,,,unresolved,,unresolved,,,,unresolved
unresolved-1765,,,unresolved,,unresolved,,,,unresolved
unresolved-1766,,,unresolved,,unresolved,,,,unresolved
unresolved-1767,,,unresolved,,unresolved,,,,unresolved
unresolved-1768,,,unresolved,,unresolved,,,,unresolved
unresolved-1769,,,unresolved,,unresolved,,,,unresolved
unresolved-1770,,,unresolved,,unresolved,,,,unresolved
unresolved-1771,,,unresolved,,unresolved,,,,unresolved
unresolved-1772,,,unresolved,,unresolved,,,,unresolved
unresolved-1773,,,unresolved,,unresolved,,,,unresolved
unresolved-1774,,,unresolved,,unresolved,,,,unresolved
unresolved-1775,,,unresolved,,unresolved,,,,unresolved
unresolved-1776,,,unresolved,,unresolved,,,,unresolved
unresolved-1777,,,unresolved,,unresolved,,,,unresolved
unresolved-1778,,,unresolved,,unresolved,,,,unresolved
unresolved-1779,,,unresolved,,unresolved,,,,unresolved
unresolved-1780,,,unresolved,,unresolved,,,,unresolved
unresolved-1781,,,unresolved,,unresolved,,,,unresolved
unresolved-1782,,,unresolved,,unresolved,,,,unresolved
unresolved-1783,,,unresolved,,unresolved,,,,unresolved
unresolved-1784,,,unresolved,,unresolved,,,,unresolved
unresolved-1785,,,unresolved,,unresolved,,,,unresolved
unresolved-1786,,,unresolved,,unresolved,,,,unresolved
unresolved-1787,,,unresolved,,unresolved,,,,unresolved
unresolved-1788,,,unresolved,,unresolved,,,,unresolved
unresolved-1789,,,unresolved,,unresolved,,,,unresolved
unresolved-1790,,,unresolved,,unresolved,,,,unresolved
unresolved-1791,,,unresolved,,unresolved,,,,unresolved
unresolved-1792,,,unresolved,,unresolved,,,,unresolved
unresolved-1793,,,unresolved,,unresolved,,,,unresolved
unresolved-1794,,,unresolved,,unresolved,,,,unresolved
unresolved-1795,,,unresolved,,unresolved,,,,unresolved
unresolved-1796,,,unresolved,,unresolved,,,,unresolved
unresolved-1797,,,unresolved,,unresolved,,,,unresolved
unresolved-1798,,,unresolved,,unresolved,,,,unresolved
unresolved-1799,,,unresolved,,unresolved,,,,unresolved
unresolved-1800,,,unresolved,,unresolved,,,,unresolved
unresolved-1801,,,unresolved,,unresolved,,,,unresolved
unresolved-1802,,,unresolved,,unresolved,,,,unresolved
unresolved-1803,,,unresolved,,unresolved,,,,unresolved
unresolved-1804,,,unresolved,,unresolved,,,,unresolved
unresolved-1805,,,unresolved,,unresolved,,,,unresolved
unresolved-1806,,,unresolved,,unresolved,,,,unresolved
unresolved-1807,,,unresolved,,unresolved,,,,unresolved
unresolved-1808,,,unresolved,,unresolved,,,,unresolved
unresolved-1809,,,unresolved,,unresolved,,,,unresolved
unresolved-1810,,,unresolved,,unresolved,,,,unresolved
unresolved-1811,,,unresolved,,unresolved,,,,unresolved
unresolved-1812,,,unresolved,,unresolved,,,,unresolved
unresolved-1813,,,unresolved,,unresolved,,,,unresolved
unresolved-1814,,,unresolved,,unresolved,,,,unresolved
unresolved-1815,,,unresolved,,unresolved,,,,unresolved
unresolved-1816,,,unresolved,,unresolved,,,,unresolved
unresolved-1817,,,unresolved,,unresolved,,,,unresolved
unresolved-1818,,,unresolved,,unresolved,,,,unresolved
unresolved-1819,,,unresolved,,unresolved,,,,unresolved
unresolved-1820,,,unresolved,,unresolved,,,,unresolved
unresolved-1821,,,unresolved,,unresolved,,,,unresolved
unresolved-1822,,,unresolved,,unresolved,,,,unresolved
unresolved-1823,,,unresolved,,unresolved,,,,unresolved
unresolved-1824,,,unresolved,,unresolved,,,,unresolved
unresolved-1825,,,unresolved,,unresolved,,,,unresolved
unresolved-1826,,,unresolved,,unresolved,,,,unresolved
unresolved-1827,,,unresolved,,unresolved,,,,unresolved
unresolved-1828,,,unresolved,,unresolved,,,,unresolved
unresolved-1829,,,unresolved,,unresolved,,,,unresolved
unresolved-1830,,,unresolved,,unresolved,,,,unresolved
unresolved-1831,,,unresolved,,unresolved,,,,unresolved
unresolved-1832,,,unresolved,,unresolved,,,,unresolved
unresolved-1833,,,unresolved,,unresolved,,,,unresolved
unresolved-1834,,,unresolved,,unresolved,,,,unresolved
unresolved-1835,,,unresolved,,unresolved,,,,unresolved
unresolved-1836,,,unresolved,,unresolved,,,,unresolved
unresolved-1837,,,unresolved,,unresolved,,,,unresolved
unresolved-1838,,,unresolved,,unresolved,,,,unresolved
unresolved-1839,,,unresolved,,unresolved,,,,unresolved
unresolved-1840,,,unresolved,,unresolved,,,,unresolved
unresolved-1841,,,unresolved,,unresolved,,,,unresolved
unresolved-1842,,,unresolved,,unresolved,,,,unresolved
unresolved-1843,,,unresolved,,unresolved,,,,unresolved
unresolved-1844,,,unresolved,,unresolved,,,,unresolved
unresolved-1845,,,unresolved,,unresolved,,,,unresolved
unresolved-1846,,,unresolved,,unresolved,,,,unresolved
unresolved-1847,,,unresolved,,unresolved,,,,unresolved
unresolved-1848,,,unresolved,,unresolved,,,,unresolved
unresolved-1849,,,unresolved,,unresolved,,,,unresolved
unresolved-1850,,,unresolved,,unresolved,,,,unresolved
unresolved-1851,,,unresolved,,unresolved,,,,unresolved
unresolved-1852,,,unresolved,,unresolved,,,,unresolved
unresolved-1853,,,unresolved,,unresolved,,,,unresolved
unresolved-1854,,,unresolved,,unresolved,,,,unresolved
unresolved-1855,,,unresolved,,unresolved,,,,unresolved
unresolved-1856,,,unresolved,,unresolved,,,,unresolved
unresolved-1857,,,unresolved,,unresolved,,,,unresolved
unresolved-1858,,,unresolved,,unresolved,,,,unresolved
unresolved-1859,,,unresolved,,unresolved,,,,unresolved
unresolved-1860,,,unresolved,,unresolved,,,,unresolved
unresolved-1861,,,unresolved,,unresolved,,,,unresolved
unresolved-1862,,,unresolved,,unresolved,,,,unresolved
unresolved-1863,,,unresolved,,unresolved,,,,unresolved
unresolved-1864,,,unresolved,,unresolved,,,,unresolved
unresolved-1865,,,unresolved,,unresolved,,,,unresolved
unresolved-1866,,,unresolved,,unresolved,,,,unresolved
unresolved-1867,,,unresolved,,unresolved,,,,unresolved
unresolved-1868,,,unresolved,,unresolved,,,,unresolved
unresolved-1869,,,unresolved,,unresolved,,,,unresolved
unresolved-1870,,,unresolved,,unresolved,,,,unresolved
unresolved-1871,,,unresolved,,unresolved,,,,unresolved
unresolved-1872,,,unresolved,,unresolved,,,,unresolved
unresolved-1873,,,unresolved,,unresolved,,,,unresolved
unresolved-1874,,,unresolved,,unresolved,,,,unresolved
unresolved-1875,,,unresolved,,unresolved,,,,unresolved
unresolved-1876,,,unresolved,,unresolved,,,,unresolved
unresolved-1877,,,unresolved,,unresolved,,,,unresolved
unresolved-1878,,,unresolved,,unresolved,,,,unresolved
unresolved-1879,,,unresolved,,unresolved,,,,unresolved
unresolved-1880,,,unresolved,,unresolved,,,,unresolved
unresolved-1881,,,unresolved,,unresolved,,,,unresolved
unresolved-1882,,,unresolved,,unresolved,,,,unresolved
unresolved-1883,,,unresolved,,unresolved,,,,unresolved
unresolved-1884,,,unresolved,,unresolved,,,,unresolved
unresolved-1885,,,unresolved,,unresolved,,,,unresolved
unresolved-1886,,,unresolved,,unresolved,,,,unresolved
unresolved-1887,,,unresolved,,unresolved,,,,unresolved
unresolved-1888,,,unresolved,,unresolved,,,,unresolved
unresolved-1889,,,unresolved,,unresolved,,,,unresolved
unresolved-1890,,,unresolved,,unresolved,,,,unresolved
unresolved-1891,,,unresolved,,unresolved,,,,unresolved
unresolved-1892,,,unresolved,,unresolved,,,,unresolved
unresolved-1893,,,unresolved,,unresolved,,,,unresolved
unresolved-1894,,,unresolved,,unresolved,,,,unresolved
unresolved-1895,,,unresolved,,unresolved,,,,unresolved
unresolved-1896,,,unresolved,,unresolved,,,,unresolved
unresolved-1897,,,unresolved,,unresolved,,,,unresolved
unresolved-1898,,,unresolved,,unresolved,,,,unresolved
unresolved-1899,,,unresolved,,unresolved,,,,unresolved
unresolved-1900,,,unresolved,,unresolved,,,,unresolved
unresolved-1901,,,unresolved,,unresolved,,,,unresolved
unresolved-1902,,,unresolved,,unresolved,,,,unresolved
unresolved-1903,,,unresolved,,unresolved,,,,unresolved
unresolved-1904,,,unresolved,,unresolved,,,,unresolved
unresolved-1905,,,unresolved,,unresolved,,,,unresolved
unresolved-1906,,,unresolved,,unresolved,,,,unresolved
unresolved-1907,,,unresolved,,unresolved,,,,unresolved
unresolved-1908,,,unresolved,,unresolved,,,,unresolved
unresolved-1909,,,unresolved,,unresolved,,,,unresolved
unresolved-1910,,,unresolved,,unresolved,,,,unresolved
unresolved-1911,,,unresolved,,unresolved,,,,unresolved
unresolved-1912,,,unresolved,,unresolved,,,,unresolved
unresolved-1913,,,unresolved,,unresolved,,,,unresolved
unresolved-1914,,,unresolved,,unresolved,,,,unresolved
unresolved-1915,,,unresolved,,unresolved,,,,unresolved
unresolved-1916,,,unresolved,,unresolved,,,,unresolved
unresolved-1917,,,unresolved,,unresolved,,,,unresolved
unresolved-1918,,,unresolved,,unresolved,,,,unresolved
unresolved-1919,,,unresolved,,unresolved,,,,unresolved
unresolved-1920,,,unresolved,,unresolved,,,,unresolved
unresolved-1921,,,unresolved,,unresolved,,,,unresolved
unresolved-1922,,,unresolved,,unresolved,,,,unresolved
unresolved-1923,,,unresolved,,unresolved,,,,unresolved
unresolved-1924,,,unresolved,,unresolved,,,,unresolved
unresolved-1925,,,unresolved,,unresolved,,,,unresolved
unresolved-1926,,,unresolved,,unresolved,,,,unresolved
unresolved-1927,,,unresolved,,unresolved,,,,unresolved
unresolved-1928,,,unresolved,,unresolved,,,,unresolved
unresolved-1929,,,unresolved,,unresolved,,,,unresolved
unresolved-1930,,,unresolved,,unresolved,,,,unresolved
unresolved-1931,,,unresolved,,unresolved,,,,unresolved
unresolved-1932,,,unresolved,,unresolved,,,,unresolved
unresolved-1933,,,unresolved,,unresolved,,,,unresolved
unresolved-1934,,,unresolved,,unresolved,,,,unresolved
unresolved-1935,,,unresolved,,unresolved,,,,unresolved
unresolved-1936,,,unresolved,,unresolved,,,,unresolved
unresolved-1937,,,unresolved,,unresolved,,,,unresolved
unresolved-1938,,,unresolved,,unresolved,,,,unresolved
unresolved-1939,,,unresolved,,unresolved,,,,unresolved
unresolved-1940,,,unresolved,,unresolved,,,,unresolved
unresolved-1941,,,unresolved,,unresolved,,,,unresolved
unresolved-1942,,,unresolved,,unresolved,,,,unresolved
unresolved-1943,,,unresolved,,unresolved,,,,unresolved
unresolved-1944,,,unresolved,,unresolved,,,,unresolved
unresolved-1945,,,unresolved,,unresolved,,,,unresolved
unresolved-1946,,,unresolved,,unresolved,,,,unresolved
unresolved-1947,,,unresolved,,unresolved,,,,unresolved
unresolved-1948,,,unresolved,,unresolved,,,,unresolved
unresolved-1949,,,unresolved,,unresolved,,,,unresolved
unresolved-1950,,,unresolved,,unresolved,,,,unresolved
unresolved-1951,,,unresolved,,unresolved,,,,unresolved
unresolved-1952,,,unresolved,,unresolved,,,,unresolved
unresolved-1953,,,unresolved,,unresolved,,,,unresolved
unresolved-1954,,,unresolved,,unresolved,,,,unresolved
unresolved-1955,,,unresolved,,unresolved,,,,unresolved
unresolved-1956,,,unresolved,,unresolved,,,,unresolved
unresolved-1957,,,unresolved,,unresolved,,,,unresolved
unresolved-1958,,,unresolved,,unresolved,,,,unresolved
unresolved-1959,,,unresolved,,unresolved,,,,unresolved
unresolved-1960,,,unresolved,,unresolved,,,,unresolved
unresolved-1961,,,unresolved,,unresolved,,,,unresolved
unresolved-1962,,,unresolved,,unresolved,,,,unresolved
unresolved-1963,,,unresolved,,unresolved,,,,unresolved
unresolved-1964,,,unresolved,,unresolved,,,,unresolved
unresolved-1965,,,unresolved,,unresolved,,,,unresolved
unresolved-1966,,,unresolved,,unresolved,,,,unresolved
unresolved-1967,,,unresolved,,unresolved,,,,unresolved
unresolved-1968,,,unresolved,,unresolved,,,,unresolved
unresolved-1969,,,unresolved,,unresolved,,,,unresolved
unresolved-1970,,,unresolved,,unresolved,,,,unresolved
unresolved-1971,,,unresolved,,unresolved,,,,unresolved
unresolved-1972,,,unresolved,,unresolved,,,,unresolved
unresolved-1973,,,unresolved,,unresolved,,,,unresolved
unresolved-1974,,,unresolved,,unresolved,,,,unresolved
unresolved-1975,,,unresolved,,unresolved,,,,unresolved
unresolved-1976,,,unresolved,,unresolved,,,,unresolved
unresolved-1977,,,unresolved,,unresolved,,,,unresolved
unresolved-1978,,,unresolved,,unresolved,,,,unresolved
unresolved-1979,,,unresolved,,unresolved,,,,unresolved
unresolved-1980,,,unresolved,,unresolved,,,,unresolved
unresolved-1981,,,unresolved,,unresolved,,,,unresolved
unresolved-1982,,,unresolved,,unresolved,,,,unresolved
unresolved-1983,,,unresolved,,unresolved,,,,unresolved
unresolved-1984,,,unresolved,,unresolved,,,,unresolved
unresolved-1985,,,unresolved,,unresolved,,,,unresolved
unresolved-1986,,,unresolved,,unresolved,,,,unresolved
unresolved-1987,,,unresolved,,unresolved,,,,unresolved
unresolved-1988,,,unresolved,,unresolved,,,,unresolved
unresolved-1989,,,unresolved,,unresolved,,,,unresolved
unresolved-1990,,,unresolved,,unresolved,,,,unresolved
unresolved-1991,,,unresolved,,unresolved,,,,unresolved
unresolved-1992,,,unresolved,,unresolved,,,,unresolved
unresolved-1993,,,unresolved,,unresolved,,,,unresolved
unresolved-1994,,,unresolved,,unresolved,,,,unresolved
unresolved-1995,,,unresolved,,unresolved,,,,unresolved
unresolved-1996,,,unresolved,,unresolved,,,,unresolved
unresolved-1997,,,unresolved,,unresolved,,,,unresolved
unresolved-1998,,,unresolved,,unresolved,,,,unresolved
unresolved-1999,,,unresolved,,unresolved,,,,unresolved
unresolved-2000,,,unresolved,,unresolved,,,,unresolved
unresolved-2001,,,unresolved,,unresolved,,,,unresolved
unresolved-2002,,,unresolved,,unresolved,,,,unresolved
unresolved-2003,,,unresolved,,unresolved,,,,unresolved
unresolved-2004,,,unresolved,,unresolved,,,,unresolved
unresolved-2005,,,unresolved,,unresolved,,,,unresolved
unresolved-2006,,,unresolved,,unresolved,,,,unresolved
unresolved-2007,,,unresolved,,unresolved,,,,unresolved
unresolved-2008,,,unresolved,,unresolved,,,,unresolved
unresolved-2009,,,unresolved,,unresolved,,,,unresolved
unresolved-2010,,,unresolved,,unresolved,,,,unresolved
unresolved-2011,,,unresolved,,unresolved,,,,unresolved
unresolved-2012,,,unresolved,,unresolved,,,,unresolved
unresolved-2013,,,unresolved,,unresolved,,,,unresolved
unresolved-2014,,,unresolved,,unresolved,,,,unresolved
unresolved-2015,,,unresolved,,unresolved,,,,unresolved
unresolved-2016,,,unresolved,,unresolved,,,,unresolved
unresolved-2017,,,unresolved,,unresolved,,,,unresolved
unresolved-2018,,,unresolved,,unresolved,,,,unresolved
unresolved-2019,,,unresolved,,unresolved,,,,unresolved
unresolved-2020,,,unresolved,,unresolved,,,,unresolved
unresolved-2021,,,unresolved,,unresolved,,,,unresolved
unresolved-2022,,,unresolved,,unresolved,,,,unresolved
unresolved-2023,,,unresolved,,unresolved,,,,unresolved
unresolved-2024,,,unresolved,,unresolved,,,,unresolved
unresolved-2025,,,unresolved,,unresolved,,,,unresolved
unresolved-2026,,,unresolved,,unresolved,,,,unresolved
unresolved-2027,,,unresolved,,unresolved,,,,unresolved
unresolved-2028,,,unresolved,,unresolved,,,,unresolved
unresolved-2029,,,unresolved,,unresolved,,,,unresolved
unresolved-2030,,,unresolved,,unresolved,,,,unresolved
unresolved-2031,,,unresolved,,unresolved,,,,unresolved
unresolved-2032,,,unresolved,,unresolved,,,,unresolved
unresolved-2033,,,unresolved,,unresolved,,,,unresolved
unresolved-2034,,,unresolved,,unresolved,,,,unresolved
unresolved-2035,,,unresolved,,unresolved,,,,unresolved
unresolved-2036,,,unresolved,,unresolved,,,,unresolved
unresolved-2037,,,unresolved,,unresolved,,,,unresolved
unresolved-2038,,,unresolved,,unresolved,,,,unresolved
unresolved-2039,,,unresolved,,unresolved,,,,unresolved
unresolved-2040,,,unresolved,,unresolved,,,,unresolved
unresolved-2041,,,unresolved,,unresolved,,,,unresolved
unresolved-2042,,,unresolved,,unresolved,,,,unresolved
unresolved-2043,,,unresolved,,unresolved,,,,unresolved
unresolved-2044,,,unresolved,,unresolved,,,,unresolved
unresolved-2045,,,unresolved,,unresolved,,,,unresolved
unresolved-2046,,,unresolved,,unresolved,,,,unresolved
unresolved-2047,,,unresolved,,unresolved,,,,unresolved
unresolved-2048,,,unresolved,,unresolved,,,,unresolved
unresolved-2049,,,unresolved,,unresolved,,,,unresolved
unresolved-2050,,,unresolved,,unresolved,,,,unresolved
unresolved-2051,,,unresolved,,unresolved,,,,unresolved
unresolved-2052,,,unresolved,,unresolved,,,,unresolved
unresolved-2053,,,unresolved,,unresolved,,,,unresolved
unresolved-2054,,,unresolved,,unresolved,,,,unresolved
unresolved-2055,,,unresolved,,unresolved,,,,unresolved
unresolved-2056,,,unresolved,,unresolved,,,,unresolved
unresolved-2057,,,unresolved,,unresolved,,,,unresolved
unresolved-2058,,,unresolved,,unresolved,,,,unresolved
unresolved-2059,,,unresolved,,unresolved,,,,unresolved
unresolved-2060,,,unresolved,,unresolved,,,,unresolved
unresolved-2061,,,unresolved,,unresolved,,,,unresolved
unresolved-2062,,,unresolved,,unresolved,,,,unresolved
unresolved-2063,,,unresolved,,unresolved,,,,unresolved
unresolved-2064,,,unresolved,,unresolved,,,,unresolved
unresolved-2065,,,unresolved,,unresolved,,,,unresolved
unresolved-2066,,,unresolved,,unresolved,,,,unresolved
unresolved-2067,,,unresolved,,unresolved,,,,unresolved
unresolved-2068,,,unresolved,,unresolved,,,,unresolved
unresolved-2069,,,unresolved,,unresolved,,,,unresolved
unresolved-2070,,,unresolved,,unresolved,,,,unresolved
unresolved-2071,,,unresolved,,unresolved,,,,unresolved
unresolved-2072,,,unresolved,,unresolved,,,,unresolved
unresolved-2073,,,unresolved,,unresolved,,,,unresolved
unresolved-2074,,,unresolved,,unresolved,,,,unresolved
unresolved-2075,,,unresolved,,unresolved,,,,unresolved
unresolved-2076,,,unresolved,,unresolved,,,,unresolved
unresolved-2077,,,unresolved,,unresolved,,,,unresolved
unresolved-2078,,,unresolved,,unresolved,,,,unresolved
unresolved-2079,,,unresolved,,unresolved,,,,unresolved
unresolved-2080,,,unresolved,,unresolved,,,,unresolved
unresolved-2081,,,unresolved,,unresolved,,,,unresolved
unresolved-2082,,,unresolved,,unresolved,,,,unresolved
unresolved-2083,,,unresolved,,unresolved,,,,unresolved
unresolved-2084,,,unresolved,,unresolved,,,,unresolved
unresolved-2085,,,unresolved,,unresolved,,,,unresolved
unresolved-2086,,,unresolved,,unresolved,,,,unresolved
unresolved-2087,,,unresolved,,unresolved,,,,unresolved
unresolved-2088,,,unresolved,,unresolved,,,,unresolved
unresolved-2089,,,unresolved,,unresolved,,,,unresolved
unresolved-2090,,,unresolved,,unresolved,,,,unresolved
unresolved-2091,,,unresolved,,unresolved,,,,unresolved
unresolved-2092,,,unresolved,,unresolved,,,,unresolved
unresolved-2093,,,unresolved,,unresolved,,,,unresolved
unresolved-2094,,,unresolved,,unresolved,,,,unresolved
unresolved-2095,,,unresolved,,unresolved,,,,unresolved
unresolved-2096,,,unresolved,,unresolved,,,,unresolved
unresolved-2097,,,unresolved,,unresolved,,,,unresolved
unresolved-2098,,,unresolved,,unresolved,,,,unresolved
unresolved-2099,,,unresolved,,unresolved,,,,unresolved
unresolved-2100,,,unresolved,,unresolved,,,,unresolved
unresolved-2101,,,unresolved,,unresolved,,,,unresolved
unresolved-2102,,,unresolved,,unresolved,,,,unresolved
unresolved-2103,,,unresolved,,unresolved,,,,unresolved
unresolved-2104,,,unresolved,,unresolved,,,,unresolved
unresolved-2105,,,unresolved,,unresolved,,,,unresolved
unresolved-2106,,,unresolved,,unresolved,,,,unresolved
unresolved-2107,,,unresolved,,unresolved,,,,unresolved
unresolved-2108,,,unresolved,,unresolved,,,,unresolved
unresolved-2109,,,unresolved,,unresolved,,,,unresolved
unresolved-2110,,,unresolved,,unresolved,,,,unresolved
unresolved-2111,,,unresolved,,unresolved,,,,unresolved
unresolved-2112,,,unresolved,,unresolved,,,,unresolved
unresolved-2113,,,unresolved,,unresolved,,,,unresolved
unresolved-2114,,,unresolved,,unresolved,,,,unresolved
unresolved-2115,,,unresolved,,unresolved,,,,unresolved
unresolved-2116,,,unresolved,,unresolved,,,,unresolved
unresolved-2117,,,unresolved,,unresolved,,,,unresolved
unresolved-2118,,,unresolved,,unresolved,,,,unresolved
unresolved-2119,,,unresolved,,unresolved,,,,unresolved
unresolved-2120,,,unresolved,,unresolved,,,,unresolved
unresolved-2121,,,unresolved,,unresolved,,,,unresolved
unresolved-2122,,,unresolved,,unresolved,,,,unresolved
unresolved-2123,,,unresolved,,unresolved,,,,unresolved
unresolved-2124,,,unresolved,,unresolved,,,,unresolved
unresolved-2125,,,unresolved,,unresolved,,,,unresolved
unresolved-2126,,,unresolved,,unresolved,,,,unresolved
unresolved-2127,,,unresolved,,unresolved,,,,unresolved
unresolved-2128,,,unresolved,,unresolved,,,,unresolved
unresolved-2129,,,unresolved,,unresolved,,,,unresolved
unresolved-2130,,,unresolved,,unresolved,,,,unresolved
unresolved-2131,,,unresolved,,unresolved,,,,unresolved
unresolved-2132,,,unresolved,,unresolved,,,,unresolved
unresolved-2133,,,unresolved,,unresolved,,,,unresolved
unresolved-2134,,,unresolved,,unresolved,,,,unresolved
unresolved-2135,,,unresolved,,unresolved,,,,unresolved
unresolved-2136,,,unresolved,,unresolved,,,,unresolved
unresolved-2137,,,unresolved,,unresolved,,,,unresolved
unresolved-2138,,,unresolved,,unresolved,,,,unresolved
unresolved-2139,,,unresolved,,unresolved,,,,unresolved
unresolved-2140,,,unresolved,,unresolved,,,,unresolved
unresolved-2141,,,unresolved,,unresolved,,,,unresolved
unresolved-2142,,,unresolved,,unresolved,,,,unresolved
unresolved-2143,,,unresolved,,unresolved,,,,unresolved
unresolved-2144,,,unresolved,,unresolved,,,,unresolved
unresolved-2145,,,unresolved,,unresolved,,,,unresolved
unresolved-2146,,,unresolved,,unresolved,,,,unresolved
unresolved-2147,,,unresolved,,unresolved,,,,unresolved
unresolved-2148,,,unresolved,,unresolved,,,,unresolved
unresolved-2149,,,unresolved,,unresolved,,,,unresolved
unresolved-2150,,,unresolved,,unresolved,,,,unresolved
unresolved-2151,,,unresolved,,unresolved,,,,unresolved
unresolved-2152,,,unresolved,,unresolved,,,,unresolved
unresolved-2153,,,unresolved,,unresolved,,,,unresolved
unresolved-2154,,,unresolved,,unresolved,,,,unresolved
unresolved-2155,,,unresolved,,unresolved,,,,unresolved
unresolved-2156,,,unresolved,,unresolved,,,,unresolved
unresolved-2157,,,unresolved,,unresolved,,,,unresolved
unresolved-2158,,,unresolved,,unresolved,,,,unresolved
unresolved-2159,,,unresolved,,unresolved,,,,unresolved
unresolved-2160,,,unresolved,,unresolved,,,,unresolved
unresolved-2161,,,unresolved,,unresolved,,,,unresolved
unresolved-2162,,,unresolved,,unresolved,,,,unresolved
unresolved-2163,,,unresolved,,unresolved,,,,unresolved
unresolved-2164,,,unresolved,,unresolved,,,,unresolved
unresolved-2165,,,unresolved,,unresolved,,,,unresolved
unresolved-2166,,,unresolved,,unresolved,,,,unresolved
unresolved-2167,,,unresolved,,unresolved,,,,unresolved
unresolved-2168,,,unresolved,,unresolved,,,,unresolved
unresolved-2169,,,unresolved,,unresolved,,,,unresolved
unresolved-2170,,,unresolved,,unresolved,,,,unresolved
unresolved-2171,,,unresolved,,unresolved,,,,unresolved
unresolved-2172,,,unresolved,,unresolved,,,,unresolved
unresolved-2173,,,unresolved,,unresolved,,,,unresolved
unresolved-2174,,,unresolved,,unresolved,,,,unresolved
unresolved-2175,,,unresolved,,unresolved,,,,unresolved
unresolved-2176,,,unresolved,,unresolved,,,,unresolved
unresolved-2177,,,unresolved,,unresolved,,,,unresolved
unresolved-2178,,,unresolved,,unresolved,,,,unresolved
unresolved-2179,,,unresolved,,unresolved,,,,unresolved
unresolved-2180,,,unresolved,,unresolved,,,,unresolved
unresolved-2181,,,unresolved,,unresolved,,,,unresolved
unresolved-2182,,,unresolved,,unresolved,,,,unresolved
unresolved-2183,,,unresolved,,unresolved,,,,unresolved
unresolved-2184,,,unresolved,,unresolved,,,,unresolved
unresolved-2185,,,unresolved,,unresolved,,,,unresolved
unresolved-2186,,,unresolved,,unresolved,,,,unresolved
unresolved-2187,,,unresolved,,unresolved,,,,unresolved
unresolved-2188,,,unresolved,,unresolved,,,,unresolved
unresolved-2189,,,unresolved,,unresolved,,,,unresolved
unresolved-2190,,,unresolved,,unresolved,,,,unresolved
unresolved-2191,,,unresolved,,unresolved,,,,unresolved
unresolved-2192,,,unresolved,,unresolved,,,,unresolved
unresolved-2193,,,unresolved,,unresolved,,,,unresolved
unresolved-2194,,,unresolved,,unresolved,,,,unresolved
unresolved-2195,,,unresolved,,unresolved,,,,unresolved
unresolved-2196,,,unresolved,,unresolved,,,,unresolved
unresolved-2197,,,unresolved,,unresolved,,,,unresolved
unresolved-2198,,,unresolved,,unresolved,,,,unresolved
unresolved-2199,,,unresolved,,unresolved,,,,unresolved
unresolved-2200,,,unresolved,,unresolved,,,,unresolved
unresolved-2201,,,unresolved,,unresolved,,,,unresolved
unresolved-2202,,,unresolved,,unresolved,,,,unresolved
unresolved-2203,,,unresolved,,unresolved,,,,unresolved
unresolved-2204,,,unresolved,,unresolved,,,,unresolved
unresolved-2205,,,unresolved,,unresolved,,,,unresolved
unresolved-2206,,,unresolved,,unresolved,,,,unresolved
unresolved-2207,,,unresolved,,unresolved,,,,unresolved
unresolved-2208,,,unresolved,,unresolved,,,,unresolved
unresolved-2209,,,unresolved,,unresolved,,,,unresolved
unresolved-2210,,,unresolved,,unresolved,,,,unresolved
unresolved-2211,,,unresolved,,unresolved,,,,unresolved
unresolved-2212,,,unresolved,,unresolved,,,,unresolved
unresolved-2213,,,unresolved,,unresolved,,,,unresolved
unresolved-2214,,,unresolved,,unresolved,,,,unresolved
unresolved-2215,,,unresolved,,unresolved,,,,unresolved
unresolved-2216,,,unresolved,,unresolved,,,,unresolved
unresolved-2217,,,unresolved,,unresolved,,,,unresolved
unresolved-2218,,,unresolved,,unresolved,,,,unresolved
unresolved-2219,,,unresolved,,unresolved,,,,unresolved
unresolved-2220,,,unresolved,,unresolved,,,,unresolved
unresolved-2221,,,unresolved,,unresolved,,,,unresolved
unresolved-2222,,,unresolved,,unresolved,,,,unresolved
unresolved-2223,,,unresolved,,unresolved,,,,unresolved
unresolved-2224,,,unresolved,,unresolved,,,,unresolved
unresolved-2225,,,unresolved,,unresolved,,,,unresolved
unresolved-2226,,,unresolved,,unresolved,,,,unresolved
unresolved-2227,,,unresolved,,unresolved,,,,unresolved
unresolved-2228,,,unresolved,,unresolved,,,,unresolved
unresolved-2229,,,unresolved,,unresolved,,,,unresolved
unresolved-2230,,,unresolved,,unresolved,,,,unresolved
unresolved-2231,,,unresolved,,unresolved,,,,unresolved
unresolved-2232,,,unresolved,,unresolved,,,,unresolved
unresolved-2233,,,unresolved,,unresolved,,,,unresolved
unresolved-2234,,,unresolved,,unresolved,,,,unresolved
unresolved-2235,,,unresolved,,unresolved,,,,unresolved
unresolved-2236,,,unresolved,,unresolved,,,,unresolved
unresolved-2237,,,unresolved,,unresolved,,,,unresolved
unresolved-2238,,,unresolved,,unresolved,,,,unresolved
unresolved-2239,,,unresolved,,unresolved,,,,unresolved
unresolved-2240,,,unresolved,,unresolved,,,,unresolved
unresolved-2241,,,unresolved,,unresolved,,,,unresolved
unresolved-2242,,,unresolved,,unresolved,,,,unresolved
unresolved-2243,,,unresolved,,unresolved,,,,unresolved
unresolved-2244,,,unresolved,,unresolved,,,,unresolved
unresolved-2245,,,unresolved,,unresolved,,,,unresolved
unresolved-2246,,,unresolved,,unresolved,,,,unresolved
unresolved-2247,,,unresolved,,unresolved,,,,unresolved
unresolved-2248,,,unresolved,,unresolved,,,,unresolved
unresolved-2249,,,unresolved,,unresolved,,,,unresolved
unresolved-2250,,,unresolved,,unresolved,,,,unresolved
unresolved-2251,,,unresolved,,unresolved,,,,unresolved
unresolved-2252,,,unresolved,,unresolved,,,,unresolved
unresolved-2253,,,unresolved,,unresolved,,,,unresolved
unresolved-2254,,,unresolved,,unresolved,,,,unresolved
unresolved-2255,,,unresolved,,unresolved,,,,unresolved
unresolved-2256,,,unresolved,,unresolved,,,,unresolved
unresolved-2257,,,unresolved,,unresolved,,,,unresolved
unresolved-2258,,,unresolved,,unresolved,,,,unresolved
unresolved-2259,,,unresolved,,unresolved,,,,unresolved
unresolved-2260,,,unresolved,,unresolved,,,,unresolved
unresolved-2261,,,unresolved,,unresolved,,,,unresolved
unresolved-2262,,,unresolved,,unresolved,,,,unresolved
unresolved-2263,,,unresolved,,unresolved,,,,unresolved
unresolved-2264,,,unresolved,,unresolved,,,,unresolved
unresolved-2265,,,unresolved,,unresolved,,,,unresolved
unresolved-2266,,,unresolved,,unresolved,,,,unresolved
unresolved-2267,,,unresolved,,unresolved,,,,unresolved
unresolved-2268,,,unresolved,,unresolved,,,,unresolved
unresolved-2269,,,unresolved,,unresolved,,,,unresolved
unresolved-2270,,,unresolved,,unresolved,,,,unresolved
unresolved-2271,,,unresolved,,unresolved,,,,unresolved
unresolved-2272,,,unresolved,,unresolved,,,,unresolved
unresolved-2273,,,unresolved,,unresolved,,,,unresolved
unresolved-2274,,,unresolved,,unresolved,,,,unresolved
unresolved-2275,,,unresolved,,unresolved,,,,unresolved
unresolved-2276,,,unresolved,,unresolved,,,,unresolved
unresolved-2277,,,unresolved,,unresolved,,,,unresolved
unresolved-2278,,,unresolved,,unresolved,,,,unresolved
unresolved-2279,,,unresolved,,unresolved,,,,unresolved
unresolved-2280,,,unresolved,,unresolved,,,,unresolved
unresolved-2281,,,unresolved,,unresolved,,,,unresolved
unresolved-2282,,,unresolved,,unresolved,,,,unresolved
unresolved-2283,,,unresolved,,unresolved,,,,unresolved
unresolved-2284,,,unresolved,,unresolved,,,,unresolved
unresolved-2285,,,unresolved,,unresolved,,,,unresolved
unresolved-2286,,,unresolved,,unresolved,,,,unresolved
unresolved-2287,,,unresolved,,unresolved,,,,unresolved
unresolved-2288,,,unresolved,,unresolved,,,,unresolved
unresolved-2289,,,unresolved,,unresolved,,,,unresolved
unresolved-2290,,,unresolved,,unresolved,,,,unresolved
unresolved-2291,,,unresolved,,unresolved,,,,unresolved
unresolved-2292,,,unresolved,,unresolved,,,,unresolved
unresolved-2293,,,unresolved,,unresolved,,,,unresolved
unresolved-2294,,,unresolved,,unresolved,,,,unresolved
unresolved-2295,,,unresolved,,unresolved,,,,unresolved
unresolved-2296,,,unresolved,,unresolved,,,,unresolved
unresolved-2297,,,unresolved,,unresolved,,,,unresolved
unresolved-2298,,,unresolved,,unresolved,,,,unresolved
unresolved-2299,,,unresolved,,unresolved,,,,unresolved
unresolved-2300,,,unresolved,,unresolved,,,,unresolved
unresolved-2301,,,unresolved,,unresolved,,,,unresolved
unresolved-2302,,,unresolved,,unresolved,,,,unresolved
unresolved-2303,,,unresolved,,unresolved,,,,unresolved
unresolved-2304,,,unresolved,,unresolved,,,,unresolved
unresolved-2305,,,unresolved,,unresolved,,,,unresolved
unresolved-2306,,,unresolved,,unresolved,,,,unresolved
unresolved-2307,,,unresolved,,unresolved,,,,unresolved
unresolved-2308,,,unresolved,,unresolved,,,,unresolved
unresolved-2309,,,unresolved,,unresolved,,,,unresolved
unresolved-2310,,,unresolved,,unresolved,,,,unresolved
unresolved-2311,,,unresolved,,unresolved,,,,unresolved
unresolved-2312,,,unresolved,,unresolved,,,,unresolved
unresolved-2313,,,unresolved,,unresolved,,,,unresolved
unresolved-2314,,,unresolved,,unresolved,,,,unresolved
unresolved-2315,,,unresolved,,unresolved,,,,unresolved
unresolved-2316,,,unresolved,,unresolved,,,,unresolved
unresolved-2317,,,unresolved,,unresolved,,,,unresolved
unresolved-2318,,,unresolved,,unresolved,,,,unresolved
unresolved-2319,,,unresolved,,unresolved,,,,unresolved
unresolved-2320,,,unresolved,,unresolved,,,,unresolved
unresolved-2321,,,unresolved,,unresolved,,,,unresolved
unresolved-2322,,,unresolved,,unresolved,,,,unresolved
unresolved-2323,,,unresolved,,unresolved,,,,unresolved
unresolved-2324,,,unresolved,,unresolved,,,,unresolved
unresolved-2325,,,unresolved,,unresolved,,,,unresolved
unresolved-2326,,,unresolved,,unresolved,,,,unresolved
unresolved-2327,,,unresolved,,unresolved,,,,unresolved
unresolved-2328,,,unresolved,,unresolved,,,,unresolved
unresolved-2329,,,unresolved,,unresolved,,,,unresolved
unresolved-2330,,,unresolved,,unresolved,,,,unresolved
unresolved-2331,,,unresolved,,unresolved,,,,unresolved
unresolved-2332,,,unresolved,,unresolved,,,,unresolved
unresolved-2333,,,unresolved,,unresolved,,,,unresolved
unresolved-2334,,,unresolved,,unresolved,,,,unresolved
unresolved-2335,,,unresolved,,unresolved,,,,unresolved
unresolved-2336,,,unresolved,,unresolved,,,,unresolved
unresolved-2337,,,unresolved,,unresolved,,,,unresolved
unresolved-2338,,,unresolved,,unresolved,,,,unresolved
unresolved-2339,,,unresolved,,unresolved,,,,unresolved
unresolved-2340,,,unresolved,,unresolved,,,,unresolved
unresolved-2341,,,unresolved,,unresolved,,,,unresolved
unresolved-2342,,,unresolved,,unresolved,,,,unresolved
unresolved-2343,,,unresolved,,unresolved,,,,unresolved
unresolved-2344,,,unresolved,,unresolved,,,,unresolved
unresolved-2345,,,unresolved,,unresolved,,,,unresolved
unresolved-2346,,,unresolved,,unresolved,,,,unresolved
unresolved-2347,,,unresolved,,unresolved,,,,unresolved
unresolved-2348,,,unresolved,,unresolved,,,,unresolved
unresolved-2349,,,unresolved,,unresolved,,,,unresolved
unresolved-2350,,,unresolved,,unresolved,,,,unresolved
unresolved-2351,,,unresolved,,unresolved,,,,unresolved
unresolved-2352,,,unresolved,,unresolved,,,,unresolved
unresolved-2353,,,unresolved,,unresolved,,,,unresolved
unresolved-2354,,,unresolved,,unresolved,,,,unresolved
unresolved-2355,,,unresolved,,unresolved,,,,unresolved
unresolved-2356,,,unresolved,,unresolved,,,,unresolved
unresolved-2357,,,unresolved,,unresolved,,,,unresolved
unresolved-2358,,,unresolved,,unresolved,,,,unresolved
unresolved-2359,,,unresolved,,unresolved,,,,unresolved
unresolved-2360,,,unresolved,,unresolved,,,,unresolved
unresolved-2361,,,unresolved,,unresolved,,,,unresolved
unresolved-2362,,,unresolved,,unresolved,,,,unresolved
unresolved-2363,,,unresolved,,unresolved,,,,unresolved
unresolved-2364,,,unresolved,,unresolved,,,,unresolved
unresolved-2365,,,unresolved,,unresolved,,,,unresolved
unresolved-2366,,,unresolved,,unresolved,,,,unresolved
unresolved-2367,,,unresolved,,unresolved,,,,unresolved
unresolved-2368,,,unresolved,,unresolved,,,,unresolved
unresolved-2369,,,unresolved,,unresolved,,,,unresolved
unresolved-2370,,,unresolved,,unresolved,,,,unresolved
unresolved-2371,,,unresolved,,unresolved,,,,unresolved
unresolved-2372,,,unresolved,,unresolved,,,,unresolved
unresolved-2373,,,unresolved,,unresolved,,,,unresolved
unresolved-2374,,,unresolved,,unresolved,,,,unresolved
unresolved-2375,,,unresolved,,unresolved,,,,unresolved
unresolved-2376,,,unresolved,,unresolved,,,,unresolved
unresolved-2377,,,unresolved,,unresolved,,,,unresolved
unresolved-2378,,,unresolved,,unresolved,,,,unresolved
unresolved-2379,,,unresolved,,unresolved,,,,unresolved
unresolved-2380,,,unresolved,,unresolved,,,,unresolved
unresolved-2381,,,unresolved,,unresolved,,,,unresolved
unresolved-2382,,,unresolved,,unresolved,,,,unresolved
unresolved-2383,,,unresolved,,unresolved,,,,unresolved
unresolved-2384,,,unresolved,,unresolved,,,,unresolved
unresolved-2385,,,unresolved,,unresolved,,,,unresolved
unresolved-2386,,,unresolved,,unresolved,,,,unresolved
unresolved-2387,,,unresolved,,unresolved,,,,unresolved
unresolved-2388,,,unresolved,,unresolved,,,,unresolved
unresolved-2389,,,unresolved,,unresolved,,,,unresolved
unresolved-2390,,,unresolved,,unresolved,,,,unresolved
unresolved-2391,,,unresolved,,unresolved,,,,unresolved
unresolved-2392,,,unresolved,,unresolved,,,,unresolved
unresolved-2393,,,unresolved,,unresolved,,,,unresolved
unresolved-2394,,,unresolved,,unresolved,,,,unresolved
unresolved-2395,,,unresolved,,unresolved,,,,unresolved
unresolved-2396,,,unresolved,,unresolved,,,,unresolved
unresolved-2397,,,unresolved,,unresolved,,,,unresolved
unresolved-2398,,,unresolved,,unresolved,,,,unresolved
unresolved-2399,,,unresolved,,unresolved,,,,unresolved
unresolved-2400,,,unresolved,,unresolved,,,,unresolved
unresolved-2401,,,unresolved,,unresolved,,,,unresolved
unresolved-2402,,,unresolved,,unresolved,,,,unresolved
unresolved-2403,,,unresolved,,unresolved,,,,unresolved
unresolved-2404,,,unresolved,,unresolved,,,,unresolved
unresolved-2405,,,unresolved,,unresolved,,,,unresolved
unresolved-2406,,,unresolved,,unresolved,,,,unresolved
unresolved-2407,,,unresolved,,unresolved,,,,unresolved
unresolved-2408,,,unresolved,,unresolved,,,,unresolved
unresolved-2409,,,unresolved,,unresolved,,,,unresolved
unresolved-2410,,,unresolved,,unresolved,,,,unresolved
unresolved-2411,,,unresolved,,unresolved,,,,unresolved
unresolved-2412,,,unresolved,,unresolved,,,,unresolved
unresolved-2413,,,unresolved,,unresolved,,,,unresolved
unresolved-2414,,,unresolved,,unresolved,,,,unresolved
unresolved-2415,,,unresolved,,unresolved,,,,unresolved
unresolved-2416,,,unresolved,,unresolved,,,,unresolved
unresolved-2417,,,unresolved,,unresolved,,,,unresolved
unresolved-2418,,,unresolved,,unresolved,,,,unresolved
unresolved-2419,,,unresolved,,unresolved,,,,unresolved
unresolved-2420,,,unresolved,,unresolved,,,,unresolved
unresolved-2421,,,unresolved,,unresolved,,,,unresolved
unresolved-2422,,,unresolved,,unresolved,,,,unresolved
unresolved-2423,,,unresolved,,unresolved,,,,unresolved
unresolved-2424,,,unresolved,,unresolved,,,,unresolved
unresolved-2425,,,unresolved,,unresolved,,,,unresolved
unresolved-2426,,,unresolved,,unresolved,,,,unresolved
unresolved-2427,,,unresolved,,unresolved,,,,unresolved
unresolved-2428,,,unresolved,,unresolved,,,,unresolved
unresolved-2429,,,unresolved,,unresolved,,,,unresolved
unresolved-2430,,,unresolved,,unresolved,,,,unresolved
unresolved-2431,,,unresolved,,unresolved,,,,unresolved
unresolved-2432,,,unresolved,,unresolved,,,,unresolved
unresolved-2433,,,unresolved,,unresolved,,,,unresolved
unresolved-2434,,,unresolved,,unresolved,,,,unresolved
unresolved-2435,,,unresolved,,unresolved,,,,unresolved
unresolved-2436,,,unresolved,,unresolved,,,,unresolved
unresolved-2437,,,unresolved,,unresolved,,,,unresolved
unresolved-2438,,,unresolved,,unresolved,,,,unresolved
unresolved-2439,,,unresolved,,unresolved,,,,unresolved
unresolved-2440,,,unresolved,,unresolved,,,,unresolved
unresolved-2441,,,unresolved,,unresolved,,,,unresolved
unresolved-2442,,,unresolved,,unresolved,,,,unresolved
unresolved-2443,,,unresolved,,unresolved,,,,unresolved
unresolved-2444,,,unresolved,,unresolved,,,,unresolved
unresolved-2445,,,unresolved,,unresolved,,,,unresolved
unresolved-2446,,,unresolved,,unresolved,,,,unresolved
unresolved-2447,,,unresolved,,unresolved,,,,unresolved
unresolved-2448,,,unresolved,,unresolved,,,,unresolved
unresolved-2449,,,unresolved,,unresolved,,,,unresolved
unresolved-2450,,,unresolved,,unresolved,,,,unresolved
unresolved-2451,,,unresolved,,unresolved,,,,unresolved
unresolved-2452,,,unresolved,,unresolved,,,,unresolved
unresolved-2453,,,unresolved,,unresolved,,,,unresolved
unresolved-2454,,,unresolved,,unresolved,,,,unresolved
unresolved-2455,,,unresolved,,unresolved,,,,unresolved
unresolved-2456,,,unresolved,,unresolved,,,,unresolved
unresolved-2457,,,unresolved,,unresolved,,,,unresolved
unresolved-2458,,,unresolved,,unresolved,,,,unresolved
unresolved-2459,,,unresolved,,unresolved,,,,unresolved
unresolved-2460,,,unresolved,,unresolved,,,,unresolved
unresolved-2461,,,unresolved,,unresolved,,,,unresolved
unresolved-2462,,,unresolved,,unresolved,,,,unresolved
unresolved-2463,,,unresolved,,unresolved,,,,unresolved
unresolved-2464,,,unresolved,,unresolved,,,,unresolved
unresolved-2465,,,unresolved,,unresolved,,,,unresolved
unresolved-2466,,,unresolved,,unresolved,,,,unresolved
unresolved-2467,,,unresolved,,unresolved,,,,unresolved
unresolved-2468,,,unresolved,,unresolved,,,,unresolved
unresolved-2469,,,unresolved,,unresolved,,,,unresolved
unresolved-2470,,,unresolved,,unresolved,,,,unresolved
unresolved-2471,,,unresolved,,unresolved,,,,unresolved
unresolved-2472,,,unresolved,,unresolved,,,,unresolved
unresolved-2473,,,unresolved,,unresolved,,,,unresolved
unresolved-2474,,,unresolved,,unresolved,,,,unresolved
unresolved-2475,,,unresolved,,unresolved,,,,unresolved
unresolved-2476,,,unresolved,,unresolved,,,,unresolved
unresolved-2477,,,unresolved,,unresolved,,,,unresolved
unresolved-2478,,,unresolved,,unresolved,,,,unresolved
unresolved-2479,,,unresolved,,unresolved,,,,unresolved
unresolved-2480,,,unresolved,,unresolved,,,,unresolved
unresolved-2481,,,unresolved,,unresolved,,,,unresolved
unresolved-2482,,,unresolved,,unresolved,,,,unresolved
unresolved-2483,,,unresolved,,unresolved,,,,unresolved
unresolved-2484,,,unresolved,,unresolved,,,,unresolved
unresolved-2485,,,unresolved,,unresolved,,,,unresolved
unresolved-2486,,,unresolved,,unresolved,,,,unresolved
unresolved-2487,,,unresolved,,unresolved,,,,unresolved
unresolved-2488,,,unresolved,,unresolved,,,,unresolved
unresolved-2489,,,unresolved,,unresolved,,,,unresolved
unresolved-2490,,,unresolved,,unresolved,,,,unresolved
unresolved-2491,,,unresolved,,unresolved,,,,unresolved
unresolved-2492,,,unresolved,,unresolved,,,,unresolved
unresolved-2493,,,unresolved,,unresolved,,,,unresolved
unresolved-2494,,,unresolved,,unresolved,,,,unresolved
unresolved-2495,,,unresolved,,unresolved,,,,unresolved
unresolved-2496,,,unresolved,,unresolved,,,,unresolved
unresolved-2497,,,unresolved,,unresolved,,,,unresolved
unresolved-2498,,,unresolved,,unresolved,,,,unresolved
unresolved-2499,,,unresolved,,unresolved,,,,unresolved
unresolved-2500,,,unresolved,,unresolved,,,,unresolved
unresolved-2501,,,unresolved,,unresolved,,,,unresolved
unresolved-2502,,,unresolved,,unresolved,,,,unresolved
unresolved-2503,,,unresolved,,unresolved,,,,unresolved
unresolved-2504,,,unresolved,,unresolved,,,,unresolved
unresolved-2505,,,unresolved,,unresolved,,,,unresolved
unresolved-2506,,,unresolved,,unresolved,,,,unresolved
unresolved-2507,,,unresolved,,unresolved,,,,unresolved
unresolved-2508,,,unresolved,,unresolved,,,,unresolved
unresolved-2509,,,unresolved,,unresolved,,,,unresolved
unresolved-2510,,,unresolved,,unresolved,,,,unresolved
unresolved-2511,,,unresolved,,unresolved,,,,unresolved
unresolved-2512,,,unresolved,,unresolved,,,,unresolved
unresolved-2513,,,unresolved,,unresolved,,,,unresolved
unresolved-2514,,,unresolved,,unresolved,,,,unresolved
unresolved-2515,,,unresolved,,unresolved,,,,unresolved
unresolved-2516,,,unresolved,,unresolved,,,,unresolved
unresolved-2517,,,unresolved,,unresolved,,,,unresolved
unresolved-2518,,,unresolved,,unresolved,,,,unresolved
unresolved-2519,,,unresolved,,unresolved,,,,unresolved
unresolved-2520,,,unresolved,,unresolved,,,,unresolved
unresolved-2521,,,unresolved,,unresolved,,,,unresolved
unresolved-2522,,,unresolved,,unresolved,,,,unresolved
unresolved-2523,,,unresolved,,unresolved,,,,unresolved
unresolved-2524,,,unresolved,,unresolved,,,,unresolved
unresolved-2525,,,unresolved,,unresolved,,,,unresolved
unresolved-2526,,,unresolved,,unresolved,,,,unresolved
unresolved-2527,,,unresolved,,unresolved,,,,unresolved
unresolved-2528,,,unresolved,,unresolved,,,,unresolved
unresolved-2529,,,unresolved,,unresolved,,,,unresolved
unresolved-2530,,,unresolved,,unresolved,,,,unresolved
unresolved-2531,,,unresolved,,unresolved,,,,unresolved
unresolved-2532,,,unresolved,,unresolved,,,,unresolved
unresolved-2533,,,unresolved,,unresolved,,,,unresolved
unresolved-2534,,,unresolved,,unresolved,,,,unresolved
unresolved-2535,,,unresolved,,unresolved,,,,unresolved
unresolved-2536,,,unresolved,,unresolved,,,,unresolved
unresolved-2537,,,unresolved,,unresolved,,,,unresolved
unresolved-2538,,,unresolved,,unresolved,,,,unresolved
unresolved-2539,,,unresolved,,unresolved,,,,unresolved
unresolved-2540,,,unresolved,,unresolved,,,,unresolved
unresolved-2541,,,unresolved,,unresolved,,,,unresolved
unresolved-2542,,,unresolved,,unresolved,,,,unresolved
unresolved-2543,,,unresolved,,unresolved,,,,unresolved
unresolved-2544,,,unresolved,,unresolved,,,,unresolved
unresolved-2545,,,unresolved,,unresolved,,,,unresolved
unresolved-2546,,,unresolved,,unresolved,,,,unresolved
unresolved-2547,,,unresolved,,unresolved,,,,unresolved
unresolved-2548,,,unresolved,,unresolved,,,,unresolved
unresolved-2549,,,unresolved,,unresolved,,,,unresolved
unresolved-2550,,,unresolved,,unresolved,,,,unresolved
unresolved-2551,,,unresolved,,unresolved,,,,unresolved
unresolved-2552,,,unresolved,,unresolved,,,,unresolved
unresolved-2553,,,unresolved,,unresolved,,,,unresolved
unresolved-2554,,,unresolved,,unresolved,,,,unresolved
unresolved-2555,,,unresolved,,unresolved,,,,unresolved
unresolved-2556,,,unresolved,,unresolved,,,,unresolved
unresolved-2557,,,unresolved,,unresolved,,,,unresolved
unresolved-2558,,,unresolved,,unresolved,,,,unresolved
unresolved-2559,,,unresolved,,unresolved,,,,unresolved
unresolved-2560,,,unresolved,,unresolved,,,,unresolved
unresolved-2561,,,unresolved,,unresolved,,,,unresolved
unresolved-2562,,,unresolved,,unresolved,,,,unresolved
unresolved-2563,,,unresolved,,unresolved,,,,unresolved
unresolved-2564,,,unresolved,,unresolved,,,,unresolved
unresolved-2565,,,unresolved,,unresolved,,,,unresolved
unresolved-2566,,,unresolved,,unresolved,,,,unresolved
unresolved-2567,,,unresolved,,unresolved,,,,unresolved
unresolved-2568,,,unresolved,,unresolved,,,,unresolved
unresolved-2569,,,unresolved,,unresolved,,,,unresolved
unresolved-2570,,,unresolved,,unresolved,,,,unresolved
unresolved-2571,,,unresolved,,unresolved,,,,unresolved
unresolved-2572,,,unresolved,,unresolved,,,,unresolved
unresolved-2573,,,unresolved,,unresolved,,,,unresolved
unresolved-2574,,,unresolved,,unresolved,,,,unresolved
unresolved-2575,,,unresolved,,unresolved,,,,unresolved
unresolved-2576,,,unresolved,,unresolved,,,,unresolved
unresolved-2577,,,unresolved,,unresolved,,,,unresolved
unresolved-2578,,,unresolved,,unresolved,,,,unresolved
unresolved-2579,,,unresolved,,unresolved,,,,unresolved
unresolved-2580,,,unresolved,,unresolved,,,,unresolved
unresolved-2581,,,unresolved,,unresolved,,,,unresolved
unresolved-2582,,,unresolved,,unresolved,,,,unresolved
unresolved-2583,,,unresolved,,unresolved,,,,unresolved
unresolved-2584,,,unresolved,,unresolved,,,,unresolved
unresolved-2585,,,unresolved,,unresolved,,,,unresolved
unresolved-2586,,,unresolved,,unresolved,,,,unresolved
unresolved-2587,,,unresolved,,unresolved,,,,unresolved
unresolved-2588,,,unresolved,,unresolved,,,,unresolved
unresolved-2589,,,unresolved,,unresolved,,,,unresolved
unresolved-2590,,,unresolved,,unresolved,,,,unresolved
unresolved-2591,,,unresolved,,unresolved,,,,unresolved
unresolved-2592,,,unresolved,,unresolved,,,,unresolved
unresolved-2593,,,unresolved,,unresolved,,,,unresolved
unresolved-2594,,,unresolved,,unresolved,,,,unresolved
unresolved-2595,,,unresolved,,unresolved,,,,unresolved
unresolved-2596,,,unresolved,,unresolved,,,,unresolved
unresolved-2597,,,unresolved,,unresolved,,,,unresolved
unresolved-2598,,,unresolved,,unresolved,,,,unresolved
unresolved-2599,,,unresolved,,unresolved,,,,unresolved
unresolved-2600,,,unresolved,,unresolved,,,,unresolved
unresolved-2601,,,unresolved,,unresolved,,,,unresolved
unresolved-2602,,,unresolved,,unresolved,,,,unresolved
unresolved-2603,,,unresolved,,unresolved,,,,unresolved
unresolved-2604,,,unresolved,,unresolved,,,,unresolved
unresolved-2605,,,unresolved,,unresolved,,,,unresolved
unresolved-2606,,,unresolved,,unresolved,,,,unresolved
unresolved-2607,,,unresolved,,unresolved,,,,unresolved
unresolved-2608,,,unresolved,,unresolved,,,,unresolved
unresolved-2609,,,unresolved,,unresolved,,,,unresolved
unresolved-2610,,,unresolved,,unresolved,,,,unresolved
unresolved-2611,,,unresolved,,unresolved,,,,unresolved
unresolved-2612,,,unresolved,,unresolved,,,,unresolved
unresolved-2613,,,unresolved,,unresolved,,,,unresolved
unresolved-2614,,,unresolved,,unresolved,,,,unresolved
unresolved-2615,,,unresolved,,unresolved,,,,unresolved
unresolved-2616,,,unresolved,,unresolved,,,,unresolved
unresolved-2617,,,unresolved,,unresolved,,,,unresolved
unresolved-2618,,,unresolved,,unresolved,,,,unresolved
unresolved-2619,,,unresolved,,unresolved,,,,unresolved
unresolved-2620,,,unresolved,,unresolved,,,,unresolved
unresolved-2621,,,unresolved,,unresolved,,,,unresolved
unresolved-2622,,,unresolved,,unresolved,,,,unresolved
unresolved-2623,,,unresolved,,unresolved,,,,unresolved
unresolved-2624,,,unresolved,,unresolved,,,,unresolved
unresolved-2625,,,unresolved,,unresolved,,,,unresolved
unresolved-2626,,,unresolved,,unresolved,,,,unresolved
unresolved-2627,,,unresolved,,unresolved,,,,unresolved
unresolved-2628,,,unresolved,,unresolved,,,,unresolved
unresolved-2629,,,unresolved,,unresolved,,,,unresolved
unresolved-2630,,,unresolved,,unresolved,,,,unresolved
unresolved-2631,,,unresolved,,unresolved,,,,unresolved
unresolved-2632,,,unresolved,,unresolved,,,,unresolved
unresolved-2633,,,unresolved,,unresolved,,,,unresolved
unresolved-2634,,,unresolved,,unresolved,,,,unresolved
unresolved-2635,,,unresolved,,unresolved,,,,unresolved
unresolved-2636,,,unresolved,,unresolved,,,,unresolved
unresolved-2637,,,unresolved,,unresolved,,,,unresolved
unresolved-2638,,,unresolved,,unresolved,,,,unresolved
unresolved-2639,,,unresolved,,unresolved,,,,unresolved
unresolved-2640,,,unresolved,,unresolved,,,,unresolved
unresolved-2641,,,unresolved,,unresolved,,,,unresolved
unresolved-2642,,,unresolved,,unresolved,,,,unresolved
unresolved-2643,,,unresolved,,unresolved,,,,unresolved
unresolved-2644,,,unresolved,,unresolved,,,,unresolved
unresolved-2645,,,unresolved,,unresolved,,,,unresolved
unresolved-2646,,,unresolved,,unresolved,,,,unresolved
unresolved-2647,,,unresolved,,unresolved,,,,unresolved
unresolved-2648,,,unresolved,,unresolved,,,,unresolved
unresolved-2649,,,unresolved,,unresolved,,,,unresolved
unresolved-2650,,,unresolved,,unresolved,,,,unresolved
unresolved-2651,,,unresolved,,unresolved,,,,unresolved
unresolved-2652,,,unresolved,,unresolved,,,,unresolved
unresolved-2653,,,unresolved,,unresolved,,,,unresolved
unresolved-2654,,,unresolved,,unresolved,,,,unresolved
unresolved-2655,,,unresolved,,unresolved,,,,unresolved
unresolved-2656,,,unresolved,,unresolved,,,,unresolved
unresolved-2657,,,unresolved,,unresolved,,,,unresolved
unresolved-2658,,,unresolved,,unresolved,,,,unresolved
unresolved-2659,,,unresolved,,unresolved,,,,unresolved
unresolved-2660,,,unresolved,,unresolved,,,,unresolved
unresolved-2661,,,unresolved,,unresolved,,,,unresolved
unresolved-2662,,,unresolved,,unresolved,,,,unresolved
unresolved-2663,,,unresolved,,unresolved,,,,unresolved
unresolved-2664,,,unresolved,,unresolved,,,,unresolved
unresolved-2665,,,unresolved,,unresolved,,,,unresolved
unresolved-2666,,,unresolved,,unresolved,,,,unresolved
unresolved-2667,,,unresolved,,unresolved,,,,unresolved
unresolved-2668,,,unresolved,,unresolved,,,,unresolved
unresolved-2669,,,unresolved,,unresolved,,,,unresolved
unresolved-2670,,,unresolved,,unresolved,,,,unresolved
unresolved-2671,,,unresolved,,unresolved,,,,unresolved
unresolved-2672,,,unresolved,,unresolved,,,,unresolved
unresolved-2673,,,unresolved,,unresolved,,,,unresolved
unresolved-2674,,,unresolved,,unresolved,,,,unresolved
unresolved-2675,,,unresolved,,unresolved,,,,unresolved
unresolved-2676,,,unresolved,,unresolved,,,,unresolved
unresolved-2677,,,unresolved,,unresolved,,,,unresolved
unresolved-2678,,,unresolved,,unresolved,,,,unresolved
unresolved-2679,,,unresolved,,unresolved,,,,unresolved
unresolved-2680,,,unresolved,,unresolved,,,,unresolved
unresolved-2681,,,unresolved,,unresolved,,,,unresolved
unresolved-2682,,,unresolved,,unresolved,,,,unresolved
unresolved-2683,,,unresolved,,unresolved,,,,unresolved
unresolved-2684,,,unresolved,,unresolved,,,,unresolved
unresolved-2685,,,unresolved,,unresolved,,,,unresolved
unresolved-2686,,,unresolved,,unresolved,,,,unresolved
unresolved-2687,,,unresolved,,unresolved,,,,unresolved
unresolved-2688,,,unresolved,,unresolved,,,,unresolved
unresolved-2689,,,unresolved,,unresolved,,,,unresolved
unresolved-2690,,,unresolved,,unresolved,,,,unresolved
unresolved-2691,,,unresolved,,unresolved,,,,unresolved
unresolved-2692,,,unresolved,,unresolved,,,,unresolved
unresolved-2693,,,unresolved,,unresolved,,,,unresolved
unresolved-2694,,,unresolved,,unresolved,,,,unresolved
unresolved-2695,,,unresolved,,unresolved,,,,unresolved
unresolved-2696,,,unresolved,,unresolved,,,,unresolved
unresolved-2697,,,unresolved,,unresolved,,,,unresolved
unresolved-2698,,,unresolved,,unresolved,,,,unresolved
unresolved-2699,,,unresolved,,unresolved,,,,unresolved
unresolved-2700,,,unresolved,,unresolved,,,,unresolved
unresolved-2701,,,unresolved,,unresolved,,,,unresolved
unresolved-2702,,,unresolved,,unresolved,,,,unresolved
unresolved-2703,,,unresolved,,unresolved,,,,unresolved
unresolved-2704,,,unresolved,,unresolved,,,,unresolved
unresolved-2705,,,unresolved,,unresolved,,,,unresolved
unresolved-2706,,,unresolved,,unresolved,,,,unresolved
unresolved-2707,,,unresolved,,unresolved,,,,unresolved
unresolved-2708,,,unresolved,,unresolved,,,,unresolved
unresolved-2709,,,unresolved,,unresolved,,,,unresolved
unresolved-2710,,,unresolved,,unresolved,,,,unresolved
unresolved-2711,,,unresolved,,unresolved,,,,unresolved
unresolved-2712,,,unresolved,,unresolved,,,,unresolved
unresolved-2713,,,unresolved,,unresolved,,,,unresolved
unresolved-2714,,,unresolved,,unresolved,,,,unresolved
unresolved-2715,,,unresolved,,unresolved,,,,unresolved
unresolved-2716,,,unresolved,,unresolved,,,,unresolved
unresolved-2717,,,unresolved,,unresolved,,,,unresolved
unresolved-2718,,,unresolved,,unresolved,,,,unresolved
unresolved-2719,,,unresolved,,unresolved,,,,unresolved
unresolved-2720,,,unresolved,,unresolved,,,,unresolved
unresolved-2721,,,unresolved,,unresolved,,,,unresolved
unresolved-2722,,,unresolved,,unresolved,,,,unresolved
unresolved-2723,,,unresolved,,unresolved,,,,unresolved
unresolved-2724,,,unresolved,,unresolved,,,,unresolved
unresolved-2725,,,unresolved,,unresolved,,,,unresolved
unresolved-2726,,,unresolved,,unresolved,,,,unresolved
unresolved-2727,,,unresolved,,unresolved,,,,unresolved
unresolved-2728,,,unresolved,,unresolved,,,,unresolved
unresolved-2729,,,unresolved,,unresolved,,,,unresolved
unresolved-2730,,,unresolved,,unresolved,,,,unresolved
unresolved-2731,,,unresolved,,unresolved,,,,unresolved
unresolved-2732,,,unresolved,,unresolved,,,,unresolved
unresolved-2733,,,unresolved,,unresolved,,,,unresolved
unresolved-2734,,,unresolved,,unresolved,,,,unresolved
unresolved-2735,,,unresolved,,unresolved,,,,unresolved
unresolved-2736,,,unresolved,,unresolved,,,,unresolved
unresolved-2737,,,unresolved,,unresolved,,,,unresolved
unresolved-2738,,,unresolved,,unresolved,,,,unresolved
unresolved-2739,,,unresolved,,unresolved,,,,unresolved
unresolved-2740,,,unresolved,,unresolved,,,,unresolved
unresolved-2741,,,unresolved,,unresolved,,,,unresolved
unresolved-2742,,,unresolved,,unresolved,,,,unresolved
unresolved-2743,,,unresolved,,unresolved,,,,unresolved
unresolved-2744,,,unresolved,,unresolved,,,,unresolved
unresolved-2745,,,unresolved,,unresolved,,,,unresolved
unresolved-2746,,,unresolved,,unresolved,,,,unresolved
unresolved-2747,,,unresolved,,unresolved,,,,unresolved
unresolved-2748,,,unresolved,,unresolved,,,,unresolved
unresolved-2749,,,unresolved,,unresolved,,,,unresolved
unresolved-2750,,,unresolved,,unresolved,,,,unresolved
unresolved-2751,,,unresolved,,unresolved,,,,unresolved
unresolved-2752,,,unresolved,,unresolved,,,,unresolved
unresolved-2753,,,unresolved,,unresolved,,,,unresolved
unresolved-2754,,,unresolved,,unresolved,,,,unresolved
unresolved-2755,,,unresolved,,unresolved,,,,unresolved
unresolved-2756,,,unresolved,,unresolved,,,,unresolved
unresolved-2757,,,unresolved,,unresolved,,,,unresolved
unresolved-2758,,,unresolved,,unresolved,,,,unresolved
unresolved-2759,,,unresolved,,unresolved,,,,unresolved
unresolved-2760,,,unresolved,,unresolved,,,,unresolved
unresolved-2761,,,unresolved,,unresolved,,,,unresolved
unresolved-2762,,,unresolved,,unresolved,,,,unresolved
unresolved-2763,,,unresolved,,unresolved,,,,unresolved
unresolved-2764,,,unresolved,,unresolved,,,,unresolved
unresolved-2765,,,unresolved,,unresolved,,,,unresolved
unresolved-2766,,,unresolved,,unresolved,,,,unresolved
unresolved-2767,,,unresolved,,unresolved,,,,unresolved
unresolved-2768,,,unresolved,,unresolved,,,,unresolved
unresolved-2769,,,unresolved,,unresolved,,,,unresolved
unresolved-2770,,,unresolved,,unresolved,,,,unresolved
unresolved-2771,,,unresolved,,unresolved,,,,unresolved
unresolved-2772,,,unresolved,,unresolved,,,,unresolved
unresolved-2773,,,unresolved,,unresolved,,,,unresolved
unresolved-2774,,,unresolved,,unresolved,,,,unresolved
unresolved-2775,,,unresolved,,unresolved,,,,unresolved
unresolved-2776,,,unresolved,,unresolved,,,,unresolved
unresolved-2777,,,unresolved,,unresolved,,,,unresolved
unresolved-2778,,,unresolved,,unresolved,,,,unresolved
unresolved-2779,,,unresolved,,unresolved,,,,unresolved
unresolved-2780,,,unresolved,,unresolved,,,,unresolved
unresolved-2781,,,unresolved,,unresolved,,,,unresolved
unresolved-2782,,,unresolved,,unresolved,,,,unresolved
unresolved-2783,,,unresolved,,unresolved,,,,unresolved
unresolved-2784,,,unresolved,,unresolved,,,,unresolved
unresolved-2785,,,unresolved,,unresolved,,,,unresolved
unresolved-2786,,,unresolved,,unresolved,,,,unresolved
unresolved-2787,,,unresolved,,unresolved,,,,unresolved
unresolved-2788,,,unresolved,,unresolved,,,,unresolved
unresolved-2789,,,unresolved,,unresolved,,,,unresolved
unresolved-2790,,,unresolved,,unresolved,,,,unresolved
unresolved-2791,,,unresolved,,unresolved,,,,unresolved
unresolved-2792,,,unresolved,,unresolved,,,,unresolved
unresolved-2793,,,unresolved,,unresolved,,,,unresolved
unresolved-2794,,,unresolved,,unresolved,,,,unresolved
unresolved-2795,,,unresolved,,unresolved,,,,unresolved
unresolved-2796,,,unresolved,,unresolved,,,,unresolved
unresolved-2797,,,unresolved,,unresolved,,,,unresolved
unresolved-2798,,,unresolved,,unresolved,,,,unresolved
unresolved-2799,,,unresolved,,unresolved,,,,unresolved
unresolved-2800,,,unresolved,,unresolved,,,,unresolved
unresolved-2801,,,unresolved,,unresolved,,,,unresolved
unresolved-2802,,,unresolved,,unresolved,,,,unresolved
unresolved-2803,,,unresolved,,unresolved,,,,unresolved
unresolved-2804,,,unresolved,,unresolved,,,,unresolved
unresolved-2805,,,unresolved,,unresolved,,,,unresolved
unresolved-2806,,,unresolved,,unresolved,,,,unresolved
unresolved-2807,,,unresolved,,unresolved,,,,unresolved
unresolved-2808,,,unresolved,,unresolved,,,,unresolved
unresolved-2809,,,unresolved,,unresolved,,,,unresolved
unresolved-2810,,,unresolved,,unresolved,,,,unresolved
unresolved-2811,,,unresolved,,unresolved,,,,unresolved
unresolved-2812,,,unresolved,,unresolved,,,,unresolved
unresolved-2813,,,unresolved,,unresolved,,,,unresolved
unresolved-2814,,,unresolved,,unresolved,,,,unresolved
unresolved-2815,,,unresolved,,unresolved,,,,unresolved
unresolved-2816,,,unresolved,,unresolved,,,,unresolved
unresolved-2817,,,unresolved,,unresolved,,,,unresolved
unresolved-2818,,,unresolved,,unresolved,,,,unresolved
unresolved-2819,,,unresolved,,unresolved,,,,unresolved
unresolved-2820,,,unresolved,,unresolved,,,,unresolved
unresolved-2821,,,unresolved,,unresolved,,,,unresolved
unresolved-2822,,,unresolved,,unresolved,,,,unresolved
unresolved-2823,,,unresolved,,unresolved,,,,unresolved
unresolved-2824,,,unresolved,,unresolved,,,,unresolved
unresolved-2825,,,unresolved,,unresolved,,,,unresolved
unresolved-2826,,,unresolved,,unresolved,,,,unresolved
unresolved-2827,,,unresolved,,unresolved,,,,unresolved
unresolved-2828,,,unresolved,,unresolved,,,,unresolved
unresolved-2829,,,unresolved,,unresolved,,,,unresolved
unresolved-2830,,,unresolved,,unresolved,,,,unresolved
unresolved-2831,,,unresolved,,unresolved,,,,unresolved
unresolved-2832,,,unresolved,,unresolved,,,,unresolved
unresolved-2833,,,unresolved,,unresolved,,,,unresolved
unresolved-2834,,,unresolved,,unresolved,,,,unresolved
unresolved-2835,,,unresolved,,unresolved,,,,unresolved
unresolved-2836,,,unresolved,,unresolved,,,,unresolved
unresolved-2837,,,unresolved,,unresolved,,,,unresolved
unresolved-2838,,,unresolved,,unresolved,,,,unresolved
unresolved-2839,,,unresolved,,unresolved,,,,unresolved
unresolved-2840,,,unresolved,,unresolved,,,,unresolved
unresolved-2841,,,unresolved,,unresolved,,,,unresolved
unresolved-2842,,,unresolved,,unresolved,,,,unresolved
unresolved-2843,,,unresolved,,unresolved,,,,unresolved
unresolved-2844,,,unresolved,,unresolved,,,,unresolved
unresolved-2845,,,unresolved,,unresolved,,,,unresolved
unresolved-2846,,,unresolved,,unresolved,,,,unresolved
unresolved-2847,,,unresolved,,unresolved,,,,unresolved
unresolved-2848,,,unresolved,,unresolved,,,,unresolved
unresolved-2849,,,unresolved,,unresolved,,,,unresolved
unresolved-2850,,,unresolved,,unresolved,,,,unresolved
unresolved-2851,,,unresolved,,unresolved,,,,unresolved
unresolved-2852,,,unresolved,,unresolved,,,,unresolved
unresolved-2853,,,unresolved,,unresolved,,,,unresolved
unresolved-2854,,,unresolved,,unresolved,,,,unresolved
unresolved-2855,,,unresolved,,unresolved,,,,unresolved
unresolved-2856,,,unresolved,,unresolved,,,,unresolved
unresolved-2857,,,unresolved,,unresolved,,,,unresolved
unresolved-2858,,,unresolved,,unresolved,,,,unresolved
unresolved-2859,,,unresolved,,unresolved,,,,unresolved
unresolved-2860,,,unresolved,,unresolved,,,,unresolved
unresolved-2861,,,unresolved,,unresolved,,,,unresolved
unresolved-2862,,,unresolved,,unresolved,,,,unresolved
unresolved-2863,,,unresolved,,unresolved,,,,unresolved
unresolved-2864,,,unresolved,,unresolved,,,,unresolved
unresolved-2865,,,unresolved,,unresolved,,,,unresolved
unresolved-2866,,,unresolved,,unresolved,,,,unresolved
unresolved-2867,,,unresolved,,unresolved,,,,unresolved
unresolved-2868,,,unresolved,,unresolved,,,,unresolved
unresolved-2869,,,unresolved,,unresolved,,,,unresolved
unresolved-2870,,,unresolved,,unresolved,,,,unresolved
unresolved-2871,,,unresolved,,unresolved,,,,unresolved
unresolved-2872,,,unresolved,,unresolved,,,,unresolved
unresolved-2873,,,unresolved,,unresolved,,,,unresolved
unresolved-2874,,,unresolved,,unresolved,,,,unresolved
unresolved-2875,,,unresolved,,unresolved,,,,unresolved
unresolved-2876,,,unresolved,,unresolved,,,,unresolved
unresolved-2877,,,unresolved,,unresolved,,,,unresolved
unresolved-2878,,,unresolved,,unresolved,,,,unresolved
unresolved-2879,,,unresolved,,unresolved,,,,unresolved
unresolved-2880,,,unresolved,,unresolved,,,,unresolved
unresolved-2881,,,unresolved,,unresolved,,,,unresolved
unresolved-2882,,,unresolved,,unresolved,,,,unresolved
unresolved-2883,,,unresolved,,unresolved,,,,unresolved
unresolved-2884,,,unresolved,,unresolved,,,,unresolved
unresolved-2885,,,unresolved,,unresolved,,,,unresolved
unresolved-2886,,,unresolved,,unresolved,,,,unresolved
unresolved-2887,,,unresolved,,unresolved,,,,unresolved
unresolved-2888,,,unresolved,,unresolved,,,,unresolved
unresolved-2889,,,unresolved,,unresolved,,,,unresolved
unresolved-2890,,,unresolved,,unresolved,,,,unresolved
unresolved-2891,,,unresolved,,unresolved,,,,unresolved
unresolved-2892,,,unresolved,,unresolved,,,,unresolved
unresolved-2893,,,unresolved,,unresolved,,,,unresolved
unresolved-2894,,,unresolved,,unresolved,,,,unresolved
unresolved-2895,,,unresolved,,unresolved,,,,unresolved
unresolved-2896,,,unresolved,,unresolved,,,,unresolved
unresolved-2897,,,unresolved,,unresolved,,,,unresolved
unresolved-2898,,,unresolved,,unresolved,,,,unresolved
unresolved-2899,,,unresolved,,unresolved,,,,unresolved
unresolved-2900,,,unresolved,,unresolved,,,,unresolved
unresolved-2901,,,unresolved,,unresolved,,,,unresolved
unresolved-2902,,,unresolved,,unresolved,,,,unresolved
unresolved-2903,,,unresolved,,unresolved,,,,unresolved
unresolved-2904,,,unresolved,,unresolved,,,,unresolved
unresolved-2905,,,unresolved,,unresolved,,,,unresolved
unresolved-2906,,,unresolved,,unresolved,,,,unresolved
unresolved-2907,,,unresolved,,unresolved,,,,unresolved
unresolved-2908,,,unresolved,,unresolved,,,,unresolved
unresolved-2909,,,unresolved,,unresolved,,,,unresolved
unresolved-2910,,,unresolved,,unresolved,,,,unresolved
unresolved-2911,,,unresolved,,unresolved,,,,unresolved
unresolved-2912,,,unresolved,,unresolved,,,,unresolved
unresolved-2913,,,unresolved,,unresolved,,,,unresolved
unresolved-2914,,,unresolved,,unresolved,,,,unresolved
unresolved-2915,,,unresolved,,unresolved,,,,unresolved
unresolved-2916,,,unresolved,,unresolved,,,,unresolved
unresolved-2917,,,unresolved,,unresolved,,,,unresolved
unresolved-2918,,,unresolved,,unresolved,,,,unresolved
unresolved-2919,,,unresolved,,unresolved,,,,unresolved
unresolved-2920,,,unresolved,,unresolved,,,,unresolved
unresolved-2921,,,unresolved,,unresolved,,,,unresolved
unresolved-2922,,,unresolved,,unresolved,,,,unresolved
unresolved-2923,,,unresolved,,unresolved,,,,unresolved
unresolved-2924,,,unresolved,,unresolved,,,,unresolved
unresolved-2925,,,unresolved,,unresolved,,,,unresolved
unresolved-2926,,,unresolved,,unresolved,,,,unresolved
unresolved-2927,,,unresolved,,unresolved,,,,unresolved
unresolved-2928,,,unresolved,,unresolved,,,,unresolved
unresolved-2929,,,unresolved,,unresolved,,,,unresolved
unresolved-2930,,,unresolved,,unresolved,,,,unresolved
unresolved-2931,,,unresolved,,unresolved,,,,unresolved
unresolved-2932,,,unresolved,,unresolved,,,,unresolved
unresolved-2933,,,unresolved,,unresolved,,,,unresolved
unresolved-2934,,,unresolved,,unresolved,,,,unresolved
unresolved-2935,,,unresolved,,unresolved,,,,unresolved
unresolved-2936,,,unresolved,,unresolved,,,,unresolved
unresolved-2937,,,unresolved,,unresolved,,,,unresolved
unresolved-2938,,,unresolved,,unresolved,,,,unresolved
unresolved-2939,,,unresolved,,unresolved,,,,unresolved
unresolved-2940,,,unresolved,,unresolved,,,,unresolved
unresolved-2941,,,unresolved,,unresolved,,,,unresolved
unresolved-2942,,,unresolved,,unresolved,,,,unresolved
unresolved-2943,,,unresolved,,unresolved,,,,unresolved
unresolved-2944,,,unresolved,,unresolved,,,,unresolved
unresolved-2945,,,unresolved,,unresolved,,,,unresolved
unresolved-2946,,,unresolved,,unresolved,,,,unresolved
unresolved-2947,,,unresolved,,unresolved,,,,unresolved
unresolved-2948,,,unresolved,,unresolved,,,,unresolved
unresolved-2949,,,unresolved,,unresolved,,,,unresolved
unresolved-2950,,,unresolved,,unresolved,,,,unresolved
unresolved-2951,,,unresolved,,unresolved,,,,unresolved
unresolved-2952,,,unresolved,,unresolved,,,,unresolved
unresolved-2953,,,unresolved,,unresolved,,,,unresolved
unresolved-2954,,,unresolved,,unresolved,,,,unresolved
unresolved-2955,,,unresolved,,unresolved,,,,unresolved
unresolved-2956,,,unresolved,,unresolved,,,,unresolved
unresolved-2957,,,unresolved,,unresolved,,,,unresolved
unresolved-2958,,,unresolved,,unresolved,,,,unresolved
unresolved-2959,,,unresolved,,unresolved,,,,unresolved
unresolved-2960,,,unresolved,,unresolved,,,,unresolved
unresolved-2961,,,unresolved,,unresolved,,,,unresolved
unresolved-2962,,,unresolved,,unresolved,,,,unresolved
unresolved-2963,,,unresolved,,unresolved,,,,unresolved
unresolved-2964,,,unresolved,,unresolved,,,,unresolved
unresolved-2965,,,unresolved,,unresolved,,,,unresolved
unresolved-2966,,,unresolved,,unresolved,,,,unresolved
unresolved-2967,,,unresolved,,unresolved,,,,unresolved
unresolved-2968,,,unresolved,,unresolved,,,,unresolved
unresolved-2969,,,unresolved,,unresolved,,,,unresolved
unresolved-2970,,,unresolved,,unresolved,,,,unresolved
unresolved-2971,,,unresolved,,unresolved,,,,unresolved
unresolved-2972,,,unresolved,,unresolved,,,,unresolved
unresolved-2973,,,unresolved,,unresolved,,,,unresolved
unresolved-2974,,,unresolved,,unresolved,,,,unresolved
unresolved-2975,,,unresolved,,unresolved,,,,unresolved
unresolved-2976,,,unresolved,,unresolved,,,,unresolved
unresolved-2977,,,unresolved,,unresolved,,,,unresolved
unresolved-2978,,,unresolved,,unresolved,,,,unresolved
unresolved-2979,,,unresolved,,unresolved,,,,unresolved
unresolved-2980,,,unresolved,,unresolved,,,,unresolved
unresolved-2981,,,unresolved,,unresolved,,,,unresolved
unresolved-2982,,,unresolved,,unresolved,,,,unresolved
unresolved-2983,,,unresolved,,unresolved,,,,unresolved
unresolved-2984,,,unresolved,,unresolved,,,,unresolved
unresolved-2985,,,unresolved,,unresolved,,,,unresolved
unresolved-2986,,,unresolved,,unresolved,,,,unresolved
unresolved-2987,,,unresolved,,unresolved,,,,unresolved
unresolved-2988,,,unresolved,,unresolved,,,,unresolved
unresolved-2989,,,unresolved,,unresolved,,,,unresolved
unresolved-2990,,,unresolved,,unresolved,,,,unresolved
unresolved-2991,,,unresolved,,unresolved,,,,unresolved
unresolved-2992,,,unresolved,,unresolved,,,,unresolved
unresolved-2993,,,unresolved,,unresolved,,,,unresolved
unresolved-2994,,,unresolved,,unresolved,,,,unresolved
unresolved-2995,,,unresolved,,unresolved,,,,unresolved
unresolved-2996,,,unresolved,,unresolved,,,,unresolved
unresolved-2997,,,unresolved,,unresolved,,,,unresolved
unresolved-2998,,,unresolved,,unresolved,,,,unresolved
unresolved-2999,,,unresolved,,unresolved,,,,unresolved
unresolved-3000,,,unresolved,,unresolved,,,,unresolved
unresolved-3001,,,unresolved,,unresolved,,,,unresolved
unresolved-3002,,,unresolved,,unresolved,,,,unresolved
unresolved-3003,,,unresolved,,unresolved,,,,unresolved
unresolved-3004,,,unresolved,,unresolved,,,,unresolved
unresolved-3005,,,unresolved,,unresolved,,,,unresolved
unresolved-3006,,,unresolved,,unresolved,,,,unresolved
unresolved-3007,,,unresolved,,unresolved,,,,unresolved
unresolved-3008,,,unresolved,,unresolved,,,,unresolved
unresolved-3009,,,unresolved,,unresolved,,,,unresolved
unresolved-3010,,,unresolved,,unresolved,,,,unresolved
unresolved-3011,,,unresolved,,unresolved,,,,unresolved
unresolved-3012,,,unresolved,,unresolved,,,,unresolved
unresolved-3013,,,unresolved,,unresolved,,,,unresolved
unresolved-3014,,,unresolved,,unresolved,,,,unresolved
unresolved-3015,,,unresolved,,unresolved,,,,unresolved
unresolved-3016,,,unresolved,,unresolved,,,,unresolved
unresolved-3017,,,unresolved,,unresolved,,,,unresolved
unresolved-3018,,,unresolved,,unresolved,,,,unresolved
unresolved-3019,,,unresolved,,unresolved,,,,unresolved
unresolved-3020,,,unresolved,,unresolved,,,,unresolved
unresolved-3021,,,unresolved,,unresolved,,,,unresolved
unresolved-3022,,,unresolved,,unresolved,,,,unresolved
unresolved-3023,,,unresolved,,unresolved,,,,unresolved
unresolved-3024,,,unresolved,,unresolved,,,,unresolved
unresolved-3025,,,unresolved,,unresolved,,,,unresolved
unresolved-3026,,,unresolved,,unresolved,,,,unresolved
unresolved-3027,,,unresolved,,unresolved,,,,unresolved
unresolved-3028,,,unresolved,,unresolved,,,,unresolved
unresolved-3029,,,unresolved,,unresolved,,,,unresolved
unresolved-3030,,,unresolved,,unresolved,,,,unresolved
unresolved-3031,,,unresolved,,unresolved,,,,unresolved
unresolved-3032,,,unresolved,,unresolved,,,,unresolved
unresolved-3033,,,unresolved,,unresolved,,,,unresolved
unresolved-3034,,,unresolved,,unresolved,,,,unresolved
unresolved-3035,,,unresolved,,unresolved,,,,unresolved
unresolved-3036,,,unresolved,,unresolved,,,,unresolved
unresolved-3037,,,unresolved,,unresolved,,,,unresolved
unresolved-3038,,,unresolved,,unresolved,,,,unresolved
unresolved-3039,,,unresolved,,unresolved,,,,unresolved
unresolved-3040,,,unresolved,,unresolved,,,,unresolved
unresolved-3041,,,unresolved,,unresolved,,,,unresolved
unresolved-3042,,,unresolved,,unresolved,,,,unresolved
unresolved-3043,,,unresolved,,unresolved,,,,unresolved
unresolved-3044,,,unresolved,,unresolved,,,,unresolved
unresolved-3045,,,unresolved,,unresolved,,,,unresolved
unresolved-3046,,,unresolved,,unresolved,,,,unresolved
unresolved-3047,,,unresolved,,unresolved,,,,unresolved
unresolved-3048,,,unresolved,,unresolved,,,,unresolved
unresolved-3049,,,unresolved,,unresolved,,,,unresolved
unresolved-3050,,,unresolved,,unresolved,,,,unresolved
unresolved-3051,,,unresolved,,unresolved,,,,unresolved
unresolved-3052,,,unresolved,,unresolved,,,,unresolved
unresolved-3053,,,unresolved,,unresolved,,,,unresolved
unresolved-3054,,,unresolved,,unresolved,,,,unresolved
unresolved-3055,,,unresolved,,unresolved,,,,unresolved
unresolved-3056,,,unresolved,,unresolved,,,,unresolved
unresolved-3057,,,unresolved,,unresolved,,,,unresolved
unresolved-3058,,,unresolved,,unresolved,,,,unresolved
unresolved-3059,,,unresolved,,unresolved,,,,unresolved
unresolved-3060,,,unresolved,,unresolved,,,,unresolved
unresolved-3061,,,unresolved,,unresolved,,,,unresolved
unresolved-3062,,,unresolved,,unresolved,,,,unresolved
unresolved-3063,,,unresolved,,unresolved,,,,unresolved
unresolved-3064,,,unresolved,,unresolved,,,,unresolved
unresolved-3065,,,unresolved,,unresolved,,,,unresolved
unresolved-3066,,,unresolved,,unresolved,,,,unresolved
unresolved-3067,,,unresolved,,unresolved,,,,unresolved
unresolved-3068,,,unresolved,,unresolved,,,,unresolved
unresolved-3069,,,unresolved,,unresolved,,,,unresolved
unresolved-3070,,,unresolved,,unresolved,,,,unresolved
unresolved-3071,,,unresolved,,unresolved,,,,unresolved
unresolved-3072,,,unresolved,,unresolved,,,,unresolved
unresolved-3073,,,unresolved,,unresolved,,,,unresolved
unresolved-3074,,,unresolved,,unresolved,,,,unresolved
unresolved-3075,,,unresolved,,unresolved,,,,unresolved
unresolved-3076,,,unresolved,,unresolved,,,,unresolved
unresolved-3077,,,unresolved,,unresolved,,,,unresolved
unresolved-3078,,,unresolved,,unresolved,,,,unresolved
unresolved-3079,,,unresolved,,unresolved,,,,unresolved
unresolved-3080,,,unresolved,,unresolved,,,,unresolved
unresolved-3081,,,unresolved,,unresolved,,,,unresolved
unresolved-3082,,,unresolved,,unresolved,,,,unresolved
unresolved-3083,,,unresolved,,unresolved,,,,unresolved
unresolved-3084,,,unresolved,,unresolved,,,,unresolved
unresolved-3085,,,unresolved,,unresolved,,,,unresolved
unresolved-3086,,,unresolved,,unresolved,,,,unresolved
unresolved-3087,,,unresolved,,unresolved,,,,unresolved
unresolved-3088,,,unresolved,,unresolved,,,,unresolved
unresolved-3089,,,unresolved,,unresolved,,,,unresolved
unresolved-3090,,,unresolved,,unresolved,,,,unresolved
unresolved-3091,,,unresolved,,unresolved,,,,unresolved
unresolved-3092,,,unresolved,,unresolved,,,,unresolved
unresolved-3093,,,unresolved,,unresolved,,,,unresolved
unresolved-3094,,,unresolved,,unresolved,,,,unresolved
unresolved-3095,,,unresolved,,unresolved,,,,unresolved
unresolved-3096,,,unresolved,,unresolved,,,,unresolved
unresolved-3097,,,unresolved,,unresolved,,,,unresolved
unresolved-3098,,,unresolved,,unresolved,,,,unresolved
unresolved-3099,,,unresolved,,unresolved,,,,unresolved
unresolved-3100,,,unresolved,,unresolved,,,,unresolved
unresolved-3101,,,unresolved,,unresolved,,,,unresolved
unresolved-3102,,,unresolved,,unresolved,,,,unresolved
unresolved-3103,,,unresolved,,unresolved,,,,unresolved
unresolved-3104,,,unresolved,,unresolved,,,,unresolved
unresolved-3105,,,unresolved,,unresolved,,,,unresolved
unresolved-3106,,,unresolved,,unresolved,,,,unresolved
unresolved-3107,,,unresolved,,unresolved,,,,unresolved
unresolved-3108,,,unresolved,,unresolved,,,,unresolved
unresolved-3109,,,unresolved,,unresolved,,,,unresolved
unresolved-3110,,,unresolved,,unresolved,,,,unresolved
unresolved-3111,,,unresolved,,unresolved,,,,unresolved
unresolved-3112,,,unresolved,,unresolved,,,,unresolved
unresolved-3113,,,unresolved,,unresolved,,,,unresolved
unresolved-3114,,,unresolved,,unresolved,,,,unresolved
unresolved-3115,,,unresolved,,unresolved,,,,unresolved
unresolved-3116,,,unresolved,,unresolved,,,,unresolved
unresolved-3117,,,unresolved,,unresolved,,,,unresolved
unresolved-3118,,,unresolved,,unresolved,,,,unresolved
unresolved-3119,,,unresolved,,unresolved,,,,unresolved
unresolved-3120,,,unresolved,,unresolved,,,,unresolved
unresolved-3121,,,unresolved,,unresolved,,,,unresolved
unresolved-3122,,,unresolved,,unresolved,,,,unresolved
unresolved-3123,,,unresolved,,unresolved,,,,unresolved
unresolved-3124,,,unresolved,,unresolved,,,,unresolved
unresolved-3125,,,unresolved,,unresolved,,,,unresolved
unresolved-3126,,,unresolved,,unresolved,,,,unresolved
unresolved-3127,,,unresolved,,unresolved,,,,unresolved
unresolved-3128,,,unresolved,,unresolved,,,,unresolved
unresolved-3129,,,unresolved,,unresolved,,,,unresolved
unresolved-3130,,,unresolved,,unresolved,,,,unresolved
unresolved-3131,,,unresolved,,unresolved,,,,unresolved
unresolved-3132,,,unresolved,,unresolved,,,,unresolved
unresolved-3133,,,unresolved,,unresolved,,,,unresolved
unresolved-3134,,,unresolved,,unresolved,,,,unresolved
unresolved-3135,,,unresolved,,unresolved,,,,unresolved
unresolved-3136,,,unresolved,,unresolved,,,,unresolved
unresolved-3137,,,unresolved,,unresolved,,,,unresolved
unresolved-3138,,,unresolved,,unresolved,,,,unresolved
unresolved-3139,,,unresolved,,unresolved,,,,unresolved
unresolved-3140,,,unresolved,,unresolved,,,,unresolved
unresolved-3141,,,unresolved,,unresolved,,,,unresolved
unresolved-3142,,,unresolved,,unresolved,,,,unresolved
unresolved-3143,,,unresolved,,unresolved,,,,unresolved
unresolved-3144,,,unresolved,,unresolved,,,,unresolved
unresolved-3145,,,unresolved,,unresolved,,,,unresolved
unresolved-3146,,,unresolved,,unresolved,,,,unresolved
unresolved-3147,,,unresolved,,unresolved,,,,unresolved
unresolved-3148,,,unresolved,,unresolved,,,,unresolved
unresolved-3149,,,unresolved,,unresolved,,,,unresolved
unresolved-3150,,,unresolved,,unresolved,,,,unresolved
unresolved-3151,,,unresolved,,unresolved,,,,unresolved
unresolved-3152,,,unresolved,,unresolved,,,,unresolved
unresolved-3153,,,unresolved,,unresolved,,,,unresolved
unresolved-3154,,,unresolved,,unresolved,,,,unresolved
unresolved-3155,,,unresolved,,unresolved,,,,unresolved
unresolved-3156,,,unresolved,,unresolved,,,,unresolved
unresolved-3157,,,unresolved,,unresolved,,,,unresolved
unresolved-3158,,,unresolved,,unresolved,,,,unresolved
unresolved-3159,,,unresolved,,unresolved,,,,unresolved
unresolved-3160,,,unresolved,,unresolved,,,,unresolved
unresolved-3161,,,unresolved,,unresolved,,,,unresolved
unresolved-3162,,,unresolved,,unresolved,,,,unresolved
unresolved-3163,,,unresolved,,unresolved,,,,unresolved
unresolved-3164,,,unresolved,,unresolved,,,,unresolved
unresolved-3165,,,unresolved,,unresolved,,,,unresolved
unresolved-3166,,,unresolved,,unresolved,,,,unresolved
unresolved-3167,,,unresolved,,unresolved,,,,unresolved
unresolved-3168,,,unresolved,,unresolved,,,,unresolved
unresolved-3169,,,unresolved,,unresolved,,,,unresolved
unresolved-3170,,,unresolved,,unresolved,,,,unresolved
unresolved-3171,,,unresolved,,unresolved,,,,unresolved
unresolved-3172,,,unresolved,,unresolved,,,,unresolved
unresolved-3173,,,unresolved,,unresolved,,,,unresolved
unresolved-3174,,,unresolved,,unresolved,,,,unresolved
unresolved-3175,,,unresolved,,unresolved,,,,unresolved
unresolved-3176,,,unresolved,,unresolved,,,,unresolved
unresolved-3177,,,unresolved,,unresolved,,,,unresolved
unresolved-3178,,,unresolved,,unresolved,,,,unresolved
unresolved-3179,,,unresolved,,unresolved,,,,unresolved
unresolved-3180,,,unresolved,,unresolved,,,,unresolved
unresolved-3181,,,unresolved,,unresolved,,,,unresolved
unresolved-3182,,,unresolved,,unresolved,,,,unresolved
unresolved-3183,,,unresolved,,unresolved,,,,unresolved
unresolved-3184,,,unresolved,,unresolved,,,,unresolved
unresolved-3185,,,unresolved,,unresolved,,,,unresolved
unresolved-3186,,,unresolved,,unresolved,,,,unresolved
unresolved-3187,,,unresolved,,unresolved,,,,unresolved
unresolved-3188,,,unresolved,,unresolved,,,,unresolved
unresolved-3189,,,unresolved,,unresolved,,,,unresolved
unresolved-3190,,,unresolved,,unresolved,,,,unresolved
unresolved-3191,,,unresolved,,unresolved,,,,unresolved
unresolved-3192,,,unresolved,,unresolved,,,,unresolved
unresolved-3193,,,unresolved,,unresolved,,,,unresolved
unresolved-3194,,,unresolved,,unresolved,,,,unresolved
unresolved-3195,,,unresolved,,unresolved,,,,unresolved
unresolved-3196,,,unresolved,,unresolved,,,,unresolved
unresolved-3197,,,unresolved,,unresolved,,,,unresolved
unresolved-3198,,,unresolved,,unresolved,,,,unresolved
unresolved-3199,,,unresolved,,unresolved,,,,unresolved
unresolved-3200,,,unresolved,,unresolved,,,,unresolved
unresolved-3201,,,unresolved,,unresolved,,,,unresolved
unresolved-3202,,,unresolved,,unresolved,,,,unresolved
unresolved-3203,,,unresolved,,unresolved,,,,unresolved
unresolved-3204,,,unresolved,,unresolved,,,,unresolved
unresolved-3205,,,unresolved,,unresolved,,,,unresolved
unresolved-3206,,,unresolved,,unresolved,,,,unresolved
unresolved-3207,,,unresolved,,unresolved,,,,unresolved
unresolved-3208,,,unresolved,,unresolved,,,,unresolved
unresolved-3209,,,unresolved,,unresolved,,,,unresolved
unresolved-3210,,,unresolved,,unresolved,,,,unresolved
unresolved-3211,,,unresolved,,unresolved,,,,unresolved
unresolved-3212,,,unresolved,,unresolved,,,,unresolved
unresolved-3213,,,unresolved,,unresolved,,,,unresolved
unresolved-3214,,,unresolved,,unresolved,,,,unresolved
unresolved-3215,,,unresolved,,unresolved,,,,unresolved
unresolved-3216,,,unresolved,,unresolved,,,,unresolved
unresolved-3217,,,unresolved,,unresolved,,,,unresolved
unresolved-3218,,,unresolved,,unresolved,,,,unresolved
unresolved-3219,,,unresolved,,unresolved,,,,unresolved
unresolved-3220,,,unresolved,,unresolved,,,,unresolved
unresolved-3221,,,unresolved,,unresolved,,,,unresolved
unresolved-3222,,,unresolved,,unresolved,,,,unresolved
unresolved-3223,,,unresolved,,unresolved,,,,unresolved
unresolved-3224,,,unresolved,,unresolved,,,,unresolved
unresolved-3225,,,unresolved,,unresolved,,,,unresolved
unresolved-3226,,,unresolved,,unresolved,,,,unresolved
unresolved-3227,,,unresolved,,unresolved,,,,unresolved
unresolved-3228,,,unresolved,,unresolved,,,,unresolved
unresolved-3229,,,unresolved,,unresolved,,,,unresolved
unresolved-3230,,,unresolved,,unresolved,,,,unresolved
unresolved-3231,,,unresolved,,unresolved,,,,unresolved
unresolved-3232,,,unresolved,,unresolved,,,,unresolved
unresolved-3233,,,unresolved,,unresolved,,,,unresolved
unresolved-3234,,,unresolved,,unresolved,,,,unresolved
unresolved-3235,,,unresolved,,unresolved,,,,unresolved
unresolved-3236,,,unresolved,,unresolved,,,,unresolved
unresolved-3237,,,unresolved,,unresolved,,,,unresolved
unresolved-3238,,,unresolved,,unresolved,,,,unresolved
unresolved-3239,,,unresolved,,unresolved,,,,unresolved
unresolved-3240,,,unresolved,,unresolved,,,,unresolved
unresolved-3241,,,unresolved,,unresolved,,,,unresolved
unresolved-3242,,,unresolved,,unresolved,,,,unresolved
unresolved-3243,,,unresolved,,unresolved,,,,unresolved
unresolved-3244,,,unresolved,,unresolved,,,,unresolved
unresolved-3245,,,unresolved,,unresolved,,,,unresolved
unresolved-3246,,,unresolved,,unresolved,,,,unresolved
unresolved-3247,,,unresolved,,unresolved,,,,unresolved
unresolved-3248,,,unresolved,,unresolved,,,,unresolved
unresolved-3249,,,unresolved,,unresolved,,,,unresolved
unresolved-3250,,,unresolved,,unresolved,,,,unresolved
unresolved-3251,,,unresolved,,unresolved,,,,unresolved
unresolved-3252,,,unresolved,,unresolved,,,,unresolved
unresolved-3253,,,unresolved,,unresolved,,,,unresolved
unresolved-3254,,,unresolved,,unresolved,,,,unresolved
unresolved-3255,,,unresolved,,unresolved,,,,unresolved
unresolved-3256,,,unresolved,,unresolved,,,,unresolved
unresolved-3257,,,unresolved,,unresolved,,,,unresolved
unresolved-3258,,,unresolved,,unresolved,,,,unresolved
unresolved-3259,,,unresolved,,unresolved,,,,unresolved
unresolved-3260,,,unresolved,,unresolved,,,,unresolved
unresolved-3261,,,unresolved,,unresolved,,,,unresolved
unresolved-3262,,,unresolved,,unresolved,,,,unresolved
unresolved-3263,,,unresolved,,unresolved,,,,unresolved
unresolved-3264,,,unresolved,,unresolved,,,,unresolved
unresolved-3265,,,unresolved,,unresolved,,,,unresolved
unresolved-3266,,,unresolved,,unresolved,,,,unresolved
unresolved-3267,,,unresolved,,unresolved,,,,unresolved
unresolved-3268,,,unresolved,,unresolved,,,,unresolved
unresolved-3269,,,unresolved,,unresolved,,,,unresolved
unresolved-3270,,,unresolved,,unresolved,,,,unresolved
unresolved-3271,,,unresolved,,unresolved,,,,unresolved
unresolved-3272,,,unresolved,,unresolved,,,,unresolved
unresolved-3273,,,unresolved,,unresolved,,,,unresolved
unresolved-3274,,,unresolved,,unresolved,,,,unresolved
unresolved-3275,,,unresolved,,unresolved,,,,unresolved
unresolved-3276,,,unresolved,,unresolved,,,,unresolved
unresolved-3277,,,unresolved,,unresolved,,,,unresolved
unresolved-3278,,,unresolved,,unresolved,,,,unresolved
unresolved-3279,,,unresolved,,unresolved,,,,unresolved
unresolved-3280,,,unresolved,,unresolved,,,,unresolved
unresolved-3281,,,unresolved,,unresolved,,,,unresolved
unresolved-3282,,,unresolved,,unresolved,,,,unresolved
unresolved-3283,,,unresolved,,unresolved,,,,unresolved
unresolved-3284,,,unresolved,,unresolved,,,,unresolved
unresolved-3285,,,unresolved,,unresolved,,,,unresolved
unresolved-3286,,,unresolved,,unresolved,,,,unresolved
unresolved-3287,,,unresolved,,unresolved,,,,unresolved
unresolved-3288,,,unresolved,,unresolved,,,,unresolved
unresolved-3289,,,unresolved,,unresolved,,,,unresolved
unresolved-3290,,,unresolved,,unresolved,,,,unresolved
unresolved-3291,,,unresolved,,unresolved,,,,unresolved
unresolved-3292,,,unresolved,,unresolved,,,,unresolved
unresolved-3293,,,unresolved,,unresolved,,,,unresolved
unresolved-3294,,,unresolved,,unresolved,,,,unresolved
unresolved-3295,,,unresolved,,unresolved,,,,unresolved
unresolved-3296,,,unresolved,,unresolved,,,,unresolved
unresolved-3297,,,unresolved,,unresolved,,,,unresolved
unresolved-3298,,,unresolved,,unresolved,,,,unresolved
unresolved-3299,,,unresolved,,unresolved,,,,unresolved
unresolved-3300,,,unresolved,,unresolved,,,,unresolved
unresolved-3301,,,unresolved,,unresolved,,,,unresolved
unresolved-3302,,,unresolved,,unresolved,,,,unresolved
unresolved-3303,,,unresolved,,unresolved,,,,unresolved
unresolved-3304,,,unresolved,,unresolved,,,,unresolved
unresolved-3305,,,unresolved,,unresolved,,,,unresolved
unresolved-3306,,,unresolved,,unresolved,,,,unresolved
unresolved-3307,,,unresolved,,unresolved,,,,unresolved
unresolved-3308,,,unresolved,,unresolved,,,,unresolved
unresolved-3309,,,unresolved,,unresolved,,,,unresolved
unresolved-3310,,,unresolved,,unresolved,,,,unresolved
unresolved-3311,,,unresolved,,unresolved,,,,unresolved
unresolved-3312,,,unresolved,,unresolved,,,,unresolved
unresolved-3313,,,unresolved,,unresolved,,,,unresolved
unresolved-3314,,,unresolved,,unresolved,,,,unresolved
unresolved-3315,,,unresolved,,unresolved,,,,unresolved
unresolved-3316,,,unresolved,,unresolved,,,,unresolved
unresolved-3317,,,unresolved,,unresolved,,,,unresolved
unresolved-3318,,,unresolved,,unresolved,,,,unresolved
unresolved-3319,,,unresolved,,unresolved,,,,unresolved
unresolved-3320,,,unresolved,,unresolved,,,,unresolved
unresolved-3321,,,unresolved,,unresolved,,,,unresolved
unresolved-3322,,,unresolved,,unresolved,,,,unresolved
unresolved-3323,,,unresolved,,unresolved,,,,unresolved
unresolved-3324,,,unresolved,,unresolved,,,,unresolved
unresolved-3325,,,unresolved,,unresolved,,,,unresolved
unresolved-3326,,,unresolved,,unresolved,,,,unresolved
unresolved-3327,,,unresolved,,unresolved,,,,unresolved
unresolved-3328,,,unresolved,,unresolved,,,,unresolved
unresolved-3329,,,unresolved,,unresolved,,,,unresolved
unresolved-3330,,,unresolved,,unresolved,,,,unresolved
unresolved-3331,,,unresolved,,unresolved,,,,unresolved
unresolved-3332,,,unresolved,,unresolved,,,,unresolved
unresolved-3333,,,unresolved,,unresolved,,,,unresolved
unresolved-3334,,,unresolved,,unresolved,,,,unresolved
unresolved-3335,,,unresolved,,unresolved,,,,unresolved
unresolved-3336,,,unresolved,,unresolved,,,,unresolved
unresolved-3337,,,unresolved,,unresolved,,,,unresolved
unresolved-3338,,,unresolved,,unresolved,,,,unresolved
unresolved-3339,,,unresolved,,unresolved,,,,unresolved
unresolved-3340,,,unresolved,,unresolved,,,,unresolved
unresolved-3341,,,unresolved,,unresolved,,,,unresolved
unresolved-3342,,,unresolved,,unresolved,,,,unresolved
unresolved-3343,,,unresolved,,unresolved,,,,unresolved
unresolved-3344,,,unresolved,,unresolved,,,,unresolved
unresolved-3345,,,unresolved,,unresolved,,,,unresolved
unresolved-3346,,,unresolved,,unresolved,,,,unresolved
unresolved-3347,,,unresolved,,unresolved,,,,unresolved
unresolved-3348,,,unresolved,,unresolved,,,,unresolved
unresolved-3349,,,unresolved,,unresolved,,,,unresolved
unresolved-3350,,,unresolved,,unresolved,,,,unresolved
unresolved-3351,,,unresolved,,unresolved,,,,unresolved
unresolved-3352,,,unresolved,,unresolved,,,,unresolved
unresolved-3353,,,unresolved,,unresolved,,,,unresolved
unresolved-3354,,,unresolved,,unresolved,,,,unresolved
unresolved-3355,,,unresolved,,unresolved,,,,unresolved
unresolved-3356,,,unresolved,,unresolved,,,,unresolved
unresolved-3357,,,unresolved,,unresolved,,,,unresolved
unresolved-3358,,,unresolved,,unresolved,,,,unresolved
unresolved-3359,,,unresolved,,unresolved,,,,unresolved
unresolved-3360,,,unresolved,,unresolved,,,,unresolved
unresolved-3361,,,unresolved,,unresolved,,,,unresolved
unresolved-3362,,,unresolved,,unresolved,,,,unresolved
unresolved-3363,,,unresolved,,unresolved,,,,unresolved
unresolved-3364,,,unresolved,,unresolved,,,,unresolved
unresolved-3365,,,unresolved,,unresolved,,,,unresolved
unresolved-3366,,,unresolved,,unresolved,,,,unresolved
unresolved-3367,,,unresolved,,unresolved,,,,unresolved
unresolved-3368,,,unresolved,,unresolved,,,,unresolved
unresolved-3369,,,unresolved,,unresolved,,,,unresolved
unresolved-3370,,,unresolved,,unresolved,,,,unresolved
unresolved-3371,,,unresolved,,unresolved,,,,unresolved
unresolved-3372,,,unresolved,,unresolved,,,,unresolved
unresolved-3373,,,unresolved,,unresolved,,,,unresolved
unresolved-3374,,,unresolved,,unresolved,,,,unresolved
unresolved-3375,,,unresolved,,unresolved,,,,unresolved
unresolved-3376,,,unresolved,,unresolved,,,,unresolved
unresolved-3377,,,unresolved,,unresolved,,,,unresolved
unresolved-3378,,,unresolved,,unresolved,,,,unresolved
unresolved-3379,,,unresolved,,unresolved,,,,unresolved
unresolved-3380,,,unresolved,,unresolved,,,,unresolved
unresolved-3381,,,unresolved,,unresolved,,,,unresolved
unresolved-3382,,,unresolved,,unresolved,,,,unresolved
unresolved-3383,,,unresolved,,unresolved,,,,unresolved
unresolved-3384,,,unresolved,,unresolved,,,,unresolved
unresolved-3385,,,unresolved,,unresolved,,,,unresolved
unresolved-3386,,,unresolved,,unresolved,,,,unresolved
unresolved-3387,,,unresolved,,unresolved,,,,unresolved
unresolved-3388,,,unresolved,,unresolved,,,,unresolved
unresolved-3389,,,unresolved,,unresolved,,,,unresolved
unresolved-3390,,,unresolved,,unresolved,,,,unresolved
unresolved-3391,,,unresolved,,unresolved,,,,unresolved
unresolved-3392,,,unresolved,,unresolved,,,,unresolved
unresolved-3393,,,unresolved,,unresolved,,,,unresolved
unresolved-3394,,,unresolved,,unresolved,,,,unresolved
unresolved-3395,,,unresolved,,unresolved,,,,unresolved
unresolved-3396,,,unresolved,,unresolved,,,,unresolved
unresolved-3397,,,unresolved,,unresolved,,,,unresolved
unresolved-3398,,,unresolved,,unresolved,,,,unresolved
unresolved-3399,,,unresolved,,unresolved,,,,unresolved
unresolved-3400,,,unresolved,,unresolved,,,,unresolved
unresolved-3401,,,unresolved,,unresolved,,,,unresolved
unresolved-3402,,,unresolved,,unresolved,,,,unresolved
unresolved-3403,,,unresolved,,unresolved,,,,unresolved
unresolved-3404,,,unresolved,,unresolved,,,,unresolved
unresolved-3405,,,unresolved,,unresolved,,,,unresolved
unresolved-3406,,,unresolved,,unresolved,,,,unresolved
unresolved-3407,,,unresolved,,unresolved,,,,unresolved
unresolved-3408,,,unresolved,,unresolved,,,,unresolved
unresolved-3409,,,unresolved,,unresolved,,,,unresolved
unresolved-3410,,,unresolved,,unresolved,,,,unresolved
unresolved-3411,,,unresolved,,unresolved,,,,unresolved
unresolved-3412,,,unresolved,,unresolved,,,,unresolved
unresolved-3413,,,unresolved,,unresolved,,,,unresolved
unresolved-3414,,,unresolved,,unresolved,,,,unresolved
unresolved-3415,,,unresolved,,unresolved,,,,unresolved
unresolved-3416,,,unresolved,,unresolved,,,,unresolved
unresolved-3417,,,unresolved,,unresolved,,,,unresolved
unresolved-3418,,,unresolved,,unresolved,,,,unresolved
unresolved-3419,,,unresolved,,unresolved,,,,unresolved
unresolved-3420,,,unresolved,,unresolved,,,,unresolved
unresolved-3421,,,unresolved,,unresolved,,,,unresolved
unresolved-3422,,,unresolved,,unresolved,,,,unresolved
unresolved-3423,,,unresolved,,unresolved,,,,unresolved
unresolved-3424,,,unresolved,,unresolved,,,,unresolved
unresolved-3425,,,unresolved,,unresolved,,,,unresolved
unresolved-3426,,,unresolved,,unresolved,,,,unresolved
unresolved-3427,,,unresolved,,unresolved,,,,unresolved
unresolved-3428,,,unresolved,,unresolved,,,,unresolved
unresolved-3429,,,unresolved,,unresolved,,,,unresolved
unresolved-3430,,,unresolved,,unresolved,,,,unresolved
unresolved-3431,,,unresolved,,unresolved,,,,unresolved
unresolved-3432,,,unresolved,,unresolved,,,,unresolved
unresolved-3433,,,unresolved,,unresolved,,,,unresolved
unresolved-3434,,,unresolved,,unresolved,,,,unresolved
unresolved-3435,,,unresolved,,unresolved,,,,unresolved
unresolved-3436,,,unresolved,,unresolved,,,,unresolved
unresolved-3437,,,unresolved,,unresolved,,,,unresolved
unresolved-3438,,,unresolved,,unresolved,,,,unresolved
unresolved-3439,,,unresolved,,unresolved,,,,unresolved
unresolved-3440,,,unresolved,,unresolved,,,,unresolved
unresolved-3441,,,unresolved,,unresolved,,,,unresolved
unresolved-3442,,,unresolved,,unresolved,,,,unresolved
unresolved-3443,,,unresolved,,unresolved,,,,unresolved
unresolved-3444,,,unresolved,,unresolved,,,,unresolved
unresolved-3445,,,unresolved,,unresolved,,,,unresolved
unresolved-3446,,,unresolved,,unresolved,,,,unresolved
unresolved-3447,,,unresolved,,unresolved,,,,unresolved
unresolved-3448,,,unresolved,,unresolved,,,,unresolved
unresolved-3449,,,unresolved,,unresolved,,,,unresolved
unresolved-3450,,,unresolved,,unresolved,,,,unresolved
unresolved-3451,,,unresolved,,unresolved,,,,unresolved
unresolved-3452,,,unresolved,,unresolved,,,,unresolved
unresolved-3453,,,unresolved,,unresolved,,,,unresolved
unresolved-3454,,,unresolved,,unresolved,,,,unresolved
unresolved-3455,,,unresolved,,unresolved,,,,unresolved
unresolved-3456,,,unresolved,,unresolved,,,,unresolved
unresolved-3457,,,unresolved,,unresolved,,,,unresolved
unresolved-3458,,,unresolved,,unresolved,,,,unresolved
unresolved-3459,,,unresolved,,unresolved,,,,unresolved
unresolved-3460,,,unresolved,,unresolved,,,,unresolved
unresolved-3461,,,unresolved,,unresolved,,,,unresolved
unresolved-3462,,,unresolved,,unresolved,,,,unresolved
unresolved-3463,,,unresolved,,unresolved,,,,unresolved
unresolved-3464,,,unresolved,,unresolved,,,,unresolved
unresolved-3465,,,unresolved,,unresolved,,,,unresolved
unresolved-3466,,,unresolved,,unresolved,,,,unresolved
unresolved-3467,,,unresolved,,unresolved,,,,unresolved
unresolved-3468,,,unresolved,,unresolved,,,,unresolved
unresolved-3469,,,unresolved,,unresolved,,,,unresolved
unresolved-3470,,,unresolved,,unresolved,,,,unresolved
unresolved-3471,,,unresolved,,unresolved,,,,unresolved
unresolved-3472,,,unresolved,,unresolved,,,,unresolved
unresolved-3473,,,unresolved,,unresolved,,,,unresolved
unresolved-3474,,,unresolved,,unresolved,,,,unresolved
unresolved-3475,,,unresolved,,unresolved,,,,unresolved
unresolved-3476,,,unresolved,,unresolved,,,,unresolved
unresolved-3477,,,unresolved,,unresolved,,,,unresolved
unresolved-3478,,,unresolved,,unresolved,,,,unresolved
unresolved-3479,,,unresolved,,unresolved,,,,unresolved
unresolved-3480,,,unresolved,,unresolved,,,,unresolved
unresolved-3481,,,unresolved,,unresolved,,,,unresolved
unresolved-3482,,,unresolved,,unresolved,,,,unresolved
unresolved-3483,,,unresolved,,unresolved,,,,unresolved
unresolved-3484,,,unresolved,,unresolved,,,,unresolved
unresolved-3485,,,unresolved,,unresolved,,,,unresolved
unresolved-3486,,,unresolved,,unresolved,,,,unresolved
unresolved-3487,,,unresolved,,unresolved,,,,unresolved
unresolved-3488,,,unresolved,,unresolved,,,,unresolved
unresolved-3489,,,unresolved,,unresolved,,,,unresolved
unresolved-3490,,,unresolved,,unresolved,,,,unresolved
unresolved-3491,,,unresolved,,unresolved,,,,unresolved
unresolved-3492,,,unresolved,,unresolved,,,,unresolved
unresolved-3493,,,unresolved,,unresolved,,,,unresolved
unresolved-3494,,,unresolved,,unresolved,,,,unresolved
unresolved-3495,,,unresolved,,unresolved,,,,unresolved
unresolved-3496,,,unresolved,,unresolved,,,,unresolved
unresolved-3497,,,unresolved,,unresolved,,,,unresolved
unresolved-3498,,,unresolved,,unresolved,,,,unresolved
unresolved-3499,,,unresolved,,unresolved,,,,unresolved
unresolved-3500,,,unresolved,,unresolved,,,,unresolved
unresolved-3501,,,unresolved,,unresolved,,,,unresolved
unresolved-3502,,,unresolved,,unresolved,,,,unresolved
unresolved-3503,,,unresolved,,unresolved,,,,unresolved
unresolved-3504,,,unresolved,,unresolved,,,,unresolved
unresolved-3505,,,unresolved,,unresolved,,,,unresolved
unresolved-3506,,,unresolved,,unresolved,,,,unresolved
unresolved-3507,,,unresolved,,unresolved,,,,unresolved
unresolved-3508,,,unresolved,,unresolved,,,,unresolved
unresolved-3509,,,unresolved,,unresolved,,,,unresolved
unresolved-3510,,,unresolved,,unresolved,,,,unresolved
unresolved-3511,,,unresolved,,unresolved,,,,unresolved
unresolved-3512,,,unresolved,,unresolved,,,,unresolved
unresolved-3513,,,unresolved,,unresolved,,,,unresolved
unresolved-3514,,,unresolved,,unresolved,,,,unresolved
unresolved-3515,,,unresolved,,unresolved,,,,unresolved
unresolved-3516,,,unresolved,,unresolved,,,,unresolved
unresolved-3517,,,unresolved,,unresolved,,,,unresolved
unresolved-3518,,,unresolved,,unresolved,,,,unresolved
unresolved-3519,,,unresolved,,unresolved,,,,unresolved
unresolved-3520,,,unresolved,,unresolved,,,,unresolved
unresolved-3521,,,unresolved,,unresolved,,,,unresolved
unresolved-3522,,,unresolved,,unresolved,,,,unresolved
unresolved-3523,,,unresolved,,unresolved,,,,unresolved
unresolved-3524,,,unresolved,,unresolved,,,,unresolved
unresolved-3525,,,unresolved,,unresolved,,,,unresolved
unresolved-3526,,,unresolved,,unresolved,,,,unresolved
unresolved-3527,,,unresolved,,unresolved,,,,unresolved
unresolved-3528,,,unresolved,,unresolved,,,,unresolved
unresolved-3529,,,unresolved,,unresolved,,,,unresolved
unresolved-3530,,,unresolved,,unresolved,,,,unresolved
unresolved-3531,,,unresolved,,unresolved,,,,unresolved
unresolved-3532,,,unresolved,,unresolved,,,,unresolved
unresolved-3533,,,unresolved,,unresolved,,,,unresolved
unresolved-3534,,,unresolved,,unresolved,,,,unresolved
unresolved-3535,,,unresolved,,unresolved,,,,unresolved
unresolved-3536,,,unresolved,,unresolved,,,,unresolved
unresolved-3537,,,unresolved,,unresolved,,,,unresolved
unresolved-3538,,,unresolved,,unresolved,,,,unresolved
unresolved-3539,,,unresolved,,unresolved,,,,unresolved
unresolved-3540,,,unresolved,,unresolved,,,,unresolved
unresolved-3541,,,unresolved,,unresolved,,,,unresolved
unresolved-3542,,,unresolved,,unresolved,,,,unresolved
unresolved-3543,,,unresolved,,unresolved,,,,unresolved
unresolved-3544,,,unresolved,,unresolved,,,,unresolved
unresolved-3545,,,unresolved,,unresolved,,,,unresolved
unresolved-3546,,,unresolved,,unresolved,,,,unresolved
unresolved-3547,,,unresolved,,unresolved,,,,unresolved
unresolved-3548,,,unresolved,,unresolved,,,,unresolved
unresolved-3549,,,unresolved,,unresolved,,,,unresolved
unresolved-3550,,,unresolved,,unresolved,,,,unresolved
unresolved-3551,,,unresolved,,unresolved,,,,unresolved
unresolved-3552,,,unresolved,,unresolved,,,,unresolved
unresolved-3553,,,unresolved,,unresolved,,,,unresolved
unresolved-3554,,,unresolved,,unresolved,,,,unresolved
unresolved-3555,,,unresolved,,unresolved,,,,unresolved
unresolved-3556,,,unresolved,,unresolved,,,,unresolved
unresolved-3557,,,unresolved,,unresolved,,,,unresolved
unresolved-3558,,,unresolved,,unresolved,,,,unresolved
unresolved-3559,,,unresolved,,unresolved,,,,unresolved
unresolved-3560,,,unresolved,,unresolved,,,,unresolved
unresolved-3561,,,unresolved,,unresolved,,,,unresolved
unresolved-3562,,,unresolved,,unresolved,,,,unresolved
unresolved-3563,,,unresolved,,unresolved,,,,unresolved
unresolved-3564,,,unresolved,,unresolved,,,,unresolved
unresolved-3565,,,unresolved,,unresolved,,,,unresolved
unresolved-3566,,,unresolved,,unresolved,,,,unresolved
unresolved-3567,,,unresolved,,unresolved,,,,unresolved
unresolved-3568,,,unresolved,,unresolved,,,,unresolved
unresolved-3569,,,unresolved,,unresolved,,,,unresolved
unresolved-3570,,,unresolved,,unresolved,,,,unresolved
unresolved-3571,,,unresolved,,unresolved,,,,unresolved
unresolved-3572,,,unresolved,,unresolved,,,,unresolved
unresolved-3573,,,unresolved,,unresolved,,,,unresolved
unresolved-3574,,,unresolved,,unresolved,,,,unresolved
unresolved-3575,,,unresolved,,unresolved,,,,unresolved
unresolved-3576,,,unresolved,,unresolved,,,,unresolved
unresolved-3577,,,unresolved,,unresolved,,,,unresolved
unresolved-3578,,,unresolved,,unresolved,,,,unresolved
unresolved-3579,,,unresolved,,unresolved,,,,unresolved
unresolved-3580,,,unresolved,,unresolved,,,,unresolved
unresolved-3581,,,unresolved,,unresolved,,,,unresolved
unresolved-3582,,,unresolved,,unresolved,,,,unresolved
unresolved-3583,,,unresolved,,unresolved,,,,unresolved
unresolved-3584,,,unresolved,,unresolved,,,,unresolved
unresolved-3585,,,unresolved,,unresolved,,,,unresolved
unresolved-3586,,,unresolved,,unresolved,,,,unresolved
unresolved-3587,,,unresolved,,unresolved,,,,unresolved
unresolved-3588,,,unresolved,,unresolved,,,,unresolved
unresolved-3589,,,unresolved,,unresolved,,,,unresolved
unresolved-3590,,,unresolved,,unresolved,,,,unresolved
unresolved-3591,,,unresolved,,unresolved,,,,unresolved
unresolved-3592,,,unresolved,,unresolved,,,,unresolved
unresolved-3593,,,unresolved,,unresolved,,,,unresolved
unresolved-3594,,,unresolved,,unresolved,,,,unresolved
unresolved-3595,,,unresolved,,unresolved,,,,unresolved
unresolved-3596,,,unresolved,,unresolved,,,,unresolved
unresolved-3597,,,unresolved,,unresolved,,,,unresolved
unresolved-3598,,,unresolved,,unresolved,,,,unresolved
unresolved-3599,,,unresolved,,unresolved,,,,unresolved
unresolved-3600,,,unresolved,,unresolved,,,,unresolved
unresolved-3601,,,unresolved,,unresolved,,,,unresolved
unresolved-3602,,,unresolved,,unresolved,,,,unresolved
unresolved-3603,,,unresolved,,unresolved,,,,unresolved
unresolved-3604,,,unresolved,,unresolved,,,,unresolved
unresolved-3605,,,unresolved,,unresolved,,,,unresolved
unresolved-3606,,,unresolved,,unresolved,,,,unresolved
unresolved-3607,,,unresolved,,unresolved,,,,unresolved
unresolved-3608,,,unresolved,,unresolved,,,,unresolved
unresolved-3609,,,unresolved,,unresolved,,,,unresolved
unresolved-3610,,,unresolved,,unresolved,,,,unresolved
unresolved-3611,,,unresolved,,unresolved,,,,unresolved
unresolved-3612,,,unresolved,,unresolved,,,,unresolved
unresolved-3613,,,unresolved,,unresolved,,,,unresolved
unresolved-3614,,,unresolved,,unresolved,,,,unresolved
unresolved-3615,,,unresolved,,unresolved,,,,unresolved
unresolved-3616,,,unresolved,,unresolved,,,,unresolved
unresolved-3617,,,unresolved,,unresolved,,,,unresolved
unresolved-3618,,,unresolved,,unresolved,,,,unresolved
unresolved-3619,,,unresolved,,unresolved,,,,unresolved
unresolved-3620,,,unresolved,,unresolved,,,,unresolved
unresolved-3621,,,unresolved,,unresolved,,,,unresolved
unresolved-3622,,,unresolved,,unresolved,,,,unresolved
unresolved-3623,,,unresolved,,unresolved,,,,unresolved
unresolved-3624,,,unresolved,,unresolved,,,,unresolved
unresolved-3625,,,unresolved,,unresolved,,,,unresolved
unresolved-3626,,,unresolved,,unresolved,,,,unresolved
unresolved-3627,,,unresolved,,unresolved,,,,unresolved
unresolved-3628,,,unresolved,,unresolved,,,,unresolved
unresolved-3629,,,unresolved,,unresolved,,,,unresolved
unresolved-3630,,,unresolved,,unresolved,,,,unresolved
unresolved-3631,,,unresolved,,unresolved,,,,unresolved
unresolved-3632,,,unresolved,,unresolved,,,,unresolved
unresolved-3633,,,unresolved,,unresolved,,,,unresolved
unresolved-3634,,,unresolved,,unresolved,,,,unresolved
unresolved-3635,,,unresolved,,unresolved,,,,unresolved
unresolved-3636,,,unresolved,,unresolved,,,,unresolved
unresolved-3637,,,unresolved,,unresolved,,,,unresolved
unresolved-3638,,,unresolved,,unresolved,,,,unresolved
unresolved-3639,,,unresolved,,unresolved,,,,unresolved
unresolved-3640,,,unresolved,,unresolved,,,,unresolved
unresolved-3641,,,unresolved,,unresolved,,,,unresolved
unresolved-3642,,,unresolved,,unresolved,,,,unresolved
unresolved-3643,,,unresolved,,unresolved,,,,unresolved
unresolved-3644,,,unresolved,,unresolved,,,,unresolved
unresolved-3645,,,unresolved,,unresolved,,,,unresolved
unresolved-3646,,,unresolved,,unresolved,,,,unresolved
unresolved-3647,,,unresolved,,unresolved,,,,unresolved
unresolved-3648,,,unresolved,,unresolved,,,,unresolved
unresolved-3649,,,unresolved,,unresolved,,,,unresolved
unresolved-3650,,,unresolved,,unresolved,,,,unresolved
unresolved-3651,,,unresolved,,unresolved,,,,unresolved
unresolved-3652,,,unresolved,,unresolved,,,,unresolved
unresolved-3653,,,unresolved,,unresolved,,,,unresolved
unresolved-3654,,,unresolved,,unresolved,,,,unresolved
unresolved-3655,,,unresolved,,unresolved,,,,unresolved
unresolved-3656,,,unresolved,,unresolved,,,,unresolved
unresolved-3657,,,unresolved,,unresolved,,,,unresolved
unresolved-3658,,,unresolved,,unresolved,,,,unresolved
unresolved-3659,,,unresolved,,unresolved,,,,unresolved
unresolved-3660,,,unresolved,,unresolved,,,,unresolved
unresolved-3661,,,unresolved,,unresolved,,,,unresolved
unresolved-3662,,,unresolved,,unresolved,,,,unresolved
unresolved-3663,,,unresolved,,unresolved,,,,unresolved
unresolved-3664,,,unresolved,,unresolved,,,,unresolved
unresolved-3665,,,unresolved,,unresolved,,,,unresolved
unresolved-3666,,,unresolved,,unresolved,,,,unresolved
unresolved-3667,,,unresolved,,unresolved,,,,unresolved
unresolved-3668,,,unresolved,,unresolved,,,,unresolved
unresolved-3669,,,unresolved,,unresolved,,,,unresolved
unresolved-3670,,,unresolved,,unresolved,,,,unresolved
unresolved-3671,,,unresolved,,unresolved,,,,unresolved
unresolved-3672,,,unresolved,,unresolved,,,,unresolved
unresolved-3673,,,unresolved,,unresolved,,,,unresolved
unresolved-3674,,,unresolved,,unresolved,,,,unresolved
unresolved-3675,,,unresolved,,unresolved,,,,unresolved
unresolved-3676,,,unresolved,,unresolved,,,,unresolved
unresolved-3677,,,unresolved,,unresolved,,,,unresolved
unresolved-3678,,,unresolved,,unresolved,,,,unresolved
unresolved-3679,,,unresolved,,unresolved,,,,unresolved
unresolved-3680,,,unresolved,,unresolved,,,,unresolved
unresolved-3681,,,unresolved,,unresolved,,,,unresolved
unresolved-3682,,,unresolved,,unresolved,,,,unresolved
unresolved-3683,,,unresolved,,unresolved,,,,unresolved
unresolved-3684,,,unresolved,,unresolved,,,,unresolved
unresolved-3685,,,unresolved,,unresolved,,,,unresolved
unresolved-3686,,,unresolved,,unresolved,,,,unresolved
unresolved-3687,,,unresolved,,unresolved,,,,unresolved
unresolved-3688,,,unresolved,,unresolved,,,,unresolved
unresolved-3689,,,unresolved,,unresolved,,,,unresolved
unresolved-3690,,,unresolved,,unresolved,,,,unresolved
unresolved-3691,,,unresolved,,unresolved,,,,unresolved
unresolved-3692,,,unresolved,,unresolved,,,,unresolved
unresolved-3693,,,unresolved,,unresolved,,,,unresolved
unresolved-3694,,,unresolved,,unresolved,,,,unresolved
unresolved-3695,,,unresolved,,unresolved,,,,unresolved
unresolved-3696,,,unresolved,,unresolved,,,,unresolved
unresolved-3697,,,unresolved,,unresolved,,,,unresolved
unresolved-3698,,,unresolved,,unresolved,,,,unresolved
unresolved-3699,,,unresolved,,unresolved,,,,unresolved
unresolved-3700,,,unresolved,,unresolved,,,,unresolved
unresolved-3701,,,unresolved,,unresolved,,,,unresolved
unresolved-3702,,,unresolved,,unresolved,,,,unresolved
unresolved-3703,,,unresolved,,unresolved,,,,unresolved
unresolved-3704,,,unresolved,,unresolved,,,,unresolved
unresolved-3705,,,unresolved,,unresolved,,,,unresolved
unresolved-3706,,,unresolved,,unresolved,,,,unresolved
unresolved-3707,,,unresolved,,unresolved,,,,unresolved
unresolved-3708,,,unresolved,,unresolved,,,,unresolved
unresolved-3709,,,unresolved,,unresolved,,,,unresolved
unresolved-3710,,,unresolved,,unresolved,,,,unresolved
unresolved-3711,,,unresolved,,unresolved,,,,unresolved
unresolved-3712,,,unresolved,,unresolved,,,,unresolved
unresolved-3713,,,unresolved,,unresolved,,,,unresolved
unresolved-3714,,,unresolved,,unresolved,,,,unresolved
unresolved-3715,,,unresolved,,unresolved,,,,unresolved
unresolved-3716,,,unresolved,,unresolved,,,,unresolved
unresolved-3717,,,unresolved,,unresolved,,,,unresolved
unresolved-3718,,,unresolved,,unresolved,,,,unresolved
unresolved-3719,,,unresolved,,unresolved,,,,unresolved
unresolved-3720,,,unresolved,,unresolved,,,,unresolved
unresolved-3721,,,unresolved,,unresolved,,,,unresolved
unresolved-3722,,,unresolved,,unresolved,,,,unresolved
unresolved-3723,,,unresolved,,unresolved,,,,unresolved
unresolved-3724,,,unresolved,,unresolved,,,,unresolved
unresolved-3725,,,unresolved,,unresolved,,,,unresolved
unresolved-3726,,,unresolved,,unresolved,,,,unresolved
unresolved-3727,,,unresolved,,unresolved,,,,unresolved
unresolved-3728,,,unresolved,,unresolved,,,,unresolved
unresolved-3729,,,unresolved,,unresolved,,,,unresolved
unresolved-3730,,,unresolved,,unresolved,,,,unresolved
unresolved-3731,,,unresolved,,unresolved,,,,unresolved
unresolved-3732,,,unresolved,,unresolved,,,,unresolved
unresolved-3733,,,unresolved,,unresolved,,,,unresolved
unresolved-3734,,,unresolved,,unresolved,,,,unresolved
unresolved-3735,,,unresolved,,unresolved,,,,unresolved
unresolved-3736,,,unresolved,,unresolved,,,,unresolved
unresolved-3737,,,unresolved,,unresolved,,,,unresolved
unresolved-3738,,,unresolved,,unresolved,,,,unresolved
unresolved-3739,,,unresolved,,unresolved,,,,unresolved
unresolved-3740,,,unresolved,,unresolved,,,,unresolved
unresolved-3741,,,unresolved,,unresolved,,,,unresolved
unresolved-3742,,,unresolved,,unresolved,,,,unresolved
unresolved-3743,,,unresolved,,unresolved,,,,unresolved
unresolved-3744,,,unresolved,,unresolved,,,,unresolved
unresolved-3745,,,unresolved,,unresolved,,,,unresolved
unresolved-3746,,,unresolved,,unresolved,,,,unresolved
unresolved-3747,,,unresolved,,unresolved,,,,unresolved
unresolved-3748,,,unresolved,,unresolved,,,,unresolved
unresolved-3749,,,unresolved,,unresolved,,,,unresolved
unresolved-3750,,,unresolved,,unresolved,,,,unresolved
unresolved-3751,,,unresolved,,unresolved,,,,unresolved
unresolved-3752,,,unresolved,,unresolved,,,,unresolved
unresolved-3753,,,unresolved,,unresolved,,,,unresolved
unresolved-3754,,,unresolved,,unresolved,,,,unresolved
unresolved-3755,,,unresolved,,unresolved,,,,unresolved
unresolved-3756,,,unresolved,,unresolved,,,,unresolved
unresolved-3757,,,unresolved,,unresolved,,,,unresolved
unresolved-3758,,,unresolved,,unresolved,,,,unresolved
unresolved-3759,,,unresolved,,unresolved,,,,unresolved
unresolved-3760,,,unresolved,,unresolved,,,,unresolved
unresolved-3761,,,unresolved,,unresolved,,,,unresolved
unresolved-3762,,,unresolved,,unresolved,,,,unresolved
unresolved-3763,,,unresolved,,unresolved,,,,unresolved
unresolved-3764,,,unresolved,,unresolved,,,,unresolved
unresolved-3765,,,unresolved,,unresolved,,,,unresolved
unresolved-3766,,,unresolved,,unresolved,,,,unresolved
unresolved-3767,,,unresolved,,unresolved,,,,unresolved
unresolved-3768,,,unresolved,,unresolved,,,,unresolved
unresolved-3769,,,unresolved,,unresolved,,,,unresolved
unresolved-3770,,,unresolved,,unresolved,,,,unresolved
unresolved-3771,,,unresolved,,unresolved,,,,unresolved
unresolved-3772,,,unresolved,,unresolved,,,,unresolved
unresolved-3773,,,unresolved,,unresolved,,,,unresolved
unresolved-3774,,,unresolved,,unresolved,,,,unresolved
unresolved-3775,,,unresolved,,unresolved,,,,unresolved
unresolved-3776,,,unresolved,,unresolved,,,,unresolved
unresolved-3777,,,unresolved,,unresolved,,,,unresolved
unresolved-3778,,,unresolved,,unresolved,,,,unresolved
unresolved-3779,,,unresolved,,unresolved,,,,unresolved
unresolved-3780,,,unresolved,,unresolved,,,,unresolved
unresolved-3781,,,unresolved,,unresolved,,,,unresolved
unresolved-3782,,,unresolved,,unresolved,,,,unresolved
unresolved-3783,,,unresolved,,unresolved,,,,unresolved
unresolved-3784,,,unresolved,,unresolved,,,,unresolved
unresolved-3785,,,unresolved,,unresolved,,,,unresolved
unresolved-3786,,,unresolved,,unresolved,,,,unresolved
unresolved-3787,,,unresolved,,unresolved,,,,unresolved
unresolved-3788,,,unresolved,,unresolved,,,,unresolved
unresolved-3789,,,unresolved,,unresolved,,,,unresolved
unresolved-3790,,,unresolved,,unresolved,,,,unresolved
unresolved-3791,,,unresolved,,unresolved,,,,unresolved
unresolved-3792,,,unresolved,,unresolved,,,,unresolved
unresolved-3793,,,unresolved,,unresolved,,,,unresolved
unresolved-3794,,,unresolved,,unresolved,,,,unresolved
unresolved-3795,,,unresolved,,unresolved,,,,unresolved
unresolved-3796,,,unresolved,,unresolved,,,,unresolved
unresolved-3797,,,unresolved,,unresolved,,,,unresolved
unresolved-3798,,,unresolved,,unresolved,,,,unresolved
unresolved-3799,,,unresolved,,unresolved,,,,unresolved
unresolved-3800,,,unresolved,,unresolved,,,,unresolved
unresolved-3801,,,unresolved,,unresolved,,,,unresolved
unresolved-3802,,,unresolved,,unresolved,,,,unresolved
unresolved-3803,,,unresolved,,unresolved,,,,unresolved
unresolved-3804,,,unresolved,,unresolved,,,,unresolved
unresolved-3805,,,unresolved,,unresolved,,,,unresolved
unresolved-3806,,,unresolved,,unresolved,,,,unresolved
unresolved-3807,,,unresolved,,unresolved,,,,unresolved
unresolved-3808,,,unresolved,,unresolved,,,,unresolved
unresolved-3809,,,unresolved,,unresolved,,,,unresolved
unresolved-3810,,,unresolved,,unresolved,,,,unresolved
unresolved-3811,,,unresolved,,unresolved,,,,unresolved
unresolved-3812,,,unresolved,,unresolved,,,,unresolved
unresolved-3813,,,unresolved,,unresolved,,,,unresolved
unresolved-3814,,,unresolved,,unresolved,,,,unresolved
unresolved-3815,,,unresolved,,unresolved,,,,unresolved
unresolved-3816,,,unresolved,,unresolved,,,,unresolved
unresolved-3817,,,unresolved,,unresolved,,,,unresolved
unresolved-3818,,,unresolved,,unresolved,,,,unresolved
unresolved-3819,,,unresolved,,unresolved,,,,unresolved
unresolved-3820,,,unresolved,,unresolved,,,,unresolved
unresolved-3821,,,unresolved,,unresolved,,,,unresolved
unresolved-3822,,,unresolved,,unresolved,,,,unresolved
unresolved-3823,,,unresolved,,unresolved,,,,unresolved
unresolved-3824,,,unresolved,,unresolved,,,,unresolved
unresolved-3825,,,unresolved,,unresolved,,,,unresolved
unresolved-3826,,,unresolved,,unresolved,,,,unresolved
unresolved-3827,,,unresolved,,unresolved,,,,unresolved
unresolved-3828,,,unresolved,,unresolved,,,,unresolved
unresolved-3829,,,unresolved,,unresolved,,,,unresolved
unresolved-3830,,,unresolved,,unresolved,,,,unresolved
unresolved-3831,,,unresolved,,unresolved,,,,unresolved
unresolved-3832,,,unresolved,,unresolved,,,,unresolved
unresolved-3833,,,unresolved,,unresolved,,,,unresolved
unresolved-3834,,,unresolved,,unresolved,,,,unresolved
unresolved-3835,,,unresolved,,unresolved,,,,unresolved
unresolved-3836,,,unresolved,,unresolved,,,,unresolved
unresolved-3837,,,unresolved,,unresolved,,,,unresolved
unresolved-3838,,,unresolved,,unresolved,,,,unresolved
unresolved-3839,,,unresolved,,unresolved,,,,unresolved
unresolved-3840,,,unresolved,,unresolved,,,,unresolved
unresolved-3841,,,unresolved,,unresolved,,,,unresolved
unresolved-3842,,,unresolved,,unresolved,,,,unresolved
unresolved-3843,,,unresolved,,unresolved,,,,unresolved
unresolved-3844,,,unresolved,,unresolved,,,,unresolved
unresolved-3845,,,unresolved,,unresolved,,,,unresolved
unresolved-3846,,,unresolved,,unresolved,,,,unresolved
unresolved-3847,,,unresolved,,unresolved,,,,unresolved
unresolved-3848,,,unresolved,,unresolved,,,,unresolved
unresolved-3849,,,unresolved,,unresolved,,,,unresolved
unresolved-3850,,,unresolved,,unresolved,,,,unresolved
unresolved-3851,,,unresolved,,unresolved,,,,unresolved
unresolved-3852,,,unresolved,,unresolved,,,,unresolved
unresolved-3853,,,unresolved,,unresolved,,,,unresolved
unresolved-3854,,,unresolved,,unresolved,,,,unresolved
unresolved-3855,,,unresolved,,unresolved,,,,unresolved
unresolved-3856,,,unresolved,,unresolved,,,,unresolved
unresolved-3857,,,unresolved,,unresolved,,,,unresolved
unresolved-3858,,,unresolved,,unresolved,,,,unresolved
unresolved-3859,,,unresolved,,unresolved,,,,unresolved
unresolved-3860,,,unresolved,,unresolved,,,,unresolved
unresolved-3861,,,unresolved,,unresolved,,,,unresolved
unresolved-3862,,,unresolved,,unresolved,,,,unresolved
unresolved-3863,,,unresolved,,unresolved,,,,unresolved
unresolved-3864,,,unresolved,,unresolved,,,,unresolved
unresolved-3865,,,unresolved,,unresolved,,,,unresolved
unresolved-3866,,,unresolved,,unresolved,,,,unresolved
unresolved-3867,,,unresolved,,unresolved,,,,unresolved
unresolved-3868,,,unresolved,,unresolved,,,,unresolved
unresolved-3869,,,unresolved,,unresolved,,,,unresolved
unresolved-3870,,,unresolved,,unresolved,,,,unresolved
unresolved-3871,,,unresolved,,unresolved,,,,unresolved
unresolved-3872,,,unresolved,,unresolved,,,,unresolved
unresolved-3873,,,unresolved,,unresolved,,,,unresolved
unresolved-3874,,,unresolved,,unresolved,,,,unresolved
unresolved-3875,,,unresolved,,unresolved,,,,unresolved
unresolved-3876,,,unresolved,,unresolved,,,,unresolved
unresolved-3877,,,unresolved,,unresolved,,,,unresolved
unresolved-3878,,,unresolved,,unresolved,,,,unresolved
unresolved-3879,,,unresolved,,unresolved,,,,unresolved
unresolved-3880,,,unresolved,,unresolved,,,,unresolved
unresolved-3881,,,unresolved,,unresolved,,,,unresolved
unresolved-3882,,,unresolved,,unresolved,,,,unresolved
unresolved-3883,,,unresolved,,unresolved,,,,unresolved
unresolved-3884,,,unresolved,,unresolved,,,,unresolved
unresolved-3885,,,unresolved,,unresolved,,,,unresolved
unresolved-3886,,,unresolved,,unresolved,,,,unresolved
unresolved-3887,,,unresolved,,unresolved,,,,unresolved
unresolved-3888,,,unresolved,,unresolved,,,,unresolved
unresolved-3889,,,unresolved,,unresolved,,,,unresolved
unresolved-3890,,,unresolved,,unresolved,,,,unresolved
unresolved-3891,,,unresolved,,unresolved,,,,unresolved
unresolved-3892,,,unresolved,,unresolved,,,,unresolved
unresolved-3893,,,unresolved,,unresolved,,,,unresolved
unresolved-3894,,,unresolved,,unresolved,,,,unresolved
unresolved-3895,,,unresolved,,unresolved,,,,unresolved
unresolved-3896,,,unresolved,,unresolved,,,,unresolved
unresolved-3897,,,unresolved,,unresolved,,,,unresolved
unresolved-3898,,,unresolved,,unresolved,,,,unresolved
unresolved-3899,,,unresolved,,unresolved,,,,unresolved
unresolved-3900,,,unresolved,,unresolved,,,,unresolved
unresolved-3901,,,unresolved,,unresolved,,,,unresolved
unresolved-3902,,,unresolved,,unresolved,,,,unresolved
unresolved-3903,,,unresolved,,unresolved,,,,unresolved
unresolved-3904,,,unresolved,,unresolved,,,,unresolved
unresolved-3905,,,unresolved,,unresolved,,,,unresolved
unresolved-3906,,,unresolved,,unresolved,,,,unresolved
unresolved-3907,,,unresolved,,unresolved,,,,unresolved
unresolved-3908,,,unresolved,,unresolved,,,,unresolved
unresolved-3909,,,unresolved,,unresolved,,,,unresolved
unresolved-3910,,,unresolved,,unresolved,,,,unresolved
unresolved-3911,,,unresolved,,unresolved,,,,unresolved
unresolved-3912,,,unresolved,,unresolved,,,,unresolved
unresolved-3913,,,unresolved,,unresolved,,,,unresolved
unresolved-3914,,,unresolved,,unresolved,,,,unresolved
unresolved-3915,,,unresolved,,unresolved,,,,unresolved
unresolved-3916,,,unresolved,,unresolved,,,,unresolved
unresolved-3917,,,unresolved,,unresolved,,,,unresolved
unresolved-3918,,,unresolved,,unresolved,,,,unresolved
unresolved-3919,,,unresolved,,unresolved,,,,unresolved
unresolved-3920,,,unresolved,,unresolved,,,,unresolved
unresolved-3921,,,unresolved,,unresolved,,,,unresolved
unresolved-3922,,,unresolved,,unresolved,,,,unresolved
unresolved-3923,,,unresolved,,unresolved,,,,unresolved
unresolved-3924,,,unresolved,,unresolved,,,,unresolved
unresolved-3925,,,unresolved,,unresolved,,,,unresolved
unresolved-3926,,,unresolved,,unresolved,,,,unresolved
unresolved-3927,,,unresolved,,unresolved,,,,unresolved
unresolved-3928,,,unresolved,,unresolved,,,,unresolved
unresolved-3929,,,unresolved,,unresolved,,,,unresolved
unresolved-3930,,,unresolved,,unresolved,,,,unresolved
unresolved-3931,,,unresolved,,unresolved,,,,unresolved
unresolved-3932,,,unresolved,,unresolved,,,,unresolved
unresolved-3933,,,unresolved,,unresolved,,,,unresolved
unresolved-3934,,,unresolved,,unresolved,,,,unresolved
unresolved-3935,,,unresolved,,unresolved,,,,unresolved
unresolved-3936,,,unresolved,,unresolved,,,,unresolved
unresolved-3937,,,unresolved,,unresolved,,,,unresolved
unresolved-3938,,,unresolved,,unresolved,,,,unresolved
unresolved-3939,,,unresolved,,unresolved,,,,unresolved
unresolved-3940,,,unresolved,,unresolved,,,,unresolved
unresolved-3941,,,unresolved,,unresolved,,,,unresolved
unresolved-3942,,,unresolved,,unresolved,,,,unresolved
unresolved-3943,,,unresolved,,unresolved,,,,unresolved
unresolved-3944,,,unresolved,,unresolved,,,,unresolved
unresolved-3945,,,unresolved,,unresolved,,,,unresolved
unresolved-3946,,,unresolved,,unresolved,,,,unresolved
unresolved-3947,,,unresolved,,unresolved,,,,unresolved
unresolved-3948,,,unresolved,,unresolved,,,,unresolved
unresolved-3949,,,unresolved,,unresolved,,,,unresolved
unresolved-3950,,,unresolved,,unresolved,,,,unresolved
unresolved-3951,,,unresolved,,unresolved,,,,unresolved
unresolved-3952,,,unresolved,,unresolved,,,,unresolved
unresolved-3953,,,unresolved,,unresolved,,,,unresolved
unresolved-3954,,,unresolved,,unresolved,,,,unresolved
unresolved-3955,,,unresolved,,unresolved,,,,unresolved
unresolved-3956,,,unresolved,,unresolved,,,,unresolved
unresolved-3957,,,unresolved,,unresolved,,,,unresolved
unresolved-3958,,,unresolved,,unresolved,,,,unresolved
unresolved-3959,,,unresolved,,unresolved,,,,unresolved
unresolved-3960,,,unresolved,,unresolved,,,,unresolved
unresolved-3961,,,unresolved,,unresolved,,,,unresolved
unresolved-3962,,,unresolved,,unresolved,,,,unresolved
unresolved-3963,,,unresolved,,unresolved,,,,unresolved
unresolved-3964,,,unresolved,,unresolved,,,,unresolved
unresolved-3965,,,unresolved,,unresolved,,,,unresolved
unresolved-3966,,,unresolved,,unresolved,,,,unresolved
unresolved-3967,,,unresolved,,unresolved,,,,unresolved
unresolved-3968,,,unresolved,,unresolved,,,,unresolved
unresolved-3969,,,unresolved,,unresolved,,,,unresolved
unresolved-3970,,,unresolved,,unresolved,,,,unresolved
unresolved-3971,,,unresolved,,unresolved,,,,unresolved
unresolved-3972,,,unresolved,,unresolved,,,,unresolved
unresolved-3973,,,unresolved,,unresolved,,,,unresolved
unresolved-3974,,,unresolved,,unresolved,,,,unresolved
unresolved-3975,,,unresolved,,unresolved,,,,unresolved
unresolved-3976,,,unresolved,,unresolved,,,,unresolved
unresolved-3977,,,unresolved,,unresolved,,,,unresolved
unresolved-3978,,,unresolved,,unresolved,,,,unresolved
unresolved-3979,,,unresolved,,unresolved,,,,unresolved
unresolved-3980,,,unresolved,,unresolved,,,,unresolved
unresolved-3981,,,unresolved,,unresolved,,,,unresolved
unresolved-3982,,,unresolved,,unresolved,,,,unresolved
unresolved-3983,,,unresolved,,unresolved,,,,unresolved
unresolved-3984,,,unresolved,,unresolved,,,,unresolved
unresolved-3985,,,unresolved,,unresolved,,,,unresolved
unresolved-3986,,,unresolved,,unresolved,,,,unresolved
unresolved-3987,,,unresolved,,unresolved,,,,unresolved
unresolved-3988,,,unresolved,,unresolved,,,,unresolved
unresolved-3989,,,unresolved,,unresolved,,,,unresolved
unresolved-3990,,,unresolved,,unresolved,,,,unresolved
unresolved-3991,,,unresolved,,unresolved,,,,unresolved
unresolved-3992,,,unresolved,,unresolved,,,,unresolved
unresolved-3993,,,unresolved,,unresolved,,,,unresolved
unresolved-3994,,,unresolved,,unresolved,,,,unresolved
unresolved-3995,,,unresolved,,unresolved,,,,unresolved
unresolved-3996,,,unresolved,,unresolved,,,,unresolved
unresolved-3997,,,unresolved,,unresolved,,,,unresolved
unresolved-3998,,,unresolved,,unresolved,,,,unresolved
unresolved-3999,,,unresolved,,unresolved,,,,unresolved
unresolved-4000,,,unresolved,,unresolved,,,,unresolved
unresolved-4001,,,unresolved,,unresolved,,,,unresolved
unresolved-4002,,,unresolved,,unresolved,,,,unresolved
unresolved-4003,,,unresolved,,unresolved,,,,unresolved
unresolved-4004,,,unresolved,,unresolved,,,,unresolved
unresolved-4005,,,unresolved,,unresolved,,,,unresolved
unresolved-4006,,,unresolved,,unresolved,,,,unresolved
unresolved-4007,,,unresolved,,unresolved,,,,unresolved
unresolved-4008,,,unresolved,,unresolved,,,,unresolved
unresolved-4009,,,unresolved,,unresolved,,,,unresolved
unresolved-4010,,,unresolved,,unresolved,,,,unresolved
unresolved-4011,,,unresolved,,unresolved,,,,unresolved
unresolved-4012,,,unresolved,,unresolved,,,,unresolved
unresolved-4013,,,unresolved,,unresolved,,,,unresolved
unresolved-4014,,,unresolved,,unresolved,,,,unresolved
unresolved-4015,,,unresolved,,unresolved,,,,unresolved
unresolved-4016,,,unresolved,,unresolved,,,,unresolved
unresolved-4017,,,unresolved,,unresolved,,,,unresolved
unresolved-4018,,,unresolved,,unresolved,,,,unresolved
unresolved-4019,,,unresolved,,unresolved,,,,unresolved
unresolved-4020,,,unresolved,,unresolved,,,,unresolved
unresolved-4021,,,unresolved,,unresolved,,,,unresolved
unresolved-4022,,,unresolved,,unresolved,,,,unresolved
unresolved-4023,,,unresolved,,unresolved,,,,unresolved
unresolved-4024,,,unresolved,,unresolved,,,,unresolved
unresolved-4025,,,unresolved,,unresolved,,,,unresolved
unresolved-4026,,,unresolved,,unresolved,,,,unresolved
unresolved-4027,,,unresolved,,unresolved,,,,unresolved
unresolved-4028,,,unresolved,,unresolved,,,,unresolved
unresolved-4029,,,unresolved,,unresolved,,,,unresolved
unresolved-4030,,,unresolved,,unresolved,,,,unresolved
unresolved-4031,,,unresolved,,unresolved,,,,unresolved
unresolved-4032,,,unresolved,,unresolved,,,,unresolved
unresolved-4033,,,unresolved,,unresolved,,,,unresolved
unresolved-4034,,,unresolved,,unresolved,,,,unresolved
unresolved-4035,,,unresolved,,unresolved,,,,unresolved
unresolved-4036,,,unresolved,,unresolved,,,,unresolved
unresolved-4037,,,unresolved,,unresolved,,,,unresolved
unresolved-4038,,,unresolved,,unresolved,,,,unresolved
unresolved-4039,,,unresolved,,unresolved,,,,unresolved
unresolved-4040,,,unresolved,,unresolved,,,,unresolved
unresolved-4041,,,unresolved,,unresolved,,,,unresolved
unresolved-4042,,,unresolved,,unresolved,,,,unresolved
unresolved-4043,,,unresolved,,unresolved,,,,unresolved
unresolved-4044,,,unresolved,,unresolved,,,,unresolved
unresolved-4045,,,unresolved,,unresolved,,,,unresolved
unresolved-4046,,,unresolved,,unresolved,,,,unresolved
unresolved-4047,,,unresolved,,unresolved,,,,unresolved
unresolved-4048,,,unresolved,,unresolved,,,,unresolved
unresolved-4049,,,unresolved,,unresolved,,,,unresolved
unresolved-4050,,,unresolved,,unresolved,,,,unresolved
unresolved-4051,,,unresolved,,unresolved,,,,unresolved
unresolved-4052,,,unresolved,,unresolved,,,,unresolved
unresolved-4053,,,unresolved,,unresolved,,,,unresolved
unresolved-4054,,,unresolved,,unresolved,,,,unresolved
unresolved-4055,,,unresolved,,unresolved,,,,unresolved
unresolved-4056,,,unresolved,,unresolved,,,,unresolved
unresolved-4057,,,unresolved,,unresolved,,,,unresolved
unresolved-4058,,,unresolved,,unresolved,,,,unresolved
unresolved-4059,,,unresolved,,unresolved,,,,unresolved
unresolved-4060,,,unresolved,,unresolved,,,,unresolved
unresolved-4061,,,unresolved,,unresolved,,,,unresolved
unresolved-4062,,,unresolved,,unresolved,,,,unresolved
unresolved-4063,,,unresolved,,unresolved,,,,unresolved
unresolved-4064,,,unresolved,,unresolved,,,,unresolved
unresolved-4065,,,unresolved,,unresolved,,,,unresolved
unresolved-4066,,,unresolved,,unresolved,,,,unresolved
unresolved-4067,,,unresolved,,unresolved,,,,unresolved
unresolved-4068,,,unresolved,,unresolved,,,,unresolved
unresolved-4069,,,unresolved,,unresolved,,,,unresolved
unresolved-4070,,,unresolved,,unresolved,,,,unresolved
unresolved-4071,,,unresolved,,unresolved,,,,unresolved
unresolved-4072,,,unresolved,,unresolved,,,,unresolved
unresolved-4073,,,unresolved,,unresolved,,,,unresolved
unresolved-4074,,,unresolved,,unresolved,,,,unresolved
unresolved-4075,,,unresolved,,unresolved,,,,unresolved
unresolved-4076,,,unresolved,,unresolved,,,,unresolved
unresolved-4077,,,unresolved,,unresolved,,,,unresolved
unresolved-4078,,,unresolved,,unresolved,,,,unresolved
unresolved-4079,,,unresolved,,unresolved,,,,unresolved
unresolved-4080,,,unresolved,,unresolved,,,,unresolved
unresolved-4081,,,unresolved,,unresolved,,,,unresolved
unresolved-4082,,,unresolved,,unresolved,,,,unresolved
unresolved-4083,,,unresolved,,unresolved,,,,unresolved
unresolved-4084,,,unresolved,,unresolved,,,,unresolved
unresolved-4085,,,unresolved,,unresolved,,,,unresolved
unresolved-4086,,,unresolved,,unresolved,,,,unresolved
unresolved-4087,,,unresolved,,unresolved,,,,unresolved
unresolved-4088,,,unresolved,,unresolved,,,,unresolved
unresolved-4089,,,unresolved,,unresolved,,,,unresolved
unresolved-4090,,,unresolved,,unresolved,,,,unresolved
unresolved-4091,,,unresolved,,unresolved,,,,unresolved
unresolved-4092,,,unresolved,,unresolved,,,,unresolved
unresolved-4093,,,unresolved,,unresolved,,,,unresolved
unresolved-4094,,,unresolved,,unresolved,,,,unresolved
unresolved-4095,,,unresolved,,unresolved,,,,unresolved
unresolved-4096,,,unresolved,,unresolved,,,,unresolved
unresolved-4097,,,unresolved,,unresolved,,,,unresolved
unresolved-4098,,,unresolved,,unresolved,,,,unresolved
unresolved-4099,,,unresolved,,unresolved,,,,unresolved
unresolved-4100,,,unresolved,,unresolved,,,,unresolved
unresolved-4101,,,unresolved,,unresolved,,,,unresolved
unresolved-4102,,,unresolved,,unresolved,,,,unresolved
unresolved-4103,,,unresolved,,unresolved,,,,unresolved
unresolved-4104,,,unresolved,,unresolved,,,,unresolved
unresolved-4105,,,unresolved,,unresolved,,,,unresolved
unresolved-4106,,,unresolved,,unresolved,,,,unresolved
unresolved-4107,,,unresolved,,unresolved,,,,unresolved
unresolved-4108,,,unresolved,,unresolved,,,,unresolved
unresolved-4109,,,unresolved,,unresolved,,,,unresolved
unresolved-4110,,,unresolved,,unresolved,,,,unresolved
unresolved-4111,,,unresolved,,unresolved,,,,unresolved
unresolved-4112,,,unresolved,,unresolved,,,,unresolved
unresolved-4113,,,unresolved,,unresolved,,,,unresolved
unresolved-4114,,,unresolved,,unresolved,,,,unresolved
unresolved-4115,,,unresolved,,unresolved,,,,unresolved
unresolved-4116,,,unresolved,,unresolved,,,,unresolved
unresolved-4117,,,unresolved,,unresolved,,,,unresolved
unresolved-4118,,,unresolved,,unresolved,,,,unresolved
unresolved-4119,,,unresolved,,unresolved,,,,unresolved
unresolved-4120,,,unresolved,,unresolved,,,,unresolved
unresolved-4121,,,unresolved,,unresolved,,,,unresolved
unresolved-4122,,,unresolved,,unresolved,,,,unresolved
unresolved-4123,,,unresolved,,unresolved,,,,unresolved
unresolved-4124,,,unresolved,,unresolved,,,,unresolved
unresolved-4125,,,unresolved,,unresolved,,,,unresolved
unresolved-4126,,,unresolved,,unresolved,,,,unresolved
unresolved-4127,,,unresolved,,unresolved,,,,unresolved
unresolved-4128,,,unresolved,,unresolved,,,,unresolved
unresolved-4129,,,unresolved,,unresolved,,,,unresolved
unresolved-4130,,,unresolved,,unresolved,,,,unresolved
unresolved-4131,,,unresolved,,unresolved,,,,unresolved
unresolved-4132,,,unresolved,,unresolved,,,,unresolved
unresolved-4133,,,unresolved,,unresolved,,,,unresolved
unresolved-4134,,,unresolved,,unresolved,,,,unresolved
unresolved-4135,,,unresolved,,unresolved,,,,unresolved
unresolved-4136,,,unresolved,,unresolved,,,,unresolved
unresolved-4137,,,unresolved,,unresolved,,,,unresolved
unresolved-4138,,,unresolved,,unresolved,,,,unresolved
unresolved-4139,,,unresolved,,unresolved,,,,unresolved
unresolved-4140,,,unresolved,,unresolved,,,,unresolved
unresolved-4141,,,unresolved,,unresolved,,,,unresolved
unresolved-4142,,,unresolved,,unresolved,,,,unresolved
unresolved-4143,,,unresolved,,unresolved,,,,unresolved
unresolved-4144,,,unresolved,,unresolved,,,,unresolved
unresolved-4145,,,unresolved,,unresolved,,,,unresolved
unresolved-4146,,,unresolved,,unresolved,,,,unresolved
unresolved-4147,,,unresolved,,unresolved,,,,unresolved
unresolved-4148,,,unresolved,,unresolved,,,,unresolved
unresolved-4149,,,unresolved,,unresolved,,,,unresolved
unresolved-4150,,,unresolved,,unresolved,,,,unresolved
unresolved-4151,,,unresolved,,unresolved,,,,unresolved
unresolved-4152,,,unresolved,,unresolved,,,,unresolved
unresolved-4153,,,unresolved,,unresolved,,,,unresolved
unresolved-4154,,,unresolved,,unresolved,,,,unresolved
unresolved-4155,,,unresolved,,unresolved,,,,unresolved
unresolved-4156,,,unresolved,,unresolved,,,,unresolved
unresolved-4157,,,unresolved,,unresolved,,,,unresolved
unresolved-4158,,,unresolved,,unresolved,,,,unresolved
unresolved-4159,,,unresolved,,unresolved,,,,unresolved
unresolved-4160,,,unresolved,,unresolved,,,,unresolved
unresolved-4161,,,unresolved,,unresolved,,,,unresolved
unresolved-4162,,,unresolved,,unresolved,,,,unresolved
unresolved-4163,,,unresolved,,unresolved,,,,unresolved
unresolved-4164,,,unresolved,,unresolved,,,,unresolved
unresolved-4165,,,unresolved,,unresolved,,,,unresolved
unresolved-4166,,,unresolved,,unresolved,,,,unresolved
unresolved-4167,,,unresolved,,unresolved,,,,unresolved
unresolved-4168,,,unresolved,,unresolved,,,,unresolved
unresolved-4169,,,unresolved,,unresolved,,,,unresolved
unresolved-4170,,,unresolved,,unresolved,,,,unresolved
unresolved-4171,,,unresolved,,unresolved,,,,unresolved
unresolved-4172,,,unresolved,,unresolved,,,,unresolved
unresolved-4173,,,unresolved,,unresolved,,,,unresolved
unresolved-4174,,,unresolved,,unresolved,,,,unresolved
unresolved-4175,,,unresolved,,unresolved,,,,unresolved
unresolved-4176,,,unresolved,,unresolved,,,,unresolved
unresolved-4177,,,unresolved,,unresolved,,,,unresolved
unresolved-4178,,,unresolved,,unresolved,,,,unresolved
unresolved-4179,,,unresolved,,unresolved,,,,unresolved
unresolved-4180,,,unresolved,,unresolved,,,,unresolved
unresolved-4181,,,unresolved,,unresolved,,,,unresolved
unresolved-4182,,,unresolved,,unresolved,,,,unresolved
unresolved-4183,,,unresolved,,unresolved,,,,unresolved
unresolved-4184,,,unresolved,,unresolved,,,,unresolved
unresolved-4185,,,unresolved,,unresolved,,,,unresolved
unresolved-4186,,,unresolved,,unresolved,,,,unresolved
unresolved-4187,,,unresolved,,unresolved,,,,unresolved
unresolved-4188,,,unresolved,,unresolved,,,,unresolved
unresolved-4189,,,unresolved,,unresolved,,,,unresolved
unresolved-4190,,,unresolved,,unresolved,,,,unresolved
unresolved-4191,,,unresolved,,unresolved,,,,unresolved
unresolved-4192,,,unresolved,,unresolved,,,,unresolved
unresolved-4193,,,unresolved,,unresolved,,,,unresolved
unresolved-4194,,,unresolved,,unresolved,,,,unresolved
unresolved-4195,,,unresolved,,unresolved,,,,unresolved
unresolved-4196,,,unresolved,,unresolved,,,,unresolved
unresolved-4197,,,unresolved,,unresolved,,,,unresolved
unresolved-4198,,,unresolved,,unresolved,,,,unresolved
unresolved-4199,,,unresolved,,unresolved,,,,unresolved
unresolved-4200,,,unresolved,,unresolved,,,,unresolved
unresolved-4201,,,unresolved,,unresolved,,,,unresolved
unresolved-4202,,,unresolved,,unresolved,,,,unresolved
unresolved-4203,,,unresolved,,unresolved,,,,unresolved
unresolved-4204,,,unresolved,,unresolved,,,,unresolved
unresolved-4205,,,unresolved,,unresolved,,,,unresolved
unresolved-4206,,,unresolved,,unresolved,,,,unresolved
unresolved-4207,,,unresolved,,unresolved,,,,unresolved
unresolved-4208,,,unresolved,,unresolved,,,,unresolved
unresolved-4209,,,unresolved,,unresolved,,,,unresolved
unresolved-4210,,,unresolved,,unresolved,,,,unresolved
unresolved-4211,,,unresolved,,unresolved,,,,unresolved
unresolved-4212,,,unresolved,,unresolved,,,,unresolved
unresolved-4213,,,unresolved,,unresolved,,,,unresolved
unresolved-4214,,,unresolved,,unresolved,,,,unresolved
unresolved-4215,,,unresolved,,unresolved,,,,unresolved
unresolved-4216,,,unresolved,,unresolved,,,,unresolved
unresolved-4217,,,unresolved,,unresolved,,,,unresolved
unresolved-4218,,,unresolved,,unresolved,,,,unresolved
unresolved-4219,,,unresolved,,unresolved,,,,unresolved
unresolved-4220,,,unresolved,,unresolved,,,,unresolved
unresolved-4221,,,unresolved,,unresolved,,,,unresolved
unresolved-4222,,,unresolved,,unresolved,,,,unresolved
unresolved-4223,,,unresolved,,unresolved,,,,unresolved
unresolved-4224,,,unresolved,,unresolved,,,,unresolved
unresolved-4225,,,unresolved,,unresolved,,,,unresolved
unresolved-4226,,,unresolved,,unresolved,,,,unresolved
unresolved-4227,,,unresolved,,unresolved,,,,unresolved
unresolved-4228,,,unresolved,,unresolved,,,,unresolved
unresolved-4229,,,unresolved,,unresolved,,,,unresolved
unresolved-4230,,,unresolved,,unresolved,,,,unresolved
unresolved-4231,,,unresolved,,unresolved,,,,unresolved
unresolved-4232,,,unresolved,,unresolved,,,,unresolved
